HIP100013	https://bldata.berkeley.edu/pipeline/AGBT16B_999_51/holding/spliced_blc0001020304050607_guppi_57683_86318_HIP100013_0058.gpuspec.0002.h5
HIP100014	https://bldata.berkeley.edu/pipeline/AGBT16A_999_233/holding/spliced_blc0001020304050607_guppi_57574_25310_HIP100014_0010.gpuspec.0002.h5
HIP100019	https://bldata.berkeley.edu/pipeline/AGBT16B_999_108/holding/spliced_blc0001020304050607_guppi_57755_02940_HIP100019_0049.gpuspec.0002.h5
HIP100020	https://bldata.berkeley.edu/pipeline/AGBT16B_999_45/holding/spliced_blc0001020304050607_guppi_57677_00096_HIP100020_0052.gpuspec.0002.h5
HIP100021	https://bldata.berkeley.edu/pipeline/AGBT16B_999_45/holding/spliced_blc0001020304050607_guppi_57677_00823_HIP100021_0054.gpuspec.0002.h5
HIP100034	https://bldata.berkeley.edu/pipeline/AGBT16B_999_45/holding/spliced_blc0001020304050607_guppi_57676_84334_HIP100034_0046.gpuspec.0002.h5
HIP100037	https://bldata.berkeley.edu/pipeline/AGBT17A_999_44/holding/spliced_blc0001020304050607_guppi_57858_46895_HIP100037_0033.gpuspec.0002.h5
HIP100040	https://bldata.berkeley.edu/pipeline/AGBT16B_999_108/holding/spliced_blc0001020304050607_guppi_57755_03606_HIP100040_0051.gpuspec.0002.h5
HIP100055	https://bldata.berkeley.edu/pipeline/AGBT16B_999_105/holding/spliced_blc0001020304050607_guppi_57752_81232_HIP100055_0028.gpuspec.0002.h5
HIP100058	https://bldata.berkeley.edu/pipeline/AGBT17A_999_64/holding/spliced_blc3031323334353637_guppi_57885_39830_HIP100058_0027.gpuspec.0002.h5
HIP100066	https://bldata.berkeley.edu/pipeline/AGBT16B_999_45/holding/spliced_blc0001020304050607_guppi_57677_01539_HIP100066_0056.gpuspec.0002.h5
HIP100072	https://bldata.berkeley.edu/pipeline/AGBT16B_999_51/holding/spliced_blc0001020304050607_guppi_57683_84138_HIP100072_0052.gpuspec.0002.h5
HIP100077	https://bldata.berkeley.edu/pipeline/AGBT17A_999_44/holding/spliced_blc0001020304050607_guppi_57858_47590_HIP100077_0035.gpuspec.0002.h5
HIP100079	https://bldata.berkeley.edu/pipeline/AGBT16B_999_59/holding/spliced_blc0001020304050607_guppi_57693_77812_HIP100079_0008.gpuspec.0002.h5
HIP100081	https://bldata.berkeley.edu/pipeline/AGBT16B_999_108/holding/spliced_blc0001020304050607_guppi_57755_00902_HIP100081_0043.gpuspec.0002.h5
HIP100084	https://bldata.berkeley.edu/pipeline/AGBT16B_999_45/holding/spliced_blc0001020304050607_guppi_57676_85064_HIP100084_0048.gpuspec.0002.h5
HIP100085	https://bldata.berkeley.edu/pipeline/AGBT17A_999_44/holding/spliced_blc0001020304050607_guppi_57858_48274_HIP100085_0037.gpuspec.0002.h5
HIP10010	https://bldata.berkeley.edu/pipeline/AGBT16B_999_40/holding/spliced_blc0001020304050607_guppi_57669_24904_HIP10010_0058.gpuspec.0002.h5
HIP100104	https://bldata.berkeley.edu/pipeline/AGBT16B_999_59/holding/spliced_blc0001020304050607_guppi_57693_78525_HIP100104_0010.gpuspec.0002.h5
HIP100108	https://bldata.berkeley.edu/pipeline/AGBT16B_999_59/holding/spliced_blc0001020304050607_guppi_57693_79226_HIP100108_0012.gpuspec.0002.h5
HIP100115	https://bldata.berkeley.edu/pipeline/AGBT16B_999_51/holding/spliced_blc0001020304050607_guppi_57683_82025_HIP100115_0046.gpuspec.0002.h5
HIP100138	https://bldata.berkeley.edu/pipeline/AGBT16B_999_56/holding/spliced_blc1011121314151617_guppi_57690_82729_HIP100138_0022.gpuspec.0002.h5
HIP10014	https://bldata.berkeley.edu/pipeline/AGBT16B_999_40/holding/spliced_blc0001020304050607_guppi_57669_18730_HIP10014_0040.gpuspec.0002.h5
HIP100159	https://bldata.berkeley.edu/pipeline/AGBT16B_999_51/holding/spliced_blc0001020304050607_guppi_57683_79962_HIP100159_0040.gpuspec.0002.h5
HIP100162	https://bldata.berkeley.edu/pipeline/AGBT16B_999_38/holding/spliced_blc0001020304050607_guppi_57667_84123_HIP100162_0010.gpuspec.0002.h5
HIP100168	https://bldata.berkeley.edu/pipeline/AGBT16B_999_56/holding/spliced_blc1011121314151617_guppi_57690_83394_HIP100168_0024.gpuspec.0002.h5
HIP100188	https://bldata.berkeley.edu/pipeline/AGBT16B_999_51/holding/spliced_blc0001020304050607_guppi_57683_84810_HIP100188_0054.gpuspec.0002.h5
HIP10019	https://bldata.berkeley.edu/pipeline/AGBT16B_999_98/holding/spliced_blc0001020304050607_guppi_57745_86362_HIP10019_0010.gpuspec.0002.h5
HIP10022	https://bldata.berkeley.edu/pipeline/AGBT16B_999_105/holding/spliced_blc0001020304050607_guppi_57753_01679_HIP10022_0046.gpuspec.0002.h5
HIP100239	https://bldata.berkeley.edu/pipeline/AGBT16B_999_59/holding/spliced_blc0001020304050607_guppi_57693_79944_HIP100239_0014.gpuspec.0002.h5
HIP100241	https://bldata.berkeley.edu/pipeline/AGBT16B_999_108/holding/spliced_blc0001020304050607_guppi_57755_04273_HIP100241_0053.gpuspec.0002.h5
HIP100244	https://bldata.berkeley.edu/pipeline/AGBT16A_999_233/holding/spliced_blc0001020304050607_guppi_57574_25983_HIP100244_0012.gpuspec.0002.h5
HIP100255	https://bldata.berkeley.edu/pipeline/AGBT16B_999_38/holding/spliced_blc0001020304050607_guppi_57667_84827_HIP100255_0012.gpuspec.0002.h5
HIP10026	https://bldata.berkeley.edu/pipeline/AGBT16B_999_40/holding/spliced_blc0001020304050607_guppi_57669_25570_HIP10026_0060.gpuspec.0002.h5
HIP100268	https://bldata.berkeley.edu/pipeline/AGBT17A_999_64/holding/spliced_blc3031323334353637_guppi_57885_48166_HIP100268_0051.gpuspec.0002.h5
HIP100271	https://bldata.berkeley.edu/pipeline/AGBT16B_999_38/holding/spliced_blc0001020304050607_guppi_57667_85534_HIP100271_0014.gpuspec.0002.h5
HIP100272	https://bldata.berkeley.edu/pipeline/AGBT16B_999_56/holding/spliced_blc1011121314151617_guppi_57690_84058_HIP100272_0026.gpuspec.0002.h5
HIP100309	https://bldata.berkeley.edu/pipeline/AGBT16B_999_56/holding/spliced_blc1011121314151617_guppi_57690_85475_HIP100309_0030.gpuspec.0002.h5
HIP100314	https://bldata.berkeley.edu/pipeline/AGBT16B_999_38/holding/spliced_blc0001020304050607_guppi_57668_02496_HIP100314_0024.gpuspec.0002.h5
HIP100325	https://bldata.berkeley.edu/pipeline/AGBT16A_999_233/holding/spliced_blc0001020304050607_guppi_57574_26654_HIP100325_0014.gpuspec.0002.h5
HIP100329	https://bldata.berkeley.edu/pipeline/AGBT16B_999_51/holding/spliced_blc0001020304050607_guppi_57683_82704_HIP100329_0048.gpuspec.0002.h5
HIP10033	https://bldata.berkeley.edu/pipeline/AGBT16B_999_40/holding/spliced_blc0001020304050607_guppi_57669_22858_HIP10033_0052.gpuspec.0002.h5
HIP100363	https://bldata.berkeley.edu/pipeline/AGBT18A_999_43/holding/spliced_blc0001020304050607_guppi_58223_52492_HIP100363_0021.gpuspec.0002.h5
HIP10037	https://bldata.berkeley.edu/pipeline/AGBT16A_999_249/holding/spliced_blc0001020304050607_guppi_57599_42203_Hip10037_0008.gpuspec.0002.h5
HIP100371	https://bldata.berkeley.edu/pipeline/AGBT18A_999_43/holding/spliced_blc0001020304050607_guppi_58223_53171_HIP100371_0023.gpuspec.0002.h5
HIP1004	https://bldata.berkeley.edu/pipeline/AGBT16B_999_09/holding/spliced_blc0001020304050607_guppi_57614_24451_Hip1004_0010.gpuspec.0002.h5
HIP100402	https://bldata.berkeley.edu/pipeline/AGBT18A_999_43/holding/spliced_blc0001020304050607_guppi_58223_53849_HIP100402_0025.gpuspec.0002.h5
HIP100407	https://bldata.berkeley.edu/pipeline/AGBT16B_999_51/holding/spliced_blc0001020304050607_guppi_57683_85482_HIP100407_0056.gpuspec.0002.h5
HIP100440	https://bldata.berkeley.edu/pipeline/AGBT17A_999_64/holding/spliced_blc3031323334353637_guppi_57885_36740_HIP100440_0019.gpuspec.0002.h5
HIP100442	https://bldata.berkeley.edu/pipeline/AGBT16A_999_241/holding/spliced_blc0001020304050607_guppi_57587_27343_Hip100442_0034.gpuspec.0002.h5
HIP100448	https://bldata.berkeley.edu/pipeline/AGBT18A_999_43/holding/spliced_blc0001020304050607_guppi_58223_51725_HIP100448_0019.gpuspec.0002.h5
HIP100452	https://bldata.berkeley.edu/pipeline/AGBT16A_999_241/holding/spliced_blc0001020304050607_guppi_57587_28023_Hip100452_0036.gpuspec.0002.h5
HIP10047	https://bldata.berkeley.edu/pipeline/AGBT16B_999_40/holding/spliced_blc0001020304050607_guppi_57669_19402_HIP10047_0042.gpuspec.0002.h5
HIP100475	https://bldata.berkeley.edu/pipeline/AGBT18A_999_43/holding/spliced_blc0001020304050607_guppi_58223_54525_HIP100475_0027.gpuspec.0002.h5
HIP1005	https://bldata.berkeley.edu/pipeline/AGBT16B_999_43/holding/spliced_blc0001020304050607_guppi_57674_17502_HIP1005_0010.gpuspec.0002.h5
HIP100514	https://bldata.berkeley.edu/pipeline/AGBT16B_999_51/holding/spliced_blc0001020304050607_guppi_57683_83394_HIP100514_0050.gpuspec.0002.h5
HIP100527	https://bldata.berkeley.edu/pipeline/AGBT18B_999_24/holding/spliced_blc3031323334353637_guppi_58378_03715_HIP100527_0085.gpuspec.0002.h5
HIP10053	https://bldata.berkeley.edu/pipeline/AGBT16B_999_105/holding/spliced_blc0001020304050607_guppi_57752_85832_HIP10053_0040.gpuspec.0002.h5
HIP100540	https://bldata.berkeley.edu/pipeline/AGBT18A_999_43/holding/spliced_blc0001020304050607_guppi_58223_55192_HIP100540_0029.gpuspec.0002.h5
HIP100545	https://bldata.berkeley.edu/pipeline/AGBT16B_999_108/holding/spliced_blc0001020304050607_guppi_57755_01574_HIP100545_0045.gpuspec.0002.h5
HIP10056	https://bldata.berkeley.edu/pipeline/AGBT16B_999_40/holding/spliced_blc0001020304050607_guppi_57669_20069_HIP10056_0044.gpuspec.0002.h5
HIP100565	https://bldata.berkeley.edu/pipeline/AGBT18B_999_24/holding/spliced_blc3031323334353637_guppi_58378_04383_HIP100565_0087.gpuspec.0002.h5
HIP10064	https://bldata.berkeley.edu/pipeline/AGBT16B_999_105/holding/spliced_blc0001020304050607_guppi_57753_02493_HIP10064_0048.gpuspec.0002.h5
HIP100670	https://bldata.berkeley.edu/pipeline/AGBT16B_999_105/holding/spliced_blc0001020304050607_guppi_57752_83371_HIP100670_0034.gpuspec.0002.h5
HIP100701	https://bldata.berkeley.edu/pipeline/AGBT16B_999_108/holding/spliced_blc0001020304050607_guppi_57755_02244_HIP100701_0047.gpuspec.0002.h5
HIP10072	https://bldata.berkeley.edu/pipeline/AGBT16B_999_105/holding/spliced_blc0001020304050607_guppi_57753_04131_HIP10072_0052.gpuspec.0002.h5
HIP100733	https://bldata.berkeley.edu/pipeline/AGBT16B_999_59/holding/spliced_blc0001020304050607_guppi_57693_80722_HIP100733_0016.gpuspec.0002.h5
HIP100734	https://bldata.berkeley.edu/pipeline/AGBT16B_999_59/holding/spliced_blc0001020304050607_guppi_57693_81409_HIP100734_0018.gpuspec.0002.h5
HIP100749	https://bldata.berkeley.edu/pipeline/AGBT17B_999_04/holding/spliced_blc0001020304050607_guppi_57972_22877_HIP100749_0039.gpuspec.0002.h5
HIP100753	https://bldata.berkeley.edu/pipeline/AGBT17B_999_04/holding/spliced_blc0001020304050607_guppi_57972_23555_HIP100753_0041.gpuspec.0002.h5
HIP10077	https://bldata.berkeley.edu/pipeline/AGBT16B_999_80/holding/spliced_blc1011121314151617_guppi_57723_07236_HIP10077_0042.gpuspec.0002.h5
HIP100777	https://bldata.berkeley.edu/pipeline/AGBT18A_999_43/holding/spliced_blc0001020304050607_guppi_58223_55861_HIP100777_0031.gpuspec.0002.h5
HIP100786	https://bldata.berkeley.edu/pipeline/AGBT16B_999_51/holding/spliced_blc0001020304050607_guppi_57683_80642_HIP100786_0042.gpuspec.0002.h5
HIP10079	https://bldata.berkeley.edu/pipeline/AGBT17A_999_17/holding/spliced_blc0001020304050607_guppi_57813_78225_HIP10079_0009.gpuspec.0002.h5
HIP100816	https://bldata.berkeley.edu/pipeline/AGBT18B_999_24/holding/spliced_blc3031323334353637_guppi_58378_01705_HIP100816_0079.gpuspec.0002.h5
HIP10082	https://bldata.berkeley.edu/pipeline/AGBT17A_999_17/holding/spliced_blc0001020304050607_guppi_57813_78921_HIP10082_0011.gpuspec.0002.h5
HIP100865	https://bldata.berkeley.edu/pipeline/AGBT17B_999_04/holding/spliced_blc0001020304050607_guppi_57972_24234_HIP100865_0043.gpuspec.0002.h5
HIP100933	https://bldata.berkeley.edu/pipeline/AGBT16B_999_38/holding/spliced_blc0001020304050607_guppi_57667_86229_HIP100933_0016.gpuspec.0002.h5
HIP100944	https://bldata.berkeley.edu/pipeline/AGBT16B_999_78/holding/spliced_blc0001020304050607_guppi_57720_73679_HIP100944_0046.gpuspec.0002.h5
HIP100962	https://bldata.berkeley.edu/pipeline/AGBT16A_999_197/holding/spliced_blc0001020304050607_guppi_57529_38193_HIP100962_0016.gpuspec.0002.h5
HIP100963	https://bldata.berkeley.edu/pipeline/AGBT16B_999_59/holding/spliced_blc0001020304050607_guppi_57693_82813_HIP100963_0022.gpuspec.0002.h5
HIP10098	https://bldata.berkeley.edu/pipeline/AGBT16B_999_105/holding/spliced_blc0001020304050607_guppi_57753_00171_HIP10098_0042.gpuspec.0002.h5
HIP100984	https://bldata.berkeley.edu/pipeline/AGBT18B_999_24/holding/spliced_blc3031323334353637_guppi_58378_02382_HIP100984_0081.gpuspec.0002.h5
HIP10099	https://bldata.berkeley.edu/pipeline/AGBT16A_999_224/holding/spliced_blc0001020304050607_guppi_57557_43379_HIP10099_0010.gpuspec.0002.h5
HIP10103	https://bldata.berkeley.edu/pipeline/AGBT16A_999_224/holding/spliced_blc0001020304050607_guppi_57557_41290_HIP10103_0004.gpuspec.0002.h5
HIP101046	https://bldata.berkeley.edu/pipeline/AGBT16A_999_197/holding/spliced_blc0001020304050607_guppi_57529_38875_HIP101046_0018.gpuspec.0002.h5
HIP101065	https://bldata.berkeley.edu/pipeline/AGBT16B_999_78/holding/spliced_blc0001020304050607_guppi_57720_74375_HIP101065_0048.gpuspec.0002.h5
HIP101075	https://bldata.berkeley.edu/pipeline/AGBT16B_999_78/holding/spliced_blc0001020304050607_guppi_57720_75069_HIP101075_0050.gpuspec.0002.h5
HIP101114	https://bldata.berkeley.edu/pipeline/AGBT16A_999_197/holding/spliced_blc0001020304050607_guppi_57529_39554_HIP101114_0020.gpuspec.0002.h5
HIP101188	https://bldata.berkeley.edu/pipeline/AGBT16A_999_197/holding/spliced_blc0001020304050607_guppi_57529_40269_HIP101188_0022.gpuspec.0002.h5
HIP1012	https://bldata.berkeley.edu/pipeline/AGBT16A_999_232/holding/spliced_blc0001020304050607_guppi_57573_48860_HIP1012_0016.gpuspec.0002.h5
HIP101232	https://bldata.berkeley.edu/pipeline/AGBT16A_999_197/holding/spliced_blc0001020304050607_guppi_57529_40949_HIP101232_0024.gpuspec.0002.h5
HIP101251	https://bldata.berkeley.edu/pipeline/AGBT16A_999_197/holding/spliced_blc0001020304050607_guppi_57529_41642_HIP101251_0026.gpuspec.0002.h5
HIP101273	https://bldata.berkeley.edu/pipeline/AGBT18B_999_24/holding/spliced_blc3031323334353637_guppi_58378_03052_HIP101273_0083.gpuspec.0002.h5
HIP101294	https://bldata.berkeley.edu/pipeline/AGBT17B_999_04/holding/spliced_blc0001020304050607_guppi_57972_24954_HIP101294_0045.gpuspec.0002.h5
HIP101307	https://bldata.berkeley.edu/pipeline/AGBT17B_999_04/holding/spliced_blc00010203040507_guppi_57972_25623_HIP101307_0047.gpuspec.0002.h5
HIP101346	https://bldata.berkeley.edu/pipeline/AGBT17B_999_16/holding/spliced_blc3031323334353637_guppi_57993_22481_HIP101346_0052.gpuspec.0002.h5
HIP101348	https://bldata.berkeley.edu/pipeline/AGBT17B_999_04/holding/spliced_blc00010203040507_guppi_57972_26285_HIP101348_0049.gpuspec.0002.h5
HIP101369	https://bldata.berkeley.edu/pipeline/AGBT16A_999_197/holding/spliced_blc0001020304050607_guppi_57529_43010_HIP101369_0030.gpuspec.0002.h5
HIP101401	https://bldata.berkeley.edu/pipeline/AGBT16B_999_38/holding/spliced_blc0001020304050607_guppi_57668_03161_HIP101401_0026.gpuspec.0002.h5
HIP101414	https://bldata.berkeley.edu/pipeline/AGBT17B_999_16/holding/spliced_blc3031323334353637_guppi_57993_23145_HIP101414_0054.gpuspec.0002.h5
HIP101418	https://bldata.berkeley.edu/pipeline/AGBT16A_999_204/holding/spliced_blc0001020304050607_guppi_57534_39222_HIP101418_0026.gpuspec.0002.h5
HIP10142	https://bldata.berkeley.edu/pipeline/AGBT16B_999_40/holding/spliced_blc0001020304050607_guppi_57669_23526_HIP10142_0054.gpuspec.0002.h5
HIP101420	https://bldata.berkeley.edu/pipeline/AGBT16B_999_38/holding/spliced_blc0001020304050607_guppi_57668_01163_HIP101420_0020.gpuspec.0002.h5
HIP101426	https://bldata.berkeley.edu/pipeline/AGBT16B_999_59/holding/spliced_blc0001020304050607_guppi_57694_00662_HIP101426_0034.gpuspec.0002.h5
HIP101491	https://bldata.berkeley.edu/pipeline/AGBT16B_999_59/holding/spliced_blc0001020304050607_guppi_57694_01379_HIP101491_0036.gpuspec.0002.h5
HIP101501	https://bldata.berkeley.edu/pipeline/AGBT16B_999_59/holding/spliced_blc0001020304050607_guppi_57693_86321_HIP101501_0032.gpuspec.0002.h5
HIP101526	https://bldata.berkeley.edu/pipeline/AGBT17B_999_16/holding/spliced_blc3031323334353637_guppi_57993_23808_HIP101526_0056.gpuspec.0002.h5
HIP101569	https://bldata.berkeley.edu/pipeline/AGBT16A_999_216/holding/spliced_blc0001020304050607_guppi_57545_36881_HIP101569_0051.gpuspec.0002.h5
HIP101589	https://bldata.berkeley.edu/pipeline/AGBT16B_999_75/holding/spliced_blc0001020304050607_guppi_57715_76059_HIP101589_0040.gpuspec.0002.h5
HIP101593	https://bldata.berkeley.edu/pipeline/AGBT16B_999_78/holding/spliced_blc0001020304050607_guppi_57720_78432_HIP101593_0060.gpuspec.0002.h5
HIP101614	https://bldata.berkeley.edu/pipeline/AGBT16A_999_177/holding/spliced_blc0001020304050607_guppi_57514_38642_HIP101614_0004.gpuspec.0002.h5
HIP10162	https://bldata.berkeley.edu/pipeline/AGBT17A_999_17/holding/spliced_blc0001020304050607_guppi_57813_76139_HIP10162_0003.gpuspec.0002.h5
HIP101642	https://bldata.berkeley.edu/pipeline/AGBT16A_999_216/holding/spliced_blc0001020304050607_guppi_57545_37584_HIP101642_0053.gpuspec.0002.h5
HIP101659	https://bldata.berkeley.edu/pipeline/AGBT18B_999_57/holding/spliced_blc1011121314151617_guppi_58432_00680_HIP101659_0021.gpuspec.0002.h5
HIP101663	https://bldata.berkeley.edu/pipeline/AGBT16A_999_216/holding/spliced_blc0001020304050607_guppi_57545_38285_HIP101663_0055.gpuspec.0002.h5
HIP10167	https://bldata.berkeley.edu/pipeline/AGBT16A_999_194/holding/spliced_blc0001020304050607_guppi_57525_60400_HIP10167_0016.gpuspec.0002.h5
HIP101670	https://bldata.berkeley.edu/pipeline/AGBT18B_999_24/holding/spliced_blc3031323334353637_guppi_58378_06407_HIP101670_0093.gpuspec.0002.h5
HIP101681	https://bldata.berkeley.edu/pipeline/AGBT18B_999_24/holding/spliced_blc3031323334353637_guppi_58378_07076_HIP101681_0095.gpuspec.0002.h5
HIP101682	https://bldata.berkeley.edu/pipeline/AGBT16B_999_75/holding/spliced_blc0001020304050607_guppi_57715_78183_HIP101682_0046.gpuspec.0002.h5
HIP10169	https://bldata.berkeley.edu/pipeline/AGBT16A_999_212/holding/spliced_blc0001020304050607_guppi_57541_55424_HIP10169_0003.gpuspec.0002.h5
HIP101694	https://bldata.berkeley.edu/pipeline/AGBT16B_999_75/holding/spliced_blc0001020304050607_guppi_57715_76748_HIP101694_0042.gpuspec.0002.h5
HIP101700	https://bldata.berkeley.edu/pipeline/AGBT16B_999_75/holding/spliced_blc0001020304050607_guppi_57715_77439_HIP101700_0044.gpuspec.0002.h5
HIP101701	https://bldata.berkeley.edu/pipeline/AGBT16B_999_50/holding/spliced_blc0001020304050607_guppi_57683_02384_HIP101701_0004.gpuspec.0002.h5
HIP101709	https://bldata.berkeley.edu/pipeline/AGBT16A_999_177/holding/spliced_blc0001020304050607_guppi_57514_39358_HIP101709_0006.gpuspec.0002.h5
HIP101715	https://bldata.berkeley.edu/pipeline/AGBT17B_999_04/holding/spliced_blc0001020304050607_guppi_57972_22110_HIP101715_0037.gpuspec.0002.h5
HIP10172	https://bldata.berkeley.edu/pipeline/AGBT16B_999_98/holding/spliced_blc0001020304050607_guppi_57746_02115_HIP10172_0016.gpuspec.0002.h5
HIP101720	https://bldata.berkeley.edu/pipeline/AGBT16A_999_177/holding/spliced_blc0001020304050607_guppi_57514_40153_HIP101720_0008.gpuspec.0002.h5
HIP101762	https://bldata.berkeley.edu/pipeline/AGBT16B_999_75/holding/spliced_blc0001020304050607_guppi_57715_79692_HIP101762_0050.gpuspec.0002.h5
HIP101782	https://bldata.berkeley.edu/pipeline/AGBT16A_999_216/holding/spliced_blc0001020304050607_guppi_57545_32672_HIP101782_0039.gpuspec.0002.h5
HIP10181	https://bldata.berkeley.edu/pipeline/AGBT16B_999_40/holding/spliced_blc0001020304050607_guppi_57669_20777_HIP10181_0046.gpuspec.0002.h5
HIP101825	https://bldata.berkeley.edu/pipeline/AGBT16B_999_50/holding/spliced_blc0001020304050607_guppi_57683_04477_HIP101825_0010.gpuspec.0002.h5
HIP10184	https://bldata.berkeley.edu/pipeline/AGBT16A_999_224/holding/spliced_blc0001020304050607_guppi_57557_44053_HIP10184_0012.gpuspec.0002.h5
HIP10185	https://bldata.berkeley.edu/pipeline/AGBT17A_999_58/holding/spliced_blc3031323334353637_guppi_57873_66447_HIP10185_0041.gpuspec.0002.h5
HIP101864	https://bldata.berkeley.edu/pipeline/AGBT16A_999_216/holding/spliced_blc0001020304050607_guppi_57545_33365_HIP101864_0041.gpuspec.0002.h5
HIP10188	https://bldata.berkeley.edu/pipeline/AGBT16B_999_40/holding/spliced_blc0001020304050607_guppi_57669_24191_HIP10188_0056.gpuspec.0002.h5
HIP101893	https://bldata.berkeley.edu/pipeline/AGBT16A_999_177/holding/spliced_blc0001020304050607_guppi_57514_47513_HIP101893_0028.gpuspec.0002.h5
HIP101900	https://bldata.berkeley.edu/pipeline/AGBT16B_999_50/holding/spliced_blc0001020304050607_guppi_57683_06556_HIP101900_0016.gpuspec.0002.h5
HIP101903	https://bldata.berkeley.edu/pipeline/AGBT16B_999_50/holding/spliced_blc0001020304050607_guppi_57683_07239_HIP101903_0018.gpuspec.0002.h5
HIP101915	https://bldata.berkeley.edu/pipeline/AGBT16A_999_216/holding/spliced_blc0001020304050607_guppi_57545_34059_HIP101915_0043.gpuspec.0002.h5
HIP101934	https://bldata.berkeley.edu/pipeline/AGBT16B_999_50/holding/spliced_blc0001020304050607_guppi_57683_05163_HIP101934_0012.gpuspec.0002.h5
HIP101938	https://bldata.berkeley.edu/pipeline/AGBT16B_999_50/holding/spliced_blc0001020304050607_guppi_57683_08612_HIP101938_0022.gpuspec.0002.h5
HIP101944	https://bldata.berkeley.edu/pipeline/AGBT16A_999_177/holding/spliced_blc0001020304050607_guppi_57514_48188_HIP101944_0030.gpuspec.0002.h5
HIP101963	https://bldata.berkeley.edu/pipeline/AGBT16B_999_50/holding/spliced_blc0001020304050607_guppi_57683_05852_HIP101963_0014.gpuspec.0002.h5
HIP10199	https://bldata.berkeley.edu/pipeline/AGBT16A_999_212/holding/spliced_blc0001020304050607_guppi_57541_56163_HIP10199_0005.gpuspec.0002.h5
HIP101999	https://bldata.berkeley.edu/pipeline/AGBT16A_999_233/holding/spliced_blc0001020304050607_guppi_57574_27346_HIP101999_0016.gpuspec.0002.h5
HIP102001	https://bldata.berkeley.edu/pipeline/AGBT16B_999_50/holding/spliced_blc0001020304050607_guppi_57683_07912_HIP102001_0020.gpuspec.0002.h5
HIP10201	https://bldata.berkeley.edu/pipeline/AGBT16B_999_40/holding/spliced_blc0001020304050607_guppi_57669_21443_HIP10201_0048.gpuspec.0002.h5
HIP102011	https://bldata.berkeley.edu/pipeline/AGBT18B_999_24/holding/spliced_blc3031323334353637_guppi_58377_86102_HIP102011_0073.gpuspec.0002.h5
HIP102029	https://bldata.berkeley.edu/pipeline/AGBT17A_999_98/holding/spliced_blc1011121314151617_guppi_57957_18222_HIP102029_0004.gpuspec.0002.h5
HIP102034	https://bldata.berkeley.edu/pipeline/AGBT18A_999_36/holding/spliced_blc0001020304050607_guppi_58210_35765_HIP102034_0025.gpuspec.0002.h5
HIP102038	https://bldata.berkeley.edu/pipeline/AGBT17A_999_98/holding/spliced_blc1011121314151617_guppi_57957_18897_HIP102038_0006.gpuspec.0002.h5
HIP10207	https://bldata.berkeley.edu/pipeline/AGBT16A_999_224/holding/spliced_blc0001020304050607_guppi_57557_41979_HIP10207_0006.gpuspec.0002.h5
HIP10208	https://bldata.berkeley.edu/pipeline/AGBT16A_999_194/holding/spliced_blc0001020304050607_guppi_57525_58313_HIP10208_0010.gpuspec.0002.h5
HIP102089	https://bldata.berkeley.edu/pipeline/AGBT18A_999_36/holding/spliced_blc0001020304050607_guppi_58210_36427_HIP102089_0027.gpuspec.0002.h5
HIP102111	https://bldata.berkeley.edu/pipeline/AGBT18B_999_24/holding/spliced_blc3031323334353637_guppi_58378_00371_HIP102111_0075.gpuspec.0002.h5
HIP102114	https://bldata.berkeley.edu/pipeline/AGBT17A_999_98/holding/spliced_blc1011121314151617_guppi_57957_19573_HIP102114_0008.gpuspec.0002.h5
HIP102126	https://bldata.berkeley.edu/pipeline/AGBT18A_999_36/holding/spliced_blc0001020304050607_guppi_58210_37093_HIP102126_0029.gpuspec.0002.h5
HIP10218	https://bldata.berkeley.edu/pipeline/AGBT18A_999_88/holding/spliced_blc2021222324252627_guppi_58293_49066_HIP10218_0037.gpuspec.0002.h5
HIP102193	https://bldata.berkeley.edu/pipeline/AGBT16B_999_50/holding/spliced_blc0001020304050607_guppi_57683_09278_HIP102193_0024.gpuspec.0002.h5
HIP10221	https://bldata.berkeley.edu/pipeline/AGBT16B_999_105/holding/spliced_blc0001020304050607_guppi_57753_00915_HIP10221_0044.gpuspec.0002.h5
HIP102216	https://bldata.berkeley.edu/pipeline/AGBT18B_999_24/holding/spliced_blc3031323334353637_guppi_58378_01040_HIP102216_0077.gpuspec.0002.h5
HIP10222	https://bldata.berkeley.edu/pipeline/AGBT16B_999_80/holding/spliced_blc1011121314151617_guppi_57723_07962_HIP10222_0044.gpuspec.0002.h5
HIP102273	https://bldata.berkeley.edu/pipeline/AGBT16A_999_220/holding/spliced_blc0001020304050607_guppi_57552_32707_HIP102273_0040.gpuspec.0002.h5
HIP102281	https://bldata.berkeley.edu/pipeline/AGBT16A_999_220/holding/spliced_blc0001020304050607_guppi_57552_33410_HIP102281_0042.gpuspec.0002.h5
HIP102289	https://bldata.berkeley.edu/pipeline/AGBT16A_999_233/holding/spliced_blc0001020304050607_guppi_57574_28020_HIP102289_0018.gpuspec.0002.h5
HIP102309	https://bldata.berkeley.edu/pipeline/AGBT16A_999_220/holding/spliced_blc0001020304050607_guppi_57552_37008_HIP102309_0052.gpuspec.0002.h5
HIP102351	https://bldata.berkeley.edu/pipeline/AGBT16A_999_220/holding/spliced_blc0001020304050607_guppi_57552_34864_HIP102351_0046.gpuspec.0002.h5
HIP102362	https://bldata.berkeley.edu/pipeline/AGBT16A_999_220/holding/spliced_blc0001020304050607_guppi_57552_35550_HIP102362_0048.gpuspec.0002.h5
HIP1024	https://bldata.berkeley.edu/pipeline/AGBT16B_999_13/holding/spliced_blc0001020304050607_guppi_57622_33396_Hip1024_0040.gpuspec.0002.h5
HIP10242	https://bldata.berkeley.edu/pipeline/AGBT16A_999_224/holding/spliced_blc0001020304050607_guppi_57557_44725_HIP10242_0014.gpuspec.0002.h5
HIP102420	https://bldata.berkeley.edu/pipeline/AGBT16A_999_220/holding/spliced_blc0001020304050607_guppi_57552_37712_HIP102420_0054.gpuspec.0002.h5
HIP102429	https://bldata.berkeley.edu/pipeline/AGBT16B_999_50/holding/spliced_blc0001020304050607_guppi_57683_03048_HIP102429_0006.gpuspec.0002.h5
HIP102436	https://bldata.berkeley.edu/pipeline/AGBT16A_999_220/holding/spliced_blc0001020304050607_guppi_57552_36238_HIP102436_0050.gpuspec.0002.h5
HIP102466	https://bldata.berkeley.edu/pipeline/AGBT16B_999_50/holding/spliced_blc0001020304050607_guppi_57683_03712_HIP102466_0008.gpuspec.0002.h5
HIP10249	https://bldata.berkeley.edu/pipeline/AGBT16A_999_194/holding/spliced_blc0001020304050607_guppi_57525_61194_HIP10249_0018.gpuspec.0002.h5
HIP102490	https://bldata.berkeley.edu/pipeline/AGBT16A_999_220/holding/spliced_blc0001020304050607_guppi_57552_34111_HIP102490_0044.gpuspec.0002.h5
HIP10252	https://bldata.berkeley.edu/pipeline/AGBT16A_999_194/holding/spliced_blc0001020304050607_guppi_57525_58991_HIP10252_0012.gpuspec.0002.h5
HIP102537	https://bldata.berkeley.edu/pipeline/AGBT16A_999_220/holding/spliced_blc0001020304050607_guppi_57552_38415_HIP102537_0056.gpuspec.0002.h5
HIP102544	https://bldata.berkeley.edu/pipeline/AGBT16B_999_50/holding/spliced_blc0001020304050607_guppi_57683_09941_HIP102544_0026.gpuspec.0002.h5
HIP10257	https://bldata.berkeley.edu/pipeline/AGBT17A_999_17/holding/spliced_blc0001020304050607_guppi_57813_76821_HIP10257_0005.gpuspec.0002.h5
HIP1026	https://bldata.berkeley.edu/pipeline/AGBT17A_999_28/holding/spliced_blc0001020304050607_guppi_57831_66870_HIP1026_0010.gpuspec.0002.h5
HIP102602	https://bldata.berkeley.edu/pipeline/AGBT16A_999_233/holding/spliced_blc0001020304050607_guppi_57574_28689_HIP102602_0020.gpuspec.0002.h5
HIP102665	https://bldata.berkeley.edu/pipeline/AGBT16A_999_187/holding/spliced_blc0001020304050607_guppi_57521_50008_HIP102665_0022.gpuspec.0002.h5
HIP102671	https://bldata.berkeley.edu/pipeline/AGBT16A_999_187/holding/spliced_blc0001020304050607_guppi_57521_43446_HIP102671_0004.gpuspec.0002.h5
HIP102679	https://bldata.berkeley.edu/pipeline/AGBT16A_999_187/holding/spliced_blc0001020304050607_guppi_57521_47836_HIP102679_0016.gpuspec.0002.h5
HIP102713	https://bldata.berkeley.edu/pipeline/AGBT16A_999_187/holding/spliced_blc0001020304050607_guppi_57521_50722_HIP102713_0024.gpuspec.0002.h5
HIP102716	https://bldata.berkeley.edu/pipeline/AGBT16B_999_91/holding/spliced_blc0001020304050607_guppi_57738_73906_HIP102716_0039.gpuspec.0002.h5
HIP10272	https://bldata.berkeley.edu/pipeline/AGBT16B_999_40/holding/spliced_blc0001020304050607_guppi_57669_22110_HIP10272_0050.gpuspec.0002.h5
HIP102735	https://bldata.berkeley.edu/pipeline/AGBT16A_999_187/holding/spliced_blc0001020304050607_guppi_57521_51432_HIP102735_0026.gpuspec.0002.h5
HIP10276	https://bldata.berkeley.edu/pipeline/AGBT18A_999_88/holding/spliced_blc2021222324252627_guppi_58293_49752_HIP10276_0039.gpuspec.0002.h5
HIP102793	https://bldata.berkeley.edu/pipeline/AGBT16A_999_187/holding/spliced_blc0001020304050607_guppi_57521_48544_HIP102793_0018.gpuspec.0002.h5
HIP10282	https://bldata.berkeley.edu/pipeline/AGBT17A_999_17/holding/spliced_blc0001020304050607_guppi_57813_77494_HIP10282_0007.gpuspec.0002.h5
HIP102836	https://bldata.berkeley.edu/pipeline/AGBT16A_999_187/holding/spliced_blc0001020304050607_guppi_57521_45671_HIP102836_0010.gpuspec.0002.h5
HIP10285	https://bldata.berkeley.edu/pipeline/AGBT17A_999_17/holding/spliced_blc0001020304050607_guppi_57813_84528_HIP10285_0027.gpuspec.0002.h5
HIP102857	https://bldata.berkeley.edu/pipeline/AGBT16A_999_187/holding/spliced_blc0001020304050607_guppi_57521_46385_HIP102857_0012.gpuspec.0002.h5
HIP102890	https://bldata.berkeley.edu/pipeline/AGBT16A_999_187/holding/spliced_blc0001020304050607_guppi_57521_44199_HIP102890_0006.gpuspec.0002.h5
HIP102894	https://bldata.berkeley.edu/pipeline/AGBT16A_999_187/holding/spliced_blc0001020304050607_guppi_57521_49248_HIP102894_0020.gpuspec.0002.h5
HIP102933	https://bldata.berkeley.edu/pipeline/AGBT16B_999_91/holding/spliced_blc0001020304050607_guppi_57738_71783_HIP102933_0033.gpuspec.0002.h5
HIP102935	https://bldata.berkeley.edu/pipeline/AGBT16A_999_187/holding/spliced_blc0001020304050607_guppi_57521_44949_HIP102935_0008.gpuspec.0002.h5
HIP102936	https://bldata.berkeley.edu/pipeline/AGBT16B_999_56/holding/spliced_blc1011121314151617_guppi_57691_03938_HIP102936_0044.gpuspec.0002.h5
HIP102938	https://bldata.berkeley.edu/pipeline/AGBT16A_999_187/holding/spliced_blc0001020304050607_guppi_57521_47089_HIP102938_0014.gpuspec.0002.h5
HIP102969	https://bldata.berkeley.edu/pipeline/AGBT16B_999_91/holding/spliced_blc0001020304050607_guppi_57738_72448_HIP102969_0035.gpuspec.0002.h5
HIP102974	https://bldata.berkeley.edu/pipeline/AGBT16B_999_40/holding/spliced_blc0001020304050607_guppi_57669_08222_HIP102974_0010.gpuspec.0002.h5
HIP103077	https://bldata.berkeley.edu/pipeline/AGBT16B_999_40/holding/spliced_blc0001020304050607_guppi_57669_12370_HIP103077_0022.gpuspec.0002.h5
HIP103084	https://bldata.berkeley.edu/pipeline/AGBT16A_999_241/holding/spliced_blc0001020304050607_guppi_57587_25133_Hip103084_0028.gpuspec.0002.h5
HIP103086	https://bldata.berkeley.edu/pipeline/AGBT17A_999_01/holding/spliced_blc0001020304050607_guppi_57790_63546_HIP103086_0028.gpuspec.0002.h5
HIP10309	https://bldata.berkeley.edu/pipeline/AGBT17A_999_17/holding/spliced_blc0001020304050607_guppi_57813_85200_HIP10309_0029.gpuspec.0002.h5
HIP103104	https://bldata.berkeley.edu/pipeline/AGBT17B_999_24/holding/spliced_blc0001020304050607_guppi_58002_16822_HIP103104_0009.gpuspec.0002.h5
HIP103125	https://bldata.berkeley.edu/pipeline/AGBT16B_999_40/holding/spliced_blc0001020304050607_guppi_57669_13053_HIP103125_0024.gpuspec.0002.h5
HIP103126	https://bldata.berkeley.edu/pipeline/AGBT16A_999_241/holding/spliced_blc0001020304050607_guppi_57587_25854_Hip103126_0030.gpuspec.0002.h5
HIP103146	https://bldata.berkeley.edu/pipeline/AGBT18A_999_49/holding/spliced_blc0001020304050607_guppi_58232_43574_HIP103146_0054.gpuspec.0002.h5
HIP103150	https://bldata.berkeley.edu/pipeline/AGBT17A_999_98/holding/spliced_blc1011121314151617_guppi_57957_24807_HIP103150_0022.gpuspec.0002.h5
HIP103159	https://bldata.berkeley.edu/pipeline/AGBT17B_999_24/holding/spliced_blc0001020304050607_guppi_58002_17502_HIP103159_0011.gpuspec.0002.h5
HIP103163	https://bldata.berkeley.edu/pipeline/AGBT16A_999_241/holding/spliced_blc0001020304050607_guppi_57587_26573_Hip103163_0032.gpuspec.0002.h5
HIP103164	https://bldata.berkeley.edu/pipeline/AGBT17A_999_98/holding/spliced_blc1011121314151617_guppi_57957_25483_HIP103164_0024.gpuspec.0002.h5
HIP103196	https://bldata.berkeley.edu/pipeline/AGBT17B_999_24/holding/spliced_blc0001020304050607_guppi_58002_18186_HIP103196_0013.gpuspec.0002.h5
HIP103237	https://bldata.berkeley.edu/pipeline/AGBT16B_999_40/holding/spliced_blc0001020304050607_guppi_57669_14429_HIP103237_0028.gpuspec.0002.h5
HIP103240	https://bldata.berkeley.edu/pipeline/AGBT16B_999_40/holding/spliced_blc0001020304050607_guppi_57669_10342_HIP103240_0016.gpuspec.0002.h5
HIP103261	https://bldata.berkeley.edu/pipeline/AGBT16B_999_40/holding/spliced_blc0001020304050607_guppi_57669_15115_HIP103261_0030.gpuspec.0002.h5
HIP103266	https://bldata.berkeley.edu/pipeline/AGBT16B_999_40/holding/spliced_blc0001020304050607_guppi_57669_15800_HIP103266_0032.gpuspec.0002.h5
HIP103271	https://bldata.berkeley.edu/pipeline/AGBT16B_999_40/holding/spliced_blc0001020304050607_guppi_57669_08915_HIP103271_0012.gpuspec.0002.h5
HIP103283	https://bldata.berkeley.edu/pipeline/AGBT16B_999_40/holding/spliced_blc0001020304050607_guppi_57669_11019_HIP103283_0018.gpuspec.0002.h5
HIP10330	https://bldata.berkeley.edu/pipeline/AGBT16A_999_224/holding/spliced_blc0001020304050607_guppi_57557_42677_HIP10330_0008.gpuspec.0002.h5
HIP103311	https://bldata.berkeley.edu/pipeline/AGBT16B_999_40/holding/spliced_blc0001020304050607_guppi_57669_06799_HIP103311_0006.gpuspec.0002.h5
HIP103347	https://bldata.berkeley.edu/pipeline/AGBT17A_999_98/holding/spliced_blc1011121314151617_guppi_57957_26156_HIP103347_0026.gpuspec.0002.h5
HIP103349	https://bldata.berkeley.edu/pipeline/AGBT16B_999_40/holding/spliced_blc0001020304050607_guppi_57669_13732_HIP103349_0026.gpuspec.0002.h5
HIP103365	https://bldata.berkeley.edu/pipeline/AGBT16B_999_40/holding/spliced_blc0001020304050607_guppi_57669_09602_HIP103365_0014.gpuspec.0002.h5
HIP103381	https://bldata.berkeley.edu/pipeline/AGBT16B_999_40/holding/spliced_blc0001020304050607_guppi_57669_16507_HIP103381_0034.gpuspec.0002.h5
HIP103386	https://bldata.berkeley.edu/pipeline/AGBT16B_999_40/holding/spliced_blc0001020304050607_guppi_57669_11694_HIP103386_0020.gpuspec.0002.h5
HIP103489	https://bldata.berkeley.edu/pipeline/AGBT16B_999_40/holding/spliced_blc0001020304050607_guppi_57669_17192_HIP103489_0036.gpuspec.0002.h5
HIP103543	https://bldata.berkeley.edu/pipeline/AGBT16B_999_91/holding/spliced_blc0001020304050607_guppi_57738_73111_HIP103543_0037.gpuspec.0002.h5
HIP10359	https://bldata.berkeley.edu/pipeline/AGBT16B_999_86/holding/spliced_blc0001020304050607_guppi_57728_09539_HIP10359_0042.gpuspec.0002.h5
HIP3430	https://bldata.berkeley.edu/pipeline/AGBT17A_999_38/holding/spliced_blc0001020304050607_guppi_57847_69414_HIP3430_0024.gpuspec.0002.h5
HIP34317	https://bldata.berkeley.edu/pipeline/AGBT16B_999_110/holding/spliced_blc0001020304050607_guppi_57756_29046_HIP34317_0036.gpuspec.0002.h5
HIP34328	https://bldata.berkeley.edu/pipeline/AGBT18B_999_27/holding/spliced_blc0001020304050607_guppi_58385_44851_HIP34328_0076.gpuspec.0002.h5
HIP34333	https://bldata.berkeley.edu/pipeline/AGBT16A_999_223/holding/spliced_blc0001020304050607_guppi_57556_67946_HIP34333_0005.gpuspec.0002.h5
HIP34366	https://bldata.berkeley.edu/pipeline/AGBT16A_999_223/holding/spliced_blc0001020304050607_guppi_57556_69311_HIP34366_0009.gpuspec.0002.h5
HIP34372	https://bldata.berkeley.edu/pipeline/AGBT16A_999_178/holding/spliced_blc0001020304050607_guppi_57514_83805_HIP34372_0006.gpuspec.0002.h5
HIP34375	https://bldata.berkeley.edu/pipeline/AGBT16A_999_223/holding/spliced_blc0001020304050607_guppi_57556_69987_HIP34375_0011.gpuspec.0002.h5
HIP34498	https://bldata.berkeley.edu/pipeline/AGBT16A_999_235/holding/spliced_blc0001020304050607_guppi_57578_74449_Hip34498_0004.gpuspec.0002.h5
HIP34505	https://bldata.berkeley.edu/pipeline/AGBT16A_999_178/holding/spliced_blc0001020304050607_guppi_57514_84486_HIP34505_0008.gpuspec.0002.h5
HIP34512	https://bldata.berkeley.edu/pipeline/AGBT18B_999_27/holding/spliced_blc0001020304050607_guppi_58385_45520_HIP34512_0078.gpuspec.0002.h5
HIP34515	https://bldata.berkeley.edu/pipeline/AGBT17A_999_66/holding/spliced_blc3031323334353637_guppi_57887_05874_HIP34515_0047.gpuspec.0002.h5
HIP34521	https://bldata.berkeley.edu/pipeline/AGBT17A_999_66/holding/spliced_blc3031323334353637_guppi_57887_06549_HIP34521_0049.gpuspec.0002.h5
HIP34524	https://bldata.berkeley.edu/pipeline/AGBT16A_999_178/holding/spliced_blc0001020304050607_guppi_57514_85175_HIP34524_0010.gpuspec.0002.h5
HIP34532	https://bldata.berkeley.edu/pipeline/AGBT16B_999_110/holding/spliced_blc0001020304050607_guppi_57756_29738_HIP34532_0038.gpuspec.0002.h5
HIP34549	https://bldata.berkeley.edu/pipeline/AGBT18B_999_27/holding/spliced_blc0001020304050607_guppi_58385_46185_HIP34549_0080.gpuspec.0002.h5
HIP34640	https://bldata.berkeley.edu/pipeline/AGBT16A_999_178/holding/spliced_blc0001020304050607_guppi_57514_85859_HIP34640_0012.gpuspec.0002.h5
HIP3466	https://bldata.berkeley.edu/pipeline/AGBT17A_999_75/holding/spliced_blc0001020304050607_guppi_57906_48308_HIP3466_0007.gpuspec.0002.h5
HIP34691	https://bldata.berkeley.edu/pipeline/AGBT16A_999_223/holding/spliced_blc0001020304050607_guppi_57556_70666_HIP34691_0013.gpuspec.0002.h5
HIP34705	https://bldata.berkeley.edu/pipeline/AGBT16B_999_46/holding/spliced_blc0001020304050607_guppi_57677_38951_HIP34705_0010.gpuspec.0002.h5
HIP34730	https://bldata.berkeley.edu/pipeline/AGBT16A_999_231/holding/spliced_blc0001020304050607_guppi_57571_74569_HIP34730_0032.gpuspec.0002.h5
HIP34733	https://bldata.berkeley.edu/pipeline/AGBT16B_999_126/holding/spliced_blc0001020304050607_guppi_57781_17054_HIP34733_0034.gpuspec.0002.h5
HIP34740	https://bldata.berkeley.edu/pipeline/AGBT16B_999_126/holding/spliced_blc0001020304050607_guppi_57781_17790_HIP34740_0036.gpuspec.0002.h5
HIP34745	https://bldata.berkeley.edu/pipeline/AGBT16B_999_126/holding/spliced_blc0001020304050607_guppi_57781_18523_HIP34745_0038.gpuspec.0002.h5
HIP34810	https://bldata.berkeley.edu/pipeline/AGBT16B_999_46/holding/spliced_blc0001020304050607_guppi_57677_39666_HIP34810_0012.gpuspec.0002.h5
HIP34819	https://bldata.berkeley.edu/pipeline/AGBT16B_999_126/holding/spliced_blc0001020304050607_guppi_57781_21465_HIP34819_0046.gpuspec.0002.h5
HIP34858	https://bldata.berkeley.edu/pipeline/AGBT16B_999_46/holding/spliced_blc0001020304050607_guppi_57677_40380_HIP34858_0014.gpuspec.0002.h5
HIP34872	https://bldata.berkeley.edu/pipeline/AGBT16B_999_126/holding/spliced_blc0001020304050607_guppi_57781_19323_HIP34872_0040.gpuspec.0002.h5
HIP34903	https://bldata.berkeley.edu/pipeline/AGBT16B_999_20/holding/spliced_blc0001020304050607_guppi_57635_50100_Hip34903_0046.gpuspec.0002.h5
HIP34908	https://bldata.berkeley.edu/pipeline/AGBT16A_999_214/holding/spliced_blc0001020304050607_guppi_57543_62474_HIP34908_0004.gpuspec.0002.h5
HIP3495	https://bldata.berkeley.edu/pipeline/AGBT16B_999_09/holding/spliced_blc0001020304050607_guppi_57614_27261_Hip3495_0018.gpuspec.0002.h5
HIP34976	https://bldata.berkeley.edu/pipeline/AGBT16B_999_126/holding/spliced_blc0001020304050607_guppi_57781_20006_HIP34976_0042.gpuspec.0002.h5
HIP34978	https://bldata.berkeley.edu/pipeline/AGBT16B_999_20/holding/spliced_blc0001020304050607_guppi_57635_50794_Hip34978_0048.gpuspec.0002.h5
HIP34998	https://bldata.berkeley.edu/pipeline/AGBT16B_999_126/holding/spliced_blc0001020304050607_guppi_57781_20689_HIP34998_0044.gpuspec.0002.h5
HIP35008	https://bldata.berkeley.edu/pipeline/AGBT16B_999_20/holding/spliced_blc0001020304050607_guppi_57635_51487_Hip35008_0050.gpuspec.0002.h5
HIP35032	https://bldata.berkeley.edu/pipeline/AGBT16A_999_203/holding/spliced_blc0001020304050607_guppi_57533_76719_HIP35032_0012.gpuspec.0002.h5
HIP35065	https://bldata.berkeley.edu/pipeline/AGBT16A_999_203/holding/spliced_blc0001020304050607_guppi_57533_77413_HIP35065_0014.gpuspec.0002.h5
HIP35126	https://bldata.berkeley.edu/pipeline/AGBT16A_999_203/holding/spliced_blc0001020304050607_guppi_57533_78110_HIP35126_0016.gpuspec.0002.h5
HIP35173	https://bldata.berkeley.edu/pipeline/AGBT16A_999_214/holding/spliced_blc0001020304050607_guppi_57543_63188_HIP35173_0006.gpuspec.0002.h5
HIP35193	https://bldata.berkeley.edu/pipeline/AGBT16B_999_46/holding/spliced_blc0001020304050607_guppi_57677_41142_HIP35193_0016.gpuspec.0002.h5
HIP35198	https://bldata.berkeley.edu/pipeline/AGBT17A_999_11/holding/spliced_blc0001020304050607_guppi_57807_05589_HIP35198_0003.gpuspec.0002.h5
HIP35219	https://bldata.berkeley.edu/pipeline/AGBT17A_999_11/holding/spliced_blc0001020304050607_guppi_57807_09836_HIP35219_0015.gpuspec.0002.h5
HIP35231	https://bldata.berkeley.edu/pipeline/AGBT16A_999_214/holding/spliced_blc0001020304050607_guppi_57543_63895_HIP35231_0008.gpuspec.0002.h5
HIP35252	https://bldata.berkeley.edu/pipeline/AGBT16A_999_203/holding/spliced_blc0001020304050607_guppi_57533_80177_HIP35252_0022.gpuspec.0002.h5
HIP35265	https://bldata.berkeley.edu/pipeline/AGBT17A_999_11/holding/spliced_blc0001020304050607_guppi_57807_09098_HIP35265_0013.gpuspec.0002.h5
HIP35271	https://bldata.berkeley.edu/pipeline/AGBT16B_999_46/holding/spliced_blc0001020304050607_guppi_57677_43461_HIP35271_0022.gpuspec.0002.h5
HIP35298	https://bldata.berkeley.edu/pipeline/AGBT16B_999_46/holding/spliced_blc0001020304050607_guppi_57677_41907_HIP35298_0018.gpuspec.0002.h5
HIP35300	https://bldata.berkeley.edu/pipeline/AGBT16B_999_46/holding/spliced_blc0001020304050607_guppi_57677_44164_HIP35300_0024.gpuspec.0002.h5
HIP35321	https://bldata.berkeley.edu/pipeline/AGBT16B_999_70/holding/spliced_blc0001020304050607_guppi_57708_30700_HIP35321_0040.gpuspec.0002.h5
HIP35331	https://bldata.berkeley.edu/pipeline/AGBT16A_999_203/holding/spliced_blc0001020304050607_guppi_57533_78782_HIP35331_0018.gpuspec.0002.h5
HIP35344	https://bldata.berkeley.edu/pipeline/AGBT16A_999_203/holding/spliced_blc0001020304050607_guppi_57533_79467_HIP35344_0020.gpuspec.0002.h5
HIP35345	https://bldata.berkeley.edu/pipeline/AGBT16B_999_46/holding/spliced_blc0001020304050607_guppi_57677_42663_HIP35345_0020.gpuspec.0002.h5
HIP35346	https://bldata.berkeley.edu/pipeline/AGBT16A_999_203/holding/spliced_blc0001020304050607_guppi_57533_81563_HIP35346_0003.gpuspec.0002.h5
HIP35349	https://bldata.berkeley.edu/pipeline/AGBT16A_999_203/holding/spliced_blc0001020304050607_guppi_57533_82260_HIP35349_0005.gpuspec.0002.h5
HIP35353	https://bldata.berkeley.edu/pipeline/AGBT17A_999_11/holding/spliced_blc0001020304050607_guppi_57807_12032_HIP35353_0021.gpuspec.0002.h5
HIP35369	https://bldata.berkeley.edu/pipeline/AGBT17A_999_11/holding/spliced_blc0001020304050607_guppi_57807_11244_HIP35369_0019.gpuspec.0002.h5
HIP35410	https://bldata.berkeley.edu/pipeline/AGBT17A_999_11/holding/spliced_blc0001020304050607_guppi_57807_12760_HIP35410_0023.gpuspec.0002.h5
HIP35472	https://bldata.berkeley.edu/pipeline/AGBT16B_999_70/holding/spliced_blc0001020304050607_guppi_57708_31410_HIP35472_0042.gpuspec.0002.h5
HIP35491	https://bldata.berkeley.edu/pipeline/AGBT16B_999_70/holding/spliced_blc0001020304050607_guppi_57708_32116_HIP35491_0044.gpuspec.0002.h5
HIP35529	https://bldata.berkeley.edu/pipeline/AGBT16B_999_46/holding/spliced_blc0001020304050607_guppi_57677_44865_HIP35529_0026.gpuspec.0002.h5
HIP35543	https://bldata.berkeley.edu/pipeline/AGBT17A_999_11/holding/spliced_blc0001020304050607_guppi_57807_16365_HIP35543_0033.gpuspec.0002.h5
HIP35631	https://bldata.berkeley.edu/pipeline/AGBT17A_999_11/holding/spliced_blc0001020304050607_guppi_57807_17053_HIP35631_0035.gpuspec.0002.h5
HIP35640	https://bldata.berkeley.edu/pipeline/AGBT17A_999_11/holding/spliced_blc0001020304050607_guppi_57807_13476_HIP35640_0025.gpuspec.0002.h5
HIP3566	https://bldata.berkeley.edu/pipeline/AGBT17A_999_97/holding/spliced_blc0001020304050607_guppi_57956_41061_HIP3566_0008.gpuspec.0002.h5
HIP35687	https://bldata.berkeley.edu/pipeline/AGBT16B_999_12/holding/spliced_blc0001020304050607_guppi_57620_54277_Hip35687_0040.gpuspec.0002.h5
HIP35702	https://bldata.berkeley.edu/pipeline/AGBT17A_999_11/holding/spliced_blc0001020304050607_guppi_57807_15569_HIP35702_0031.gpuspec.0002.h5
HIP35705	https://bldata.berkeley.edu/pipeline/AGBT17A_999_11/holding/spliced_blc0001020304050607_guppi_57807_17738_HIP35705_0037.gpuspec.0002.h5
HIP35718	https://bldata.berkeley.edu/pipeline/AGBT17A_999_14/holding/spliced_blc0001020304050607_guppi_57810_07280_HIP35718_0009.gpuspec.0002.h5
HIP35729	https://bldata.berkeley.edu/pipeline/AGBT17A_999_96/holding/spliced_blc0001020304050607_guppi_57955_65153_HIP35729_0014.gpuspec.0002.h5
HIP35748	https://bldata.berkeley.edu/pipeline/AGBT16B_999_12/holding/spliced_blc0001020304050607_guppi_57620_55045_Hip35748_0042.gpuspec.0002.h5
HIP35754	https://bldata.berkeley.edu/pipeline/AGBT17A_999_14/holding/spliced_blc0001020304050607_guppi_57810_07965_HIP35754_0011.gpuspec.0002.h5
HIP35824	https://bldata.berkeley.edu/pipeline/AGBT17A_999_96/holding/spliced_blc0001020304050607_guppi_57955_65828_HIP35824_0016.gpuspec.0002.h5
HIP35825	https://bldata.berkeley.edu/pipeline/AGBT16B_999_12/holding/spliced_blc0001020304050607_guppi_57620_55778_Hip35825_0044.gpuspec.0002.h5
HIP35867	https://bldata.berkeley.edu/pipeline/AGBT16B_999_70/holding/spliced_blc0001020304050607_guppi_57708_32810_HIP35867_0046.gpuspec.0002.h5
HIP35871	https://bldata.berkeley.edu/pipeline/AGBT17A_999_14/holding/spliced_blc0001020304050607_guppi_57810_08650_HIP35871_0013.gpuspec.0002.h5
HIP3597	https://bldata.berkeley.edu/pipeline/AGBT17A_999_08/holding/spliced_blc0001020304050607_guppi_57803_81768_HIP3597_0035.gpuspec.0002.h5
HIP36005	https://bldata.berkeley.edu/pipeline/AGBT16B_999_20/holding/spliced_blc0001020304050607_guppi_57635_52194_Hip36005_0052.gpuspec.0002.h5
HIP36014	https://bldata.berkeley.edu/pipeline/AGBT16B_999_70/holding/spliced_blc0001020304050607_guppi_57708_33491_HIP36014_0048.gpuspec.0002.h5
HIP36031	https://bldata.berkeley.edu/pipeline/AGBT17A_999_14/holding/spliced_blc0001020304050607_guppi_57810_09341_HIP36031_0015.gpuspec.0002.h5
HIP36059	https://bldata.berkeley.edu/pipeline/AGBT16B_999_20/holding/spliced_blc0001020304050607_guppi_57635_52889_Hip36059_0054.gpuspec.0002.h5
HIP36071	https://bldata.berkeley.edu/pipeline/AGBT17A_999_14/holding/spliced_blc0001020304050607_guppi_57810_11413_HIP36071_0021.gpuspec.0002.h5
HIP36130	https://bldata.berkeley.edu/pipeline/AGBT17A_999_14/holding/spliced_blc0001020304050607_guppi_57810_12102_HIP36130_0023.gpuspec.0002.h5
HIP36172	https://bldata.berkeley.edu/pipeline/AGBT17A_999_96/holding/spliced_blc0001020304050607_guppi_57955_66520_HIP36172_0018.gpuspec.0002.h5
HIP36186	https://bldata.berkeley.edu/pipeline/AGBT18B_999_27/holding/spliced_blc0001020304050607_guppi_58385_42771_HIP36186_0070.gpuspec.0002.h5
HIP36188	https://bldata.berkeley.edu/pipeline/AGBT16B_999_20/holding/spliced_blc0001020304050607_guppi_57635_53582_Hip36188_0056.gpuspec.0002.h5
HIP36208	https://bldata.berkeley.edu/pipeline/AGBT17A_999_14/holding/spliced_blc0001020304050607_guppi_57810_10031_HIP36208_0017.gpuspec.0002.h5
HIP36248	https://bldata.berkeley.edu/pipeline/AGBT16B_999_70/holding/spliced_blc0001020304050607_guppi_57708_34860_HIP36248_0052.gpuspec.0002.h5
HIP36250	https://bldata.berkeley.edu/pipeline/AGBT18B_999_27/holding/spliced_blc0001020304050607_guppi_58385_43435_HIP36250_0072.gpuspec.0002.h5
HIP36310	https://bldata.berkeley.edu/pipeline/AGBT17A_999_14/holding/spliced_blc0001020304050607_guppi_57810_10719_HIP36310_0019.gpuspec.0002.h5
HIP36344	https://bldata.berkeley.edu/pipeline/AGBT16B_999_70/holding/spliced_blc0001020304050607_guppi_57708_34166_HIP36344_0050.gpuspec.0002.h5
HIP36372	https://bldata.berkeley.edu/pipeline/AGBT18B_999_27/holding/spliced_blc0001020304050607_guppi_58385_44103_HIP36372_0074.gpuspec.0002.h5
HIP36383	https://bldata.berkeley.edu/pipeline/AGBT17A_999_14/holding/spliced_blc0001020304050607_guppi_57810_14994_HIP36383_0031.gpuspec.0002.h5
HIP36488	https://bldata.berkeley.edu/pipeline/AGBT17A_999_96/holding/spliced_blc0001020304050607_guppi_57955_69984_HIP36488_0028.gpuspec.0002.h5
HIP36499	https://bldata.berkeley.edu/pipeline/AGBT17A_999_14/holding/spliced_blc0001020304050607_guppi_57810_15747_HIP36499_0033.gpuspec.0002.h5
HIP36505	https://bldata.berkeley.edu/pipeline/AGBT17A_999_14/holding/spliced_blc0001020304050607_guppi_57810_16436_HIP36505_0035.gpuspec.0002.h5
HIP36519	https://bldata.berkeley.edu/pipeline/AGBT17A_999_14/holding/spliced_blc0001020304050607_guppi_57810_12787_HIP36519_0025.gpuspec.0002.h5
HIP36530	https://bldata.berkeley.edu/pipeline/AGBT17A_999_22/holding/spliced_blc0001020304050607_guppi_57824_01265_HIP36530_0003.gpuspec.0002.h5
HIP36536	https://bldata.berkeley.edu/pipeline/AGBT16B_999_70/holding/spliced_blc0001020304050607_guppi_57708_35536_HIP36536_0054.gpuspec.0002.h5
HIP3657	https://bldata.berkeley.edu/pipeline/AGBT17A_999_97/holding/spliced_blc0001020304050607_guppi_57956_45587_HIP3657_0010.gpuspec.0002.h5
HIP36581	https://bldata.berkeley.edu/pipeline/AGBT16A_999_198/holding/spliced_blc0001020304050607_guppi_57529_77424_HIP36581_0007.gpuspec.0002.h5
HIP36660	https://bldata.berkeley.edu/pipeline/AGBT18B_999_27/holding/spliced_blc0001020304050607_guppi_58385_50967_HIP36660_0094.gpuspec.0002.h5
HIP36693	https://bldata.berkeley.edu/pipeline/AGBT17A_999_14/holding/spliced_blc0001020304050607_guppi_57810_17122_HIP36693_0037.gpuspec.0002.h5
HIP36718	https://bldata.berkeley.edu/pipeline/AGBT16A_999_198/holding/spliced_blc0001020304050607_guppi_57529_78110_HIP36718_0011.gpuspec.0002.h5
HIP36725	https://bldata.berkeley.edu/pipeline/AGBT16A_999_198/holding/spliced_blc0001020304050607_guppi_57529_78786_HIP36725_0015.gpuspec.0002.h5
HIP3677	https://bldata.berkeley.edu/pipeline/AGBT17A_999_08/holding/spliced_blc0001020304050607_guppi_57803_82459_HIP3677_0037.gpuspec.0002.h5
HIP36815	https://bldata.berkeley.edu/pipeline/AGBT17A_999_22/holding/spliced_blc0001020304050607_guppi_57824_01959_HIP36815_0005.gpuspec.0002.h5
HIP36817	https://bldata.berkeley.edu/pipeline/AGBT16A_999_153/holding/spliced_blc0001020304050607_2bit_guppi_57497_83302_HIP36817_0005.gpuspec.0002.h5
HIP36853	https://bldata.berkeley.edu/pipeline/AGBT17A_999_22/holding/spliced_blc0001020304050607_guppi_57824_05647_HIP36853_0015.gpuspec.0002.h5
HIP36855	https://bldata.berkeley.edu/pipeline/AGBT16B_999_70/holding/spliced_blc0001020304050607_guppi_57708_36207_HIP36855_0056.gpuspec.0002.h5
HIP36878	https://bldata.berkeley.edu/pipeline/AGBT17A_999_22/holding/spliced_blc0001020304050607_guppi_57824_03462_HIP36878_0009.gpuspec.0002.h5
HIP36887	https://bldata.berkeley.edu/pipeline/AGBT17A_999_22/holding/spliced_blc0001020304050607_guppi_57824_06379_HIP36887_0017.gpuspec.0002.h5
HIP36898	https://bldata.berkeley.edu/pipeline/AGBT17A_999_22/holding/spliced_blc0001020304050607_guppi_57824_07114_HIP36898_0019.gpuspec.0002.h5
HIP36916	https://bldata.berkeley.edu/pipeline/AGBT16B_999_70/holding/spliced_blc0001020304050607_guppi_57708_37566_HIP36916_0060.gpuspec.0002.h5
HIP36925	https://bldata.berkeley.edu/pipeline/AGBT18B_999_27/holding/spliced_blc0001020304050607_guppi_58385_48928_HIP36925_0088.gpuspec.0002.h5
HIP36958	https://bldata.berkeley.edu/pipeline/AGBT16B_999_70/holding/spliced_blc0001020304050607_guppi_57708_38239_HIP36958_0062.gpuspec.0002.h5
HIP37009	https://bldata.berkeley.edu/pipeline/AGBT18B_999_27/holding/spliced_blc0001020304050607_guppi_58385_49611_HIP37009_0090.gpuspec.0002.h5
HIP37035	https://bldata.berkeley.edu/pipeline/AGBT17A_999_22/holding/spliced_blc0001020304050607_guppi_57824_02648_HIP37035_0007.gpuspec.0002.h5
HIP37061	https://bldata.berkeley.edu/pipeline/AGBT16A_999_223/holding/spliced_blc0001020304050607_guppi_57556_74076_HIP37061_0008.gpuspec.0002.h5
HIP37064	https://bldata.berkeley.edu/pipeline/AGBT16A_999_198/holding/spliced_blc0001020304050607_guppi_57529_80866_HIP37064_0027.gpuspec.0002.h5
HIP37071	https://bldata.berkeley.edu/pipeline/AGBT17A_999_22/holding/spliced_blc0001020304050607_guppi_57824_08608_HIP37071_0023.gpuspec.0002.h5
HIP3709	https://bldata.berkeley.edu/pipeline/AGBT16A_999_165/holding/spliced_blc0001020304050607_guppi_57507_61467_HIP3709_0010.gpuspec.0002.h5
HIP37095	https://bldata.berkeley.edu/pipeline/AGBT17A_999_22/holding/spliced_blc0001020304050607_guppi_57824_09352_HIP37095_0025.gpuspec.0002.h5
HIP37107	https://bldata.berkeley.edu/pipeline/AGBT18B_999_27/holding/spliced_blc0001020304050607_guppi_58385_50288_HIP37107_0092.gpuspec.0002.h5
HIP3713	https://bldata.berkeley.edu/pipeline/AGBT16B_999_09/holding/spliced_blc0001020304050607_guppi_57614_27938_Hip3713_0020.gpuspec.0002.h5
HIP37130	https://bldata.berkeley.edu/pipeline/AGBT17A_999_22/holding/spliced_blc0001020304050607_guppi_57824_04157_HIP37130_0011.gpuspec.0002.h5
HIP3723	https://bldata.berkeley.edu/pipeline/AGBT18A_999_88/holding/spliced_blc2021222324252627_guppi_58293_53261_HIP3723_0049.gpuspec.0002.h5
HIP37263	https://bldata.berkeley.edu/pipeline/AGBT17A_999_22/holding/spliced_blc0001020304050607_guppi_57824_04848_HIP37263_0013.gpuspec.0002.h5
HIP37267	https://bldata.berkeley.edu/pipeline/AGBT16A_999_198/holding/spliced_blc0001020304050607_guppi_57529_81557_HIP37267_0031.gpuspec.0002.h5
HIP37296	https://bldata.berkeley.edu/pipeline/AGBT17A_999_22/holding/spliced_blc0001020304050607_guppi_57824_10163_HIP37296_0027.gpuspec.0002.h5
HIP37327	https://bldata.berkeley.edu/pipeline/AGBT17A_999_22/holding/spliced_blc0001020304050607_guppi_57824_10862_HIP37327_0029.gpuspec.0002.h5
HIP37362	https://bldata.berkeley.edu/pipeline/AGBT16A_999_223/holding/spliced_blc0001020304050607_guppi_57556_74754_HIP37362_0010.gpuspec.0002.h5
HIP37366	https://bldata.berkeley.edu/pipeline/AGBT17A_999_22/holding/spliced_blc0001020304050607_guppi_57824_11560_HIP37366_0031.gpuspec.0002.h5
HIP3739	https://bldata.berkeley.edu/pipeline/AGBT18A_999_88/holding/spliced_blc2021222324252627_guppi_58293_53933_HIP3739_0051.gpuspec.0002.h5
HIP37426	https://bldata.berkeley.edu/pipeline/AGBT17A_999_22/holding/spliced_blc0001020304050607_guppi_57824_12287_HIP37426_0033.gpuspec.0002.h5
HIP37431	https://bldata.berkeley.edu/pipeline/AGBT16A_999_223/holding/spliced_blc0001020304050607_guppi_57556_75426_HIP37431_0012.gpuspec.0002.h5
HIP37434	https://bldata.berkeley.edu/pipeline/AGBT16A_999_198/holding/spliced_blc0001020304050607_guppi_57529_82246_HIP37434_0035.gpuspec.0002.h5
HIP37476	https://bldata.berkeley.edu/pipeline/AGBT17A_999_26/holding/spliced_blc0001020304050607_guppi_57829_00631_HIP37476_0003.gpuspec.0002.h5
HIP37492	https://bldata.berkeley.edu/pipeline/AGBT17A_999_26/holding/spliced_blc0001020304050607_guppi_57829_02758_HIP37492_0009.gpuspec.0002.h5
HIP37518	https://bldata.berkeley.edu/pipeline/AGBT17A_999_26/holding/spliced_blc0001020304050607_guppi_57829_03467_HIP37518_0011.gpuspec.0002.h5
HIP37579	https://bldata.berkeley.edu/pipeline/AGBT17A_999_26/holding/spliced_blc0001020304050607_guppi_57829_01332_HIP37579_0005.gpuspec.0002.h5
HIP37581	https://bldata.berkeley.edu/pipeline/AGBT16B_999_90/holding/spliced_blc0001020304050607_guppi_57735_24437_HIP37581_0040.gpuspec.0002.h5
HIP37593	https://bldata.berkeley.edu/pipeline/AGBT17A_999_22/holding/spliced_blc0001020304050607_guppi_57824_12995_HIP37593_0035.gpuspec.0002.h5
HIP37602	https://bldata.berkeley.edu/pipeline/AGBT16A_999_198/holding/spliced_blc0001020304050607_guppi_57529_82930_HIP37602_0039.gpuspec.0002.h5
HIP37613	https://bldata.berkeley.edu/pipeline/AGBT16B_999_90/holding/spliced_blc0001020304050607_guppi_57735_25101_HIP37613_0042.gpuspec.0002.h5
HIP37619	https://bldata.berkeley.edu/pipeline/AGBT17A_999_22/holding/spliced_blc0001020304050607_guppi_57824_13701_HIP37619_0037.gpuspec.0002.h5
HIP37656	https://bldata.berkeley.edu/pipeline/AGBT16A_999_198/holding/spliced_blc0001020304050607_guppi_57529_85693_HIP37656_0055.gpuspec.0002.h5
HIP37662	https://bldata.berkeley.edu/pipeline/AGBT16A_999_198/holding/spliced_blc0001020304050607_guppi_57529_83644_HIP37662_0043.gpuspec.0002.h5
HIP37681	https://bldata.berkeley.edu/pipeline/AGBT16B_999_90/holding/spliced_blc0001020304050607_guppi_57735_25773_HIP37681_0044.gpuspec.0002.h5
HIP37705	https://bldata.berkeley.edu/pipeline/AGBT17A_999_26/holding/spliced_blc0001020304050607_guppi_57829_04901_HIP37705_0015.gpuspec.0002.h5
HIP37759	https://bldata.berkeley.edu/pipeline/AGBT16A_999_198/holding/spliced_blc0001020304050607_guppi_57529_84321_HIP37759_0047.gpuspec.0002.h5
HIP37769	https://bldata.berkeley.edu/pipeline/AGBT16A_999_198/holding/spliced_blc0001020304050607_guppi_57529_84996_HIP37769_0051.gpuspec.0002.h5
HIP37798	https://bldata.berkeley.edu/pipeline/AGBT17A_999_26/holding/spliced_blc0001020304050607_guppi_57829_06320_HIP37798_0019.gpuspec.0002.h5
HIP37828	https://bldata.berkeley.edu/pipeline/AGBT17A_999_77/holding/spliced_blc0001020304050607_guppi_57908_70220_HIP37828_0009.gpuspec.0002.h5
HIP37840	https://bldata.berkeley.edu/pipeline/AGBT17A_999_77/holding/spliced_blc0001020304050607_guppi_57908_70906_HIP37840_0011.gpuspec.0002.h5
HIP37852	https://bldata.berkeley.edu/pipeline/AGBT17A_999_26/holding/spliced_blc0001020304050607_guppi_57829_04173_HIP37852_0013.gpuspec.0002.h5
HIP37898	https://bldata.berkeley.edu/pipeline/AGBT17A_999_77/holding/spliced_blc0001020304050607_guppi_57908_71587_HIP37898_0013.gpuspec.0002.h5
HIP37909	https://bldata.berkeley.edu/pipeline/AGBT17A_999_26/holding/spliced_blc0001020304050607_guppi_57829_02027_HIP37909_0007.gpuspec.0002.h5
HIP37914	https://bldata.berkeley.edu/pipeline/AGBT17A_999_26/holding/spliced_blc0001020304050607_guppi_57829_07090_HIP37914_0021.gpuspec.0002.h5
HIP37961	https://bldata.berkeley.edu/pipeline/AGBT16A_999_235/holding/spliced_blc0001020304050607_guppi_57578_81292_Hip37961_0024.gpuspec.0002.h5
HIP37991	https://bldata.berkeley.edu/pipeline/AGBT17A_999_26/holding/spliced_blc0001020304050607_guppi_57829_09287_HIP37991_0027.gpuspec.0002.h5
HIP38001	https://bldata.berkeley.edu/pipeline/AGBT17A_999_19/holding/spliced_blc0001020304050607_guppi_57817_05748_HIP38001_0009.gpuspec.0002.h5
HIP38026	https://bldata.berkeley.edu/pipeline/AGBT18B_999_27/holding/spliced_blc0001020304050607_guppi_58385_46903_HIP38026_0082.gpuspec.0002.h5
HIP3805	https://bldata.berkeley.edu/pipeline/AGBT18B_999_27/holding/spliced_blc0001020304050607_guppi_58385_22802_HIP3805_0013.gpuspec.0002.h5
HIP38050	https://bldata.berkeley.edu/pipeline/AGBT17A_999_26/holding/spliced_blc0001020304050607_guppi_57829_10032_HIP38050_0029.gpuspec.0002.h5
HIP38088	https://bldata.berkeley.edu/pipeline/AGBT17A_999_19/holding/spliced_blc0001020304050607_guppi_57817_06495_HIP38088_0011.gpuspec.0002.h5
HIP38115	https://bldata.berkeley.edu/pipeline/AGBT16A_999_235/holding/spliced_blc0001020304050607_guppi_57578_81971_Hip38115_0026.gpuspec.0002.h5
HIP38122	https://bldata.berkeley.edu/pipeline/AGBT17A_999_26/holding/spliced_blc0001020304050607_guppi_57829_10765_HIP38122_0031.gpuspec.0002.h5
HIP38225	https://bldata.berkeley.edu/pipeline/AGBT16A_999_235/holding/spliced_blc0001020304050607_guppi_57578_82669_Hip38225_0028.gpuspec.0002.h5
HIP38248	https://bldata.berkeley.edu/pipeline/AGBT17A_999_19/holding/spliced_blc0001020304050607_guppi_57817_07251_HIP38248_0013.gpuspec.0002.h5
HIP38254	https://bldata.berkeley.edu/pipeline/AGBT17A_999_19/holding/spliced_blc0001020304050607_guppi_57817_07998_HIP38254_0015.gpuspec.0002.h5
HIP38266	https://bldata.berkeley.edu/pipeline/AGBT17A_999_19/holding/spliced_blc0001020304050607_guppi_57817_08752_HIP38266_0017.gpuspec.0002.h5
HIP38287	https://bldata.berkeley.edu/pipeline/AGBT17A_999_26/holding/spliced_blc0001020304050607_guppi_57829_07826_HIP38287_0023.gpuspec.0002.h5
HIP38403	https://bldata.berkeley.edu/pipeline/AGBT17A_999_19/holding/spliced_blc0001020304050607_guppi_57817_09481_HIP38403_0019.gpuspec.0002.h5
HIP38492	https://bldata.berkeley.edu/pipeline/AGBT17A_999_26/holding/spliced_blc0001020304050607_guppi_57829_08549_HIP38492_0025.gpuspec.0002.h5
HIP38578	https://bldata.berkeley.edu/pipeline/AGBT18B_999_27/holding/spliced_blc0001020304050607_guppi_58385_47573_HIP38578_0084.gpuspec.0002.h5
HIP3862	https://bldata.berkeley.edu/pipeline/AGBT16B_999_09/holding/spliced_blc0001020304050607_guppi_57614_32834_Hip3862_0034.gpuspec.0002.h5
HIP38644	https://bldata.berkeley.edu/pipeline/AGBT17A_999_29/holding/spliced_blc0001020304050607_guppi_57835_04443_HIP38644_0021.gpuspec.0002.h5
HIP38647	https://bldata.berkeley.edu/pipeline/AGBT17A_999_29/holding/spliced_blc0001020304050607_guppi_57835_05245_HIP38647_0023.gpuspec.0002.h5
HIP38711	https://bldata.berkeley.edu/pipeline/AGBT17A_999_26/holding/spliced_blc0001020304050607_guppi_57829_11524_HIP38711_0033.gpuspec.0002.h5
HIP38723	https://bldata.berkeley.edu/pipeline/AGBT17A_999_29/holding/spliced_blc0001020304050607_guppi_57835_06037_HIP38723_0025.gpuspec.0002.h5
HIP3873	https://bldata.berkeley.edu/pipeline/AGBT17A_999_41/holding/spliced_blc0001020304050607_guppi_57850_66773_HIP3873_0021.gpuspec.0002.h5
HIP38755	https://bldata.berkeley.edu/pipeline/AGBT17A_999_26/holding/spliced_blc0001020304050607_guppi_57829_12250_HIP38755_0035.gpuspec.0002.h5
HIP38761	https://bldata.berkeley.edu/pipeline/AGBT17A_999_26/holding/spliced_blc0001020304050607_guppi_57829_12971_HIP38761_0037.gpuspec.0002.h5
HIP3883	https://bldata.berkeley.edu/pipeline/AGBT17A_999_97/holding/spliced_blc0001020304050607_guppi_57956_46257_HIP3883_0012.gpuspec.0002.h5
HIP3892	https://bldata.berkeley.edu/pipeline/AGBT17A_999_41/holding/spliced_blc0001020304050607_guppi_57850_63404_HIP3892_0011.gpuspec.0002.h5
HIP38949	https://bldata.berkeley.edu/pipeline/AGBT17A_999_06/holding/spliced_blc0001020304050607_guppi_57800_17489_HIP38949_0036.gpuspec.0002.h5
HIP3896	https://bldata.berkeley.edu/pipeline/AGBT18A_999_88/holding/spliced_blc2021222324252627_guppi_58293_50529_HIP3896_0041.gpuspec.0002.h5
HIP38961	https://bldata.berkeley.edu/pipeline/AGBT17A_999_06/holding/spliced_blc0001020304050607_guppi_57800_18217_HIP38961_0038.gpuspec.0002.h5
HIP3897	https://bldata.berkeley.edu/pipeline/AGBT18A_999_88/holding/spliced_blc2021222324252627_guppi_58293_51219_HIP3897_0043.gpuspec.0002.h5
HIP39	https://bldata.berkeley.edu/pipeline/AGBT17A_999_67/holding/spliced_blc2021222324252627_guppi_57895_50930_HIP39_0038.gpuspec.0002.h5
HIP3901	https://bldata.berkeley.edu/pipeline/AGBT17A_999_41/holding/spliced_blc0001020304050607_guppi_57850_64068_HIP3901_0013.gpuspec.0002.h5
HIP3902	https://bldata.berkeley.edu/pipeline/AGBT17A_999_38/holding/spliced_blc0001020304050607_guppi_57847_70082_HIP3902_0026.gpuspec.0002.h5
HIP39036	https://bldata.berkeley.edu/pipeline/AGBT17A_999_06/holding/spliced_blc0001020304050607_guppi_57800_18939_HIP39036_0040.gpuspec.0002.h5
HIP39046	https://bldata.berkeley.edu/pipeline/AGBT18B_999_27/holding/spliced_blc0001020304050607_guppi_58385_48233_HIP39046_0086.gpuspec.0002.h5
HIP39056	https://bldata.berkeley.edu/pipeline/AGBT17A_999_06/holding/spliced_blc0001020304050607_guppi_57800_20657_HIP39056_0045.gpuspec.0002.h5
HIP39125	https://bldata.berkeley.edu/pipeline/AGBT17A_999_06/holding/spliced_blc0001020304050607_guppi_57800_22087_HIP39125_0049.gpuspec.0002.h5
HIP39218	https://bldata.berkeley.edu/pipeline/AGBT17A_999_06/holding/spliced_blc0001020304050607_guppi_57800_21340_HIP39218_0047.gpuspec.0002.h5
HIP39236	https://bldata.berkeley.edu/pipeline/AGBT17A_999_06/holding/spliced_blc0001020304050607_guppi_57800_22782_HIP39236_0051.gpuspec.0002.h5
HIP39325	https://bldata.berkeley.edu/pipeline/AGBT17A_999_06/holding/spliced_blc0001020304050607_guppi_57800_24185_HIP39325_0055.gpuspec.0002.h5
HIP39358	https://bldata.berkeley.edu/pipeline/AGBT17A_999_06/holding/spliced_blc0001020304050607_guppi_57800_23471_HIP39358_0053.gpuspec.0002.h5
HIP39471	https://bldata.berkeley.edu/pipeline/AGBT17A_999_06/holding/spliced_blc0001020304050607_guppi_57800_24871_HIP39471_0057.gpuspec.0002.h5
HIP39480	https://bldata.berkeley.edu/pipeline/AGBT16B_999_46/holding/spliced_blc0001020304050607_guppi_57677_45702_HIP39480_0028.gpuspec.0002.h5
HIP39544	https://bldata.berkeley.edu/pipeline/AGBT17A_999_06/holding/spliced_blc0001020304050607_guppi_57800_25555_HIP39544_0059.gpuspec.0002.h5
HIP39553	https://bldata.berkeley.edu/pipeline/AGBT16B_999_46/holding/spliced_blc0001020304050607_guppi_57677_47977_HIP39553_0034.gpuspec.0002.h5
HIP39595	https://bldata.berkeley.edu/pipeline/AGBT17A_999_29/holding/spliced_blc0001020304050607_guppi_57835_08850_HIP39595_0033.gpuspec.0002.h5
HIP39612	https://bldata.berkeley.edu/pipeline/AGBT16B_999_46/holding/spliced_blc0001020304050607_guppi_57677_46453_HIP39612_0030.gpuspec.0002.h5
HIP39614	https://bldata.berkeley.edu/pipeline/AGBT17A_999_31/holding/spliced_blc0001020304050607_guppi_57837_86293_HIP39614_0009.gpuspec.0002.h5
HIP3963	https://bldata.berkeley.edu/pipeline/AGBT16B_999_09/holding/spliced_blc0001020304050607_guppi_57614_33529_Hip3963_0036.gpuspec.0002.h5
HIP39630	https://bldata.berkeley.edu/pipeline/AGBT16B_999_46/holding/spliced_blc0001020304050607_guppi_57677_47192_HIP39630_0032.gpuspec.0002.h5
HIP39639	https://bldata.berkeley.edu/pipeline/AGBT16A_999_239/holding/spliced_blc0001020304050607_guppi_57584_63012_Hip39639_0010.gpuspec.0002.h5
HIP39673	https://bldata.berkeley.edu/pipeline/AGBT17A_999_29/holding/spliced_blc0001020304050607_guppi_57835_09533_HIP39673_0035.gpuspec.0002.h5
HIP39675	https://bldata.berkeley.edu/pipeline/AGBT17A_999_29/holding/spliced_blc0001020304050607_guppi_57835_10217_HIP39675_0037.gpuspec.0002.h5
HIP39737	https://bldata.berkeley.edu/pipeline/AGBT17A_999_31/holding/spliced_blc0001020304050607_guppi_57838_01966_HIP39737_0015.gpuspec.0002.h5
HIP39764	https://bldata.berkeley.edu/pipeline/AGBT16A_999_239/holding/spliced_blc0001020304050607_guppi_57584_63703_Hip39764_0012.gpuspec.0002.h5
HIP39792	https://bldata.berkeley.edu/pipeline/AGBT17A_999_31/holding/spliced_blc0001020304050607_guppi_57838_00572_HIP39792_0011.gpuspec.0002.h5
HIP39812	https://bldata.berkeley.edu/pipeline/AGBT17A_999_31/holding/spliced_blc0001020304050607_guppi_57838_02651_HIP39812_0017.gpuspec.0002.h5
HIP3985	https://bldata.berkeley.edu/pipeline/AGBT16B_999_09/holding/spliced_blc0001020304050607_guppi_57614_34934_Hip3985_0040.gpuspec.0002.h5
HIP39872	https://bldata.berkeley.edu/pipeline/AGBT16B_999_46/holding/spliced_blc0001020304050607_guppi_57677_48684_HIP39872_0036.gpuspec.0002.h5
HIP39898	https://bldata.berkeley.edu/pipeline/AGBT17A_999_29/holding/spliced_blc0001020304050607_guppi_57835_06846_HIP39898_0027.gpuspec.0002.h5
HIP3991	https://bldata.berkeley.edu/pipeline/AGBT18A_999_88/holding/spliced_blc2021222324252627_guppi_58293_51908_HIP3991_0045.gpuspec.0002.h5
HIP39923	https://bldata.berkeley.edu/pipeline/AGBT17A_999_29/holding/spliced_blc0001020304050607_guppi_57835_07511_HIP39923_0029.gpuspec.0002.h5
HIP39924	https://bldata.berkeley.edu/pipeline/AGBT16B_999_46/holding/spliced_blc0001020304050607_guppi_57677_49387_HIP39924_0038.gpuspec.0002.h5
HIP39939	https://bldata.berkeley.edu/pipeline/AGBT17A_999_31/holding/spliced_blc0001020304050607_guppi_57838_01251_HIP39939_0013.gpuspec.0002.h5
HIP40061	https://bldata.berkeley.edu/pipeline/AGBT17A_999_31/holding/spliced_blc0001020304050607_guppi_57838_06222_HIP40061_0027.gpuspec.0002.h5
HIP40080	https://bldata.berkeley.edu/pipeline/AGBT17A_999_31/holding/spliced_blc0001020304050607_guppi_57838_06910_HIP40080_0029.gpuspec.0002.h5
HIP40087	https://bldata.berkeley.edu/pipeline/AGBT17A_999_31/holding/spliced_blc0001020304050607_guppi_57838_08280_HIP40087_0033.gpuspec.0002.h5
HIP40102	https://bldata.berkeley.edu/pipeline/AGBT17A_999_31/holding/spliced_blc0001020304050607_guppi_57838_04042_HIP40102_0021.gpuspec.0002.h5
HIP40120	https://bldata.berkeley.edu/pipeline/AGBT17A_999_31/holding/spliced_blc0001020304050607_guppi_57838_04747_HIP40120_0023.gpuspec.0002.h5
HIP40133	https://bldata.berkeley.edu/pipeline/AGBT17A_999_31/holding/spliced_blc0001020304050607_guppi_57838_03334_HIP40133_0019.gpuspec.0002.h5
HIP40146	https://bldata.berkeley.edu/pipeline/AGBT17A_999_29/holding/spliced_blc0001020304050607_guppi_57835_08176_HIP40146_0031.gpuspec.0002.h5
HIP40157	https://bldata.berkeley.edu/pipeline/AGBT17A_999_31/holding/spliced_blc0001020304050607_guppi_57838_05458_HIP40157_0025.gpuspec.0002.h5
HIP40253	https://bldata.berkeley.edu/pipeline/AGBT16A_999_223/holding/spliced_blc0001020304050607_guppi_57556_80790_HIP40253_0026.gpuspec.0002.h5
HIP40273	https://bldata.berkeley.edu/pipeline/AGBT16A_999_223/holding/spliced_blc0001020304050607_guppi_57556_81479_HIP40273_0028.gpuspec.0002.h5
HIP40383	https://bldata.berkeley.edu/pipeline/AGBT16A_999_223/holding/spliced_blc0001020304050607_guppi_57556_82157_HIP40383_0030.gpuspec.0002.h5
HIP4039	https://bldata.berkeley.edu/pipeline/AGBT17A_999_41/holding/spliced_blc0001020304050607_guppi_57850_64737_HIP4039_0015.gpuspec.0002.h5
HIP40426	https://bldata.berkeley.edu/pipeline/AGBT17A_999_31/holding/spliced_blc0001020304050607_guppi_57838_07594_HIP40426_0031.gpuspec.0002.h5
HIP4044	https://bldata.berkeley.edu/pipeline/AGBT16B_999_09/holding/spliced_blc0001020304050607_guppi_57614_30769_Hip4044_0028.gpuspec.0002.h5
HIP40474	https://bldata.berkeley.edu/pipeline/AGBT16A_999_239/holding/spliced_blc0001020304050607_guppi_57584_64381_Hip40474_0014.gpuspec.0002.h5
HIP40517	https://bldata.berkeley.edu/pipeline/AGBT16B_999_90/holding/spliced_blc0001020304050607_guppi_57735_30807_HIP40517_0058.gpuspec.0002.h5
HIP40653	https://bldata.berkeley.edu/pipeline/AGBT16B_999_90/holding/spliced_blc0001020304050607_guppi_57735_31479_HIP40653_0060.gpuspec.0002.h5
HIP4067	https://bldata.berkeley.edu/pipeline/AGBT16B_999_09/holding/spliced_blc0001020304050607_guppi_57614_34220_Hip4067_0038.gpuspec.0002.h5
HIP40676	https://bldata.berkeley.edu/pipeline/AGBT16B_999_20/holding/spliced_blc0001020304050607_guppi_57635_47962_Hip40676_0040.gpuspec.0002.h5
HIP40858	https://bldata.berkeley.edu/pipeline/AGBT17A_999_31/holding/spliced_blc0001020304050607_guppi_57838_09645_HIP40858_0037.gpuspec.0002.h5
HIP40893	https://bldata.berkeley.edu/pipeline/AGBT17A_999_36/holding/spliced_blc0001020304050607_guppi_57841_83479_HIP40893_0003.gpuspec.0002.h5
HIP40912	https://bldata.berkeley.edu/pipeline/AGBT17A_999_36/holding/spliced_blc0001020304050607_guppi_57841_84174_HIP40912_0005.gpuspec.0002.h5
HIP40955	https://bldata.berkeley.edu/pipeline/AGBT17A_999_36/holding/spliced_blc0001020304050607_guppi_57841_84871_HIP40955_0007.gpuspec.0002.h5
HIP4097	https://bldata.berkeley.edu/pipeline/AGBT17A_999_41/holding/spliced_blc0001020304050607_guppi_57850_67447_HIP4097_0023.gpuspec.0002.h5
HIP41064	https://bldata.berkeley.edu/pipeline/AGBT16B_999_101/holding/spliced_blc0001020304050607_guppi_57749_29990_HIP41064_0004.gpuspec.0002.h5
HIP41124	https://bldata.berkeley.edu/pipeline/AGBT16B_999_20/holding/spliced_blc0001020304050607_guppi_57635_48643_Hip41124_0042.gpuspec.0002.h5
HIP41150	https://bldata.berkeley.edu/pipeline/AGBT16B_999_101/holding/spliced_blc0001020304050607_guppi_57749_30683_HIP41150_0006.gpuspec.0002.h5
HIP41170	https://bldata.berkeley.edu/pipeline/AGBT17A_999_19/holding/spliced_blc0001020304050607_guppi_57817_12204_HIP41170_0027.gpuspec.0002.h5
HIP41183	https://bldata.berkeley.edu/pipeline/AGBT16B_999_101/holding/spliced_blc0001020304050607_guppi_57749_31376_HIP41183_0008.gpuspec.0002.h5
HIP41187	https://bldata.berkeley.edu/pipeline/AGBT16B_999_20/holding/spliced_blc0001020304050607_guppi_57635_49321_Hip41187_0044.gpuspec.0002.h5
HIP41199	https://bldata.berkeley.edu/pipeline/AGBT16B_999_90/holding/spliced_blc0001020304050607_guppi_57735_32153_HIP41199_0062.gpuspec.0002.h5
HIP41214	https://bldata.berkeley.edu/pipeline/AGBT17A_999_36/holding/spliced_blc0001020304050607_guppi_57842_04108_HIP41214_0023.gpuspec.0002.h5
HIP41275	https://bldata.berkeley.edu/pipeline/AGBT17A_999_96/holding/spliced_blc0001020304050607_guppi_57955_67914_HIP41275_0022.gpuspec.0002.h5
HIP41277	https://bldata.berkeley.edu/pipeline/AGBT18A_999_14/holding/spliced_blc1011121314151617_guppi_58174_15888_HIP41277_0003.gpuspec.0002.h5
HIP41308	https://bldata.berkeley.edu/pipeline/AGBT17A_999_19/holding/spliced_blc0001020304050607_guppi_57817_10206_HIP41308_0021.gpuspec.0002.h5
HIP4137	https://bldata.berkeley.edu/pipeline/AGBT16B_999_09/holding/spliced_blc0001020304050607_guppi_57614_31444_Hip4137_0030.gpuspec.0002.h5
HIP41378	https://bldata.berkeley.edu/pipeline/AGBT17A_999_36/holding/spliced_blc0001020304050607_guppi_57842_05538_HIP41378_0027.gpuspec.0002.h5
HIP4142	https://bldata.berkeley.edu/pipeline/AGBT17A_999_41/holding/spliced_blc0001020304050607_guppi_57850_68117_HIP4142_0025.gpuspec.0002.h5
HIP41437	https://bldata.berkeley.edu/pipeline/AGBT18A_999_14/holding/spliced_blc1011121314151617_guppi_58174_16563_HIP41437_0005.gpuspec.0002.h5
HIP41488	https://bldata.berkeley.edu/pipeline/AGBT17A_999_19/holding/spliced_blc0001020304050607_guppi_57817_10873_HIP41488_0023.gpuspec.0002.h5
HIP41506	https://bldata.berkeley.edu/pipeline/AGBT17A_999_36/holding/spliced_blc0001020304050607_guppi_57842_07667_HIP41506_0033.gpuspec.0002.h5
HIP41512	https://bldata.berkeley.edu/pipeline/AGBT17A_999_96/holding/spliced_blc0001020304050607_guppi_57955_68577_HIP41512_0024.gpuspec.0002.h5
HIP41555	https://bldata.berkeley.edu/pipeline/AGBT18A_999_14/holding/spliced_blc1011121314151617_guppi_58174_21981_HIP41555_0021.gpuspec.0002.h5
HIP41578	https://bldata.berkeley.edu/pipeline/AGBT17A_999_36/holding/spliced_blc0001020304050607_guppi_57842_08387_HIP41578_0035.gpuspec.0002.h5
HIP41585	https://bldata.berkeley.edu/pipeline/AGBT16B_999_101/holding/spliced_blc0001020304050607_guppi_57749_32069_HIP41585_0010.gpuspec.0002.h5
HIP41613	https://bldata.berkeley.edu/pipeline/AGBT17A_999_36/holding/spliced_blc0001020304050607_guppi_57842_06249_HIP41613_0029.gpuspec.0002.h5
HIP41648	https://bldata.berkeley.edu/pipeline/AGBT17A_999_36/holding/spliced_blc0001020304050607_guppi_57842_06957_HIP41648_0031.gpuspec.0002.h5
HIP41654	https://bldata.berkeley.edu/pipeline/AGBT18A_999_14/holding/spliced_blc1011121314151617_guppi_58174_22651_HIP41654_0023.gpuspec.0002.h5
HIP4172	https://bldata.berkeley.edu/pipeline/AGBT17A_999_41/holding/spliced_blc0001020304050607_guppi_57850_65408_HIP4172_0017.gpuspec.0002.h5
HIP41731	https://bldata.berkeley.edu/pipeline/AGBT18A_999_14/holding/spliced_blc1011121314151617_guppi_58174_17228_HIP41731_0007.gpuspec.0002.h5
HIP41738	https://bldata.berkeley.edu/pipeline/AGBT18A_999_14/holding/spliced_blc1011121314151617_guppi_58174_23316_HIP41738_0025.gpuspec.0002.h5
HIP41741	https://bldata.berkeley.edu/pipeline/AGBT17A_999_19/holding/spliced_blc0001020304050607_guppi_57817_11545_HIP41741_0025.gpuspec.0002.h5
HIP41743	https://bldata.berkeley.edu/pipeline/AGBT16B_999_101/holding/spliced_blc0001020304050607_guppi_57749_34150_HIP41743_0016.gpuspec.0002.h5
HIP41776	https://bldata.berkeley.edu/pipeline/AGBT18A_999_14/holding/spliced_blc1011121314151617_guppi_58174_19259_HIP41776_0013.gpuspec.0002.h5
HIP41790	https://bldata.berkeley.edu/pipeline/AGBT16B_999_101/holding/spliced_blc0001020304050607_guppi_57749_32761_HIP41790_0012.gpuspec.0002.h5
HIP418	https://bldata.berkeley.edu/pipeline/AGBT17A_999_97/holding/spliced_blc0001020304050607_guppi_57956_46951_HIP418_0014.gpuspec.0002.h5
HIP41816	https://bldata.berkeley.edu/pipeline/AGBT16B_999_101/holding/spliced_blc0001020304050607_guppi_57749_34845_HIP41816_0018.gpuspec.0002.h5
HIP4182	https://bldata.berkeley.edu/pipeline/AGBT16A_999_165/holding/spliced_blc0001020304050607_guppi_57507_64159_HIP4182_0018.gpuspec.0002.h5
HIP41843	https://bldata.berkeley.edu/pipeline/AGBT18A_999_14/holding/spliced_blc1011121314151617_guppi_58174_25348_HIP41843_0031.gpuspec.0002.h5
HIP41883	https://bldata.berkeley.edu/pipeline/AGBT16B_999_101/holding/spliced_blc0001020304050607_guppi_57749_35537_HIP41883_0020.gpuspec.0002.h5
HIP41923	https://bldata.berkeley.edu/pipeline/AGBT17A_999_37/holding/spliced_blc0001020304050607_guppi_57846_82366_HIP41923_0003.gpuspec.0002.h5
HIP4198	https://bldata.berkeley.edu/pipeline/AGBT16B_999_21/holding/spliced_blc0001020304050607_guppi_57640_12048_HIP4198_0004.gpuspec.0002.h5
HIP42	https://bldata.berkeley.edu/pipeline/AGBT17B_999_15/holding/spliced_blc2021222324252627_guppi_57992_32436_HIP42_0021.gpuspec.0002.h5
HIP42012	https://bldata.berkeley.edu/pipeline/AGBT17A_999_36/holding/spliced_blc0001020304050607_guppi_57842_09099_HIP42012_0037.gpuspec.0002.h5
HIP42049	https://bldata.berkeley.edu/pipeline/AGBT16B_999_24/holding/spliced_blc0001020304050607_guppi_57645_58050_Hip42049_0040.gpuspec.0002.h5
HIP42051	https://bldata.berkeley.edu/pipeline/AGBT17A_999_37/holding/spliced_blc0001020304050607_guppi_57846_83054_HIP42051_0005.gpuspec.0002.h5
HIP42084	https://bldata.berkeley.edu/pipeline/AGBT16B_999_24/holding/spliced_blc0001020304050607_guppi_57645_58763_Hip42084_0042.gpuspec.0002.h5
HIP42086	https://bldata.berkeley.edu/pipeline/AGBT17A_999_19/holding/spliced_blc0001020304050607_guppi_57817_13525_HIP42086_0031.gpuspec.0002.h5
HIP42112	https://bldata.berkeley.edu/pipeline/AGBT16B_999_101/holding/spliced_blc0001020304050607_guppi_57749_33447_HIP42112_0014.gpuspec.0002.h5
HIP42159	https://bldata.berkeley.edu/pipeline/AGBT16B_999_24/holding/spliced_blc0001020304050607_guppi_57645_59477_Hip42159_0044.gpuspec.0002.h5
HIP4216	https://bldata.berkeley.edu/pipeline/AGBT16B_999_21/holding/spliced_blc0001020304050607_guppi_57640_12725_HIP4216_0006.gpuspec.0002.h5
HIP42189	https://bldata.berkeley.edu/pipeline/AGBT17A_999_37/holding/spliced_blc0001020304050607_guppi_57846_83744_HIP42189_0007.gpuspec.0002.h5
HIP42346	https://bldata.berkeley.edu/pipeline/AGBT16B_999_24/holding/spliced_blc0001020304050607_guppi_57645_60191_Hip42346_0046.gpuspec.0002.h5
HIP42353	https://bldata.berkeley.edu/pipeline/AGBT16B_999_24/holding/spliced_blc0001020304050607_guppi_57645_60902_Hip42353_0048.gpuspec.0002.h5
HIP42371	https://bldata.berkeley.edu/pipeline/AGBT16B_999_24/holding/spliced_blc0001020304050607_guppi_57645_62340_Hip42371_0052.gpuspec.0002.h5
HIP4238	https://bldata.berkeley.edu/pipeline/AGBT16B_999_21/holding/spliced_blc0001020304050607_guppi_57640_14084_HIP4238_0010.gpuspec.0002.h5
HIP42475	https://bldata.berkeley.edu/pipeline/AGBT16B_999_101/holding/spliced_blc0001020304050607_guppi_57749_36253_HIP42475_0022.gpuspec.0002.h5
HIP42476	https://bldata.berkeley.edu/pipeline/AGBT17A_999_37/holding/spliced_blc0001020304050607_guppi_57846_84500_HIP42476_0009.gpuspec.0002.h5
HIP42609	https://bldata.berkeley.edu/bl_tess/x_band/spliced_blc00010203040506o7o0111213141516o7o021222324252627_guppi_58806_20673_HIP42609_0051.gpuspec.0002.h5
HIP4262	https://bldata.berkeley.edu/pipeline/AGBT16B_999_21/holding/spliced_blc0001020304050607_guppi_57640_13403_HIP4262_0008.gpuspec.0002.h5
HIP4264	https://bldata.berkeley.edu/pipeline/AGBT16A_999_165/holding/spliced_blc0001020304050607_guppi_57507_60762_HIP4264_0008.gpuspec.0002.h5
HIP42652	https://bldata.berkeley.edu/pipeline/AGBT17A_999_37/holding/spliced_blc0001020304050607_guppi_57846_85184_HIP42652_0011.gpuspec.0002.h5
HIP4267	https://bldata.berkeley.edu/pipeline/AGBT16B_999_21/holding/spliced_blc0001020304050607_guppi_57640_20288_HIP4267_0028.gpuspec.0002.h5
HIP42696	https://bldata.berkeley.edu/pipeline/AGBT16B_999_101/holding/spliced_blc0001020304050607_guppi_57749_36950_HIP42696_0024.gpuspec.0002.h5
HIP42730	https://bldata.berkeley.edu/pipeline/AGBT16B_999_101/holding/spliced_blc0001020304050607_guppi_57749_37636_HIP42730_0026.gpuspec.0002.h5
HIP42753	https://bldata.berkeley.edu/pipeline/AGBT16B_999_24/holding/spliced_blc0001020304050607_guppi_57645_63047_Hip42753_0054.gpuspec.0002.h5
HIP4276	https://bldata.berkeley.edu/pipeline/AGBT16B_999_09/holding/spliced_blc0001020304050607_guppi_57614_32118_Hip4276_0032.gpuspec.0002.h5
HIP42760	https://bldata.berkeley.edu/bl_tess/l_band/spliced_blc4041424344454647_guppi_58885_71036_HIP42760_0080.rawspec.0000.h5
HIP42763	https://bldata.berkeley.edu/pipeline/AGBT17A_999_46/holding/spliced_blc0001020304050607_guppi_57861_05648_HIP42763_0037.gpuspec.0002.h5
HIP42764	https://bldata.berkeley.edu/pipeline/AGBT16B_999_66/holding/spliced_blc0001020304050607_guppi_57701_41084_HIP42764_0004.gpuspec.0002.h5
HIP42814	https://bldata.berkeley.edu/pipeline/AGBT16B_999_66/holding/spliced_blc0001020304050607_guppi_57701_41789_HIP42814_0006.gpuspec.0002.h5
HIP42853	https://bldata.berkeley.edu/pipeline/AGBT16B_999_66/holding/spliced_blc0001020304050607_guppi_57701_43903_HIP42853_0012.gpuspec.0002.h5
HIP4290	https://bldata.berkeley.edu/pipeline/AGBT16B_999_21/holding/spliced_blc0001020304050607_guppi_57640_14762_HIP4290_0012.gpuspec.0002.h5
HIP42938	https://bldata.berkeley.edu/pipeline/AGBT18A_999_72/holding/spliced_blc1011121314151617_guppi_58266_85220_HIP42938_0016.gpuspec.0002.h5
HIP42952	https://bldata.berkeley.edu/pipeline/AGBT16B_999_66/holding/spliced_blc0001020304050607_guppi_57701_42495_HIP42952_0008.gpuspec.0002.h5
HIP42992	https://bldata.berkeley.edu/pipeline/AGBT17A_999_06/holding/spliced_blc0001020304050607_guppi_57800_12627_HIP42992_0023.gpuspec.0002.h5
HIP4301	https://bldata.berkeley.edu/pipeline/AGBT16B_999_21/holding/spliced_blc0001020304050607_guppi_57640_15441_HIP4301_0014.gpuspec.0002.h5
HIP43014	https://bldata.berkeley.edu/bl_tess/s_band/spliced_blc0001020304050607_guppi_58818_04091_HIP43014_0012.gpuspec.0002.h5
HIP43024	https://bldata.berkeley.edu/pipeline/AGBT18B_999_42/holding/spliced_blc2021222324252627_guppi_58412_42913_HIP43024_0076.gpuspec.0002.h5
HIP4303	https://bldata.berkeley.edu/pipeline/AGBT16B_999_09/holding/spliced_blc0001020304050607_guppi_57614_36349_Hip4303_0044.gpuspec.0002.h5
HIP43038	https://bldata.berkeley.edu/pipeline/AGBT17A_999_06/holding/spliced_blc0001020304050607_guppi_57800_13304_HIP43038_0025.gpuspec.0002.h5
HIP43062	https://bldata.berkeley.edu/pipeline/AGBT17A_999_37/holding/spliced_blc0001020304050607_guppi_57847_00236_HIP43062_0015.gpuspec.0002.h5
HIP43070	https://bldata.berkeley.edu/pipeline/AGBT17A_999_85/holding/spliced_blc1011121314151617_guppi_57927_63361_HIP43070_0009.gpuspec.0002.h5
HIP43078	https://bldata.berkeley.edu/pipeline/AGBT17A_999_06/holding/spliced_blc0001020304050607_guppi_57800_10483_HIP43078_0017.gpuspec.0002.h5
HIP43091	https://bldata.berkeley.edu/pipeline/AGBT17A_999_85/holding/spliced_blc1011121314151617_guppi_57927_65537_HIP43091_0015.gpuspec.0002.h5
HIP43099	https://bldata.berkeley.edu/pipeline/AGBT17A_999_06/holding/spliced_blc0001020304050607_guppi_57800_13978_HIP43099_0027.gpuspec.0002.h5
HIP43131	https://bldata.berkeley.edu/bl_tess/x_band/spliced_blc00010203040506o7o0111213141516o7o021222324252627_guppi_58806_19400_HIP43131_0047.gpuspec.0002.h5
HIP43136	https://bldata.berkeley.edu/pipeline/AGBT17A_999_85/holding/spliced_blc1011121314151617_guppi_57927_64058_HIP43136_0011.gpuspec.0002.h5
HIP43145	https://bldata.berkeley.edu/pipeline/AGBT18A_999_72/holding/spliced_blc1011121314151617_guppi_58266_85890_HIP43145_0018.gpuspec.0002.h5
HIP43151	https://bldata.berkeley.edu/pipeline/AGBT16B_999_32/holding/spliced_blc0001020304050607_guppi_57660_53379_HIP43151_0010.gpuspec.0002.h5
HIP43162	https://bldata.berkeley.edu/pipeline/AGBT16B_999_32/holding/spliced_blc0001020304050607_guppi_57660_54078_HIP43162_0012.gpuspec.0002.h5
HIP43171	https://bldata.berkeley.edu/pipeline/AGBT17A_999_06/holding/spliced_blc0001020304050607_guppi_57800_11158_HIP43171_0019.gpuspec.0002.h5
HIP4318	https://bldata.berkeley.edu/pipeline/AGBT16A_999_165/holding/spliced_blc0001020304050607_guppi_57507_64832_HIP4318_0020.gpuspec.0002.h5
HIP43194	https://bldata.berkeley.edu/pipeline/AGBT17A_999_37/holding/spliced_blc0001020304050607_guppi_57847_00943_HIP43194_0017.gpuspec.0002.h5
HIP43211	https://bldata.berkeley.edu/pipeline/AGBT17A_999_85/holding/spliced_blc1011121314151617_guppi_57927_64753_HIP43211_0013.gpuspec.0002.h5
HIP43213	https://bldata.berkeley.edu/pipeline/AGBT17A_999_85/holding/spliced_blc1011121314151617_guppi_57927_66247_HIP43213_0017.gpuspec.0002.h5
HIP43216	https://bldata.berkeley.edu/pipeline/AGBT17A_999_37/holding/spliced_blc0001020304050607_guppi_57847_09267_HIP43216_0027.gpuspec.0002.h5
HIP43223	https://bldata.berkeley.edu/pipeline/AGBT16B_999_32/holding/spliced_blc0001020304050607_guppi_57660_54778_HIP43223_0014.gpuspec.0002.h5
HIP43242	https://bldata.berkeley.edu/pipeline/AGBT17A_999_06/holding/spliced_blc0001020304050607_guppi_57800_11836_HIP43242_0021.gpuspec.0002.h5
HIP43279	https://bldata.berkeley.edu/pipeline/AGBT17A_999_85/holding/spliced_blc1011121314151617_guppi_57927_66960_HIP43279_0019.gpuspec.0002.h5
HIP43337	https://bldata.berkeley.edu/pipeline/AGBT17A_999_22/holding/spliced_blc0001020304050607_guppi_57824_14526_HIP43337_0039.gpuspec.0002.h5
HIP43343	https://bldata.berkeley.edu/pipeline/AGBT16A_999_180/holding/spliced_blc0001020304050607_guppi_57515_82215_HIP43343_0004.gpuspec.0002.h5
HIP43345	https://bldata.berkeley.edu/pipeline/AGBT17A_999_22/holding/spliced_blc0001020304050607_guppi_57824_15254_HIP43345_0041.gpuspec.0002.h5
HIP43348	https://bldata.berkeley.edu/pipeline/AGBT18A_999_72/holding/spliced_blc1011121314151617_guppi_58267_00164_HIP43348_0020.gpuspec.0002.h5
HIP43372	https://bldata.berkeley.edu/pipeline/AGBT17A_999_22/holding/spliced_blc0001020304050607_guppi_57824_15979_HIP43372_0043.gpuspec.0002.h5
HIP43412	https://bldata.berkeley.edu/pipeline/AGBT16A_999_180/holding/spliced_blc0001020304050607_guppi_57515_82909_HIP43412_0006.gpuspec.0002.h5
HIP43418	https://bldata.berkeley.edu/pipeline/AGBT16A_999_180/holding/spliced_blc0001020304050607_guppi_57515_83602_HIP43418_0008.gpuspec.0002.h5
HIP43419	https://bldata.berkeley.edu/pipeline/AGBT18B_999_42/holding/spliced_blc2021222324252627_guppi_58412_43589_HIP43419_0078.gpuspec.0002.h5
HIP4342	https://bldata.berkeley.edu/pipeline/AGBT16B_999_21/holding/spliced_blc0001020304050607_guppi_57640_18209_HIP4342_0022.gpuspec.0002.h5
HIP43426	https://bldata.berkeley.edu/pipeline/AGBT18B_999_42/holding/spliced_blc2021222324252627_guppi_58412_44304_HIP43426_0080.gpuspec.0002.h5
HIP4351	https://bldata.berkeley.edu/pipeline/AGBT18B_999_01/holding/spliced_blc0001020304050607_guppi_58331_51272_HIP4351_0114.gpuspec.0002.h5
HIP43615	https://bldata.berkeley.edu/pipeline/AGBT17A_999_37/holding/spliced_blc0001020304050607_guppi_57846_85883_HIP43615_0013.gpuspec.0002.h5
HIP43741	https://bldata.berkeley.edu/pipeline/AGBT16B_999_32/holding/spliced_blc0001020304050607_guppi_57660_56204_HIP43741_0018.gpuspec.0002.h5
HIP4380	https://bldata.berkeley.edu/pipeline/AGBT16B_999_21/holding/spliced_blc0001020304050607_guppi_57640_18883_HIP4380_0024.gpuspec.0002.h5
HIP43805	https://bldata.berkeley.edu/pipeline/AGBT16A_999_180/holding/spliced_blc0001020304050607_guppi_57515_84409_HIP43805_0010.gpuspec.0002.h5
HIP4385	https://bldata.berkeley.edu/pipeline/AGBT16B_999_21/holding/spliced_blc0001020304050607_guppi_57640_19558_HIP4385_0026.gpuspec.0002.h5
HIP43859	https://bldata.berkeley.edu/pipeline/AGBT16A_999_180/holding/spliced_blc0001020304050607_guppi_57515_85192_HIP43859_0012.gpuspec.0002.h5
HIP43861	https://bldata.berkeley.edu/pipeline/AGBT16B_999_32/holding/spliced_blc0001020304050607_guppi_57660_58350_HIP43861_0024.gpuspec.0002.h5
HIP43870	https://bldata.berkeley.edu/pipeline/AGBT17A_999_22/holding/spliced_blc0001020304050607_guppi_57824_16706_HIP43870_0045.gpuspec.0002.h5
HIP43944	https://bldata.berkeley.edu/pipeline/AGBT16B_999_32/holding/spliced_blc0001020304050607_guppi_57660_59045_HIP43944_0026.gpuspec.0002.h5
HIP43976	https://bldata.berkeley.edu/pipeline/AGBT16A_999_186/holding/spliced_blc0001020304050607_guppi_57521_00315_HIP43976_0004.gpuspec.0002.h5
HIP43981	https://bldata.berkeley.edu/pipeline/AGBT17A_999_22/holding/spliced_blc0001020304050607_guppi_57824_17402_HIP43981_0047.gpuspec.0002.h5
HIP43994	https://bldata.berkeley.edu/pipeline/AGBT16B_999_32/holding/spliced_blc0001020304050607_guppi_57660_56884_HIP43994_0020.gpuspec.0002.h5
HIP44056	https://bldata.berkeley.edu/pipeline/AGBT16B_999_36/holding/spliced_blc0001020304050607_guppi_57665_52298_HIP44056_0010.gpuspec.0002.h5
HIP44064	https://bldata.berkeley.edu/pipeline/AGBT16B_999_32/holding/spliced_blc0001020304050607_guppi_57660_60439_HIP44064_0030.gpuspec.0002.h5
HIP44071	https://bldata.berkeley.edu/pipeline/AGBT16A_999_180/holding/spliced_blc0001020304050607_guppi_57516_00248_HIP44071_0016.gpuspec.0002.h5
HIP44084	https://bldata.berkeley.edu/pipeline/AGBT16A_999_218/holding/spliced_blc0001020304050607_guppi_57549_81664_HIP44084_0060.gpuspec.0002.h5
HIP44112	https://bldata.berkeley.edu/pipeline/AGBT16A_999_218/holding/spliced_blc0001020304050607_guppi_57549_82336_HIP44112_0062.gpuspec.0002.h5
HIP44115	https://bldata.berkeley.edu/pipeline/AGBT16A_999_186/holding/spliced_blc0001020304050607_guppi_57521_01708_HIP44115_0008.gpuspec.0002.h5
HIP44128	https://bldata.berkeley.edu/pipeline/AGBT16B_999_23/holding/spliced_blc0001020304050607_guppi_57642_60441_Hip44128_0018.gpuspec.0002.h5
HIP44133	https://bldata.berkeley.edu/pipeline/AGBT16A_999_180/holding/spliced_blc0001020304050607_guppi_57516_00924_HIP44133_0018.gpuspec.0002.h5
HIP44140	https://bldata.berkeley.edu/pipeline/AGBT17A_999_22/holding/spliced_blc0001020304050607_guppi_57824_18104_HIP44140_0049.gpuspec.0002.h5
HIP44169	https://bldata.berkeley.edu/pipeline/AGBT16B_999_23/holding/spliced_blc0001020304050607_guppi_57642_61135_Hip44169_0020.gpuspec.0002.h5
HIP44200	https://bldata.berkeley.edu/pipeline/AGBT16B_999_32/holding/spliced_blc0001020304050607_guppi_57660_61854_HIP44200_0034.gpuspec.0002.h5
HIP44229	https://bldata.berkeley.edu/pipeline/AGBT17A_999_22/holding/spliced_blc0001020304050607_guppi_57824_18847_HIP44229_0051.gpuspec.0002.h5
HIP44260	https://bldata.berkeley.edu/pipeline/AGBT16B_999_36/holding/spliced_blc0001020304050607_guppi_57665_54411_HIP44260_0016.gpuspec.0002.h5
HIP44263	https://bldata.berkeley.edu/pipeline/AGBT16B_999_36/holding/spliced_blc0001020304050607_guppi_57665_55103_HIP44263_0018.gpuspec.0002.h5
HIP44264	https://bldata.berkeley.edu/pipeline/AGBT16A_999_180/holding/spliced_blc0001020304050607_guppi_57516_02285_HIP44264_0022.gpuspec.0002.h5
HIP44287	https://bldata.berkeley.edu/pipeline/AGBT16B_999_36/holding/spliced_blc0001020304050607_guppi_57665_55792_HIP44287_0020.gpuspec.0002.h5
HIP44289	https://bldata.berkeley.edu/pipeline/AGBT16A_999_218/holding/spliced_blc0001020304050607_guppi_57549_73404_HIP44289_0036.gpuspec.0002.h5
HIP44336	https://bldata.berkeley.edu/pipeline/AGBT16B_999_36/holding/spliced_blc0001020304050607_guppi_57665_53001_HIP44336_0012.gpuspec.0002.h5
HIP44341	https://bldata.berkeley.edu/pipeline/AGBT16B_999_23/holding/spliced_blc0001020304050607_guppi_57642_57595_Hip44341_0010.gpuspec.0002.h5
HIP44344	https://bldata.berkeley.edu/pipeline/AGBT16B_999_23/holding/spliced_blc0001020304050607_guppi_57642_58285_Hip44344_0012.gpuspec.0002.h5
HIP44358	https://bldata.berkeley.edu/pipeline/AGBT16B_999_36/holding/spliced_blc0001020304050607_guppi_57665_53696_HIP44358_0014.gpuspec.0002.h5
HIP44361	https://bldata.berkeley.edu/pipeline/AGBT16B_999_32/holding/spliced_blc0001020304050607_guppi_57660_62533_HIP44361_0036.gpuspec.0002.h5
HIP4437	https://bldata.berkeley.edu/pipeline/AGBT16A_999_165/holding/spliced_blc0001020304050607_guppi_57507_65507_HIP4437_0022.gpuspec.0002.h5
HIP44392	https://bldata.berkeley.edu/pipeline/AGBT16A_999_218/holding/spliced_blc0001020304050607_guppi_57549_74110_HIP44392_0038.gpuspec.0002.h5
HIP44413	https://bldata.berkeley.edu/pipeline/AGBT16A_999_180/holding/spliced_blc0001020304050607_guppi_57516_04368_HIP44413_0028.gpuspec.0002.h5
HIP44499	https://bldata.berkeley.edu/bl_tess/c_band/spliced_blc40414243444546o7o0515253545556o7o0616263646566o7o071727374757677_guppi_58744_13914_HIP44499_0077.gpuspec.0002.h5
HIP44504	https://bldata.berkeley.edu/pipeline/AGBT16A_999_218/holding/spliced_blc0001020304050607_guppi_57549_74808_HIP44504_0040.gpuspec.0002.h5
HIP44544	https://bldata.berkeley.edu/pipeline/AGBT17A_999_22/holding/spliced_blc0001020304050607_guppi_57824_19537_HIP44544_0053.gpuspec.0002.h5
HIP44552	https://bldata.berkeley.edu/pipeline/AGBT16A_999_180/holding/spliced_blc0001020304050607_guppi_57516_05043_HIP44552_0030.gpuspec.0002.h5
HIP4459	https://bldata.berkeley.edu/pipeline/AGBT16B_999_21/holding/spliced_blc0001020304050607_guppi_57640_20964_HIP4459_0030.gpuspec.0002.h5
HIP44605	https://bldata.berkeley.edu/pipeline/AGBT16B_999_23/holding/spliced_blc0001020304050607_guppi_57642_63931_Hip44605_0028.gpuspec.0002.h5
HIP44638	https://bldata.berkeley.edu/pipeline/AGBT16A_999_251/holding/spliced_blc0001020304050607_guppi_57636_65907_HIP44638_0022.gpuspec.0002.h5
HIP44646	https://bldata.berkeley.edu/pipeline/AGBT16B_999_23/holding/spliced_blc0001020304050607_guppi_57642_64620_Hip44646_0030.gpuspec.0002.h5
HIP44651	https://bldata.berkeley.edu/pipeline/AGBT16B_999_23/holding/spliced_blc0001020304050607_guppi_57642_61853_Hip44651_0022.gpuspec.0002.h5
HIP44654	https://bldata.berkeley.edu/pipeline/AGBT16A_999_251/holding/spliced_blc0001020304050607_guppi_57636_66607_HIP44654_0024.gpuspec.0002.h5
HIP44683	https://bldata.berkeley.edu/pipeline/AGBT17A_999_22/holding/spliced_blc0001020304050607_guppi_57824_20218_HIP44683_0055.gpuspec.0002.h5
HIP44687	https://bldata.berkeley.edu/pipeline/AGBT16B_999_23/holding/spliced_blc0001020304050607_guppi_57642_62548_Hip44687_0024.gpuspec.0002.h5
HIP44696	https://bldata.berkeley.edu/pipeline/AGBT16B_999_46/holding/spliced_blc0001020304050607_guppi_57677_50138_HIP44696_0040.gpuspec.0002.h5
HIP44707	https://bldata.berkeley.edu/pipeline/AGBT16B_999_23/holding/spliced_blc0001020304050607_guppi_57642_65303_Hip44707_0032.gpuspec.0002.h5
HIP44765	https://bldata.berkeley.edu/pipeline/AGBT16B_999_23/holding/spliced_blc0001020304050607_guppi_57642_58970_Hip44765_0014.gpuspec.0002.h5
HIP44840	https://bldata.berkeley.edu/pipeline/AGBT16A_999_251/holding/spliced_blc0001020304050607_guppi_57636_70743_HIP44840_0036.gpuspec.0002.h5
HIP44855	https://bldata.berkeley.edu/pipeline/AGBT16B_999_28/holding/spliced_blc00010203040506071011121314151617_guppi_57656_65909_Hip44855_0034.gpuspec.0002.h5
HIP44856	https://bldata.berkeley.edu/pipeline/AGBT16B_999_23/holding/spliced_blc0001020304050607_guppi_57642_63233_Hip44856_0026.gpuspec.0002.h5
HIP44861	https://bldata.berkeley.edu/pipeline/AGBT16A_999_251/holding/spliced_blc0001020304050607_guppi_57636_71434_HIP44861_0038.gpuspec.0002.h5
HIP44877	https://bldata.berkeley.edu/pipeline/AGBT16A_999_251/holding/spliced_blc0001020304050607_guppi_57636_69352_HIP44877_0032.gpuspec.0002.h5
HIP44885	https://bldata.berkeley.edu/pipeline/AGBT16B_999_28/holding/spliced_blc00010203040506071011121314151617_guppi_57656_66591_Hip44885_0036.gpuspec.0002.h5
HIP44932	https://bldata.berkeley.edu/bl_tess/x_band/spliced_blc00010203040506o7o0111213141516o7o021222324252627_guppi_58806_20035_HIP44932_0049.gpuspec.0002.h5
HIP44956	https://bldata.berkeley.edu/pipeline/AGBT16B_999_32/holding/spliced_blc0001020304050607_guppi_57660_63204_HIP44956_0038.gpuspec.0002.h5
HIP44957	https://bldata.berkeley.edu/pipeline/AGBT16A_999_251/holding/spliced_blc0001020304050607_guppi_57636_67300_HIP44957_0026.gpuspec.0002.h5
HIP44998	https://bldata.berkeley.edu/pipeline/AGBT16B_999_92/holding/spliced_blc0001020304050607_guppi_57739_33380_HIP44998_0006.gpuspec.0002.h5
HIP45015	https://bldata.berkeley.edu/pipeline/AGBT16B_999_28/holding/spliced_blc00010203040506071011121314151617_guppi_57656_67275_Hip45015_0038.gpuspec.0002.h5
HIP45022	https://bldata.berkeley.edu/pipeline/AGBT16B_999_92/holding/spliced_blc0001020304050607_guppi_57739_34045_HIP45022_0008.gpuspec.0002.h5
HIP45041	https://bldata.berkeley.edu/pipeline/AGBT16B_999_46/holding/spliced_blc0001020304050607_guppi_57677_50843_HIP45041_0042.gpuspec.0002.h5
HIP45047	https://bldata.berkeley.edu/pipeline/AGBT16B_999_46/holding/spliced_blc0001020304050607_guppi_57677_51543_HIP45047_0044.gpuspec.0002.h5
HIP45082	https://bldata.berkeley.edu/bl_tess/s_band/spliced_blc0001020304050607_guppi_58818_04730_HIP45082_0014.gpuspec.0002.h5
HIP45174	https://bldata.berkeley.edu/pipeline/AGBT16B_999_02/holding/spliced_blc0001020304050607_guppi_57605_63028_Hip45174_0004.gpuspec.0002.h5
HIP45187	https://bldata.berkeley.edu/pipeline/AGBT16B_999_02/holding/spliced_blc0001020304050607_guppi_57605_63752_Hip45187_0006.gpuspec.0002.h5
HIP45377	https://bldata.berkeley.edu/pipeline/AGBT16A_999_249/holding/spliced_blc0001020304050607_guppi_57599_57219_Hip45377_0050.gpuspec.0002.h5
HIP4540	https://bldata.berkeley.edu/pipeline/AGBT16A_999_232/holding/spliced_blc0001020304050607_guppi_57573_44747_HIP4540_0004.gpuspec.0002.h5
HIP45443	https://bldata.berkeley.edu/pipeline/AGBT16B_999_02/holding/spliced_blc0001020304050607_guppi_57605_64453_Hip45443_0008.gpuspec.0002.h5
HIP45476	https://bldata.berkeley.edu/pipeline/AGBT17B_999_31/holding/spliced_blc0001020304050607_guppi_58010_45160_HIP45476_0035.gpuspec.0002.h5
HIP45497	https://bldata.berkeley.edu/pipeline/AGBT17B_999_31/holding/spliced_blc0001020304050607_guppi_58010_45836_HIP45497_0037.gpuspec.0002.h5
HIP4550	https://bldata.berkeley.edu/pipeline/AGBT17A_999_08/holding/spliced_blc0001020304050607_guppi_57803_83866_HIP4550_0041.gpuspec.0002.h5
HIP45521	https://bldata.berkeley.edu/pipeline/AGBT16B_999_46/holding/spliced_blc0001020304050607_guppi_57677_52252_HIP45521_0046.gpuspec.0002.h5
HIP45563	https://bldata.berkeley.edu/pipeline/AGBT17A_999_37/holding/spliced_blc0001020304050607_guppi_57847_10012_HIP45563_0029.gpuspec.0002.h5
HIP4557	https://bldata.berkeley.edu/pipeline/AGBT18B_999_15/holding/spliced_blc0001020304050607_guppi_58363_45854_HIP4557_0068.gpuspec.0002.h5
HIP45592	https://bldata.berkeley.edu/pipeline/AGBT16B_999_46/holding/spliced_blc0001020304050607_guppi_57677_52961_HIP45592_0048.gpuspec.0002.h5
HIP45593	https://bldata.berkeley.edu/pipeline/AGBT17A_999_37/holding/spliced_blc0001020304050607_guppi_57847_10678_HIP45593_0031.gpuspec.0002.h5
HIP45602	https://bldata.berkeley.edu/pipeline/AGBT16A_999_231/holding/spliced_blc0001020304050607_guppi_57571_79624_HIP45602_0046.gpuspec.0002.h5
HIP45608	https://bldata.berkeley.edu/pipeline/AGBT16A_999_231/holding/spliced_blc0001020304050607_guppi_57571_77491_HIP45608_0040.gpuspec.0002.h5
HIP45616	https://bldata.berkeley.edu/pipeline/AGBT16B_999_02/holding/spliced_blc0001020304050607_guppi_57605_69443_Hip45616_0023.gpuspec.0002.h5
HIP45621	https://bldata.berkeley.edu/pipeline/AGBT16B_999_46/holding/spliced_blc0001020304050607_guppi_57677_54376_HIP45621_0052.gpuspec.0002.h5
HIP45635	https://bldata.berkeley.edu/pipeline/AGBT16B_999_46/holding/spliced_blc0001020304050607_guppi_57677_53668_HIP45635_0050.gpuspec.0002.h5
HIP45645	https://bldata.berkeley.edu/pipeline/AGBT17A_999_06/holding/spliced_blc0001020304050607_guppi_57800_14679_HIP45645_0029.gpuspec.0002.h5
HIP45653	https://bldata.berkeley.edu/pipeline/AGBT16A_999_231/holding/spliced_blc0001020304050607_guppi_57571_78180_HIP45653_0042.gpuspec.0002.h5
HIP45656	https://bldata.berkeley.edu/pipeline/AGBT17A_999_06/holding/spliced_blc0001020304050607_guppi_57800_15357_HIP45656_0031.gpuspec.0002.h5
HIP45669	https://bldata.berkeley.edu/pipeline/AGBT16A_999_231/holding/spliced_blc0001020304050607_guppi_57571_80316_HIP45669_0048.gpuspec.0002.h5
HIP45671	https://bldata.berkeley.edu/pipeline/AGBT16A_999_213/holding/spliced_blc0001020304050607_guppi_57543_00498_HIP45671_0010.gpuspec.0002.h5
HIP45674	https://bldata.berkeley.edu/pipeline/AGBT16A_999_231/holding/spliced_blc0001020304050607_guppi_57571_81007_HIP45674_0050.gpuspec.0002.h5
HIP45680	https://bldata.berkeley.edu/pipeline/AGBT16B_999_42/holding/spliced_blc0001020304050607_guppi_57671_58340_HIP45680_0034.gpuspec.0002.h5
HIP45686	https://bldata.berkeley.edu/pipeline/AGBT16B_999_47/holding/spliced_blc0001020304050607_guppi_57678_53638_HIP45686_0052.gpuspec.0002.h5
HIP45689	https://bldata.berkeley.edu/pipeline/AGBT16B_999_46/holding/spliced_blc0001020304050607_guppi_57677_55077_HIP45689_0054.gpuspec.0002.h5
HIP45710	https://bldata.berkeley.edu/pipeline/AGBT16B_999_46/holding/spliced_blc0001020304050607_guppi_57677_55778_HIP45710_0056.gpuspec.0002.h5
HIP45730	https://bldata.berkeley.edu/pipeline/AGBT17A_999_06/holding/spliced_blc0001020304050607_guppi_57800_16034_HIP45730_0033.gpuspec.0002.h5
HIP45744	https://bldata.berkeley.edu/pipeline/AGBT16B_999_42/holding/spliced_blc0001020304050607_guppi_57671_59021_HIP45744_0036.gpuspec.0002.h5
HIP45771	https://bldata.berkeley.edu/pipeline/AGBT17A_999_37/holding/spliced_blc0001020304050607_guppi_57847_12003_HIP45771_0035.gpuspec.0002.h5
HIP45772	https://bldata.berkeley.edu/pipeline/AGBT16A_999_231/holding/spliced_blc0001020304050607_guppi_57571_78865_HIP45772_0044.gpuspec.0002.h5
HIP45794	https://bldata.berkeley.edu/pipeline/AGBT17A_999_37/holding/spliced_blc0001020304050607_guppi_57847_14995_HIP45794_0044.gpuspec.0002.h5
HIP4582	https://bldata.berkeley.edu/pipeline/AGBT18B_999_15/holding/spliced_blc0001020304050607_guppi_58363_46515_HIP4582_0070.gpuspec.0002.h5
HIP45844	https://bldata.berkeley.edu/pipeline/AGBT16A_999_213/holding/spliced_blc0001020304050607_guppi_57543_01187_HIP45844_0012.gpuspec.0002.h5
HIP45913	https://bldata.berkeley.edu/pipeline/AGBT16B_999_47/holding/spliced_blc0001020304050607_guppi_57678_54354_HIP45913_0054.gpuspec.0002.h5
HIP45925	https://bldata.berkeley.edu/pipeline/AGBT16B_999_42/holding/spliced_blc0001020304050607_guppi_57671_59699_HIP45925_0038.gpuspec.0002.h5
HIP45939	https://bldata.berkeley.edu/pipeline/AGBT17A_999_85/holding/spliced_blc1011121314151617_guppi_57927_68489_HIP45939_0023.gpuspec.0002.h5
HIP4594	https://bldata.berkeley.edu/pipeline/AGBT16A_999_232/holding/spliced_blc0001020304050607_guppi_57573_45430_HIP4594_0006.gpuspec.0002.h5
HIP45954	https://bldata.berkeley.edu/pipeline/AGBT16A_999_213/holding/spliced_blc0001020304050607_guppi_57543_01870_HIP45954_0014.gpuspec.0002.h5
HIP4597	https://bldata.berkeley.edu/pipeline/AGBT16A_999_232/holding/spliced_blc0001020304050607_guppi_57573_46113_HIP4597_0008.gpuspec.0002.h5
HIP46005	https://bldata.berkeley.edu/pipeline/AGBT17A_999_37/holding/spliced_blc0001020304050607_guppi_57847_11335_HIP46005_0033.gpuspec.0002.h5
HIP4601	https://bldata.berkeley.edu/pipeline/AGBT16B_999_21/holding/spliced_blc0001020304050607_guppi_57640_16149_HIP4601_0016.gpuspec.0002.h5
HIP46033	https://bldata.berkeley.edu/pipeline/AGBT16B_999_47/holding/spliced_blc0001020304050607_guppi_57678_55782_HIP46033_0058.gpuspec.0002.h5
HIP46052	https://bldata.berkeley.edu/pipeline/AGBT16B_999_47/holding/spliced_blc0001020304050607_guppi_57678_56497_HIP46052_0060.gpuspec.0002.h5
HIP46066	https://bldata.berkeley.edu/pipeline/AGBT17A_999_37/holding/spliced_blc0001020304050607_guppi_57847_15666_HIP46066_0046.gpuspec.0002.h5
HIP46100	https://bldata.berkeley.edu/pipeline/AGBT16A_999_213/holding/spliced_blc0001020304050607_guppi_57543_04666_HIP46100_0022.gpuspec.0002.h5
HIP46135	https://bldata.berkeley.edu/pipeline/AGBT16A_999_213/holding/spliced_blc0001020304050607_guppi_57543_02588_HIP46135_0016.gpuspec.0002.h5
HIP46167	https://bldata.berkeley.edu/pipeline/AGBT17A_999_85/holding/spliced_blc1011121314151617_guppi_57927_69185_HIP46167_0025.gpuspec.0002.h5
HIP46174	https://bldata.berkeley.edu/pipeline/AGBT16A_999_213/holding/spliced_blc0001020304050607_guppi_57543_03276_HIP46174_0018.gpuspec.0002.h5
HIP462	https://bldata.berkeley.edu/pipeline/AGBT16A_999_189/holding/spliced_blc0001020304050607_guppi_57522_60106_HIP462_0016.gpuspec.0002.h5
HIP46202	https://bldata.berkeley.edu/pipeline/AGBT16B_999_60/holding/spliced_blc0001020304050607_guppi_57695_45158_HIP46202_0010.gpuspec.0002.h5
HIP46239	https://bldata.berkeley.edu/pipeline/AGBT16B_999_02/holding/spliced_blc0001020304050607_guppi_57605_71499_Hip46239_0029.gpuspec.0002.h5
HIP46253	https://bldata.berkeley.edu/pipeline/AGBT18B_999_42/holding/spliced_blc2021222324252627_guppi_58412_36617_HIP46253_0058.gpuspec.0002.h5
HIP46269	https://bldata.berkeley.edu/pipeline/AGBT16A_999_213/holding/spliced_blc0001020304050607_guppi_57543_03970_HIP46269_0020.gpuspec.0002.h5
HIP46272	https://bldata.berkeley.edu/pipeline/AGBT16A_999_213/holding/spliced_blc0001020304050607_guppi_57543_05349_HIP46272_0024.gpuspec.0002.h5
HIP46304	https://bldata.berkeley.edu/pipeline/AGBT16A_999_213/holding/spliced_blc0001020304050607_guppi_57543_06028_HIP46304_0026.gpuspec.0002.h5
HIP46335	https://bldata.berkeley.edu/pipeline/AGBT16B_999_60/holding/spliced_blc0001020304050607_guppi_57695_47363_HIP46335_0016.gpuspec.0002.h5
HIP4635	https://bldata.berkeley.edu/pipeline/AGBT17A_999_08/holding/spliced_blc0001020304050607_guppi_57803_84537_HIP4635_0043.gpuspec.0002.h5
HIP46367	https://bldata.berkeley.edu/pipeline/AGBT16A_999_213/holding/spliced_blc0001020304050607_guppi_57543_06729_HIP46367_0028.gpuspec.0002.h5
HIP46381	https://bldata.berkeley.edu/pipeline/AGBT16B_999_02/holding/spliced_blc0001020304050607_guppi_57605_73949_Hip46381_0004.gpuspec.0002.h5
HIP46387	https://bldata.berkeley.edu/pipeline/AGBT16B_999_02/holding/spliced_blc0001020304050607_guppi_57605_74629_Hip46387_0006.gpuspec.0002.h5
HIP46397	https://bldata.berkeley.edu/pipeline/AGBT16B_999_60/holding/spliced_blc0001020304050607_guppi_57695_48799_HIP46397_0020.gpuspec.0002.h5
HIP46405	https://bldata.berkeley.edu/pipeline/AGBT16B_999_60/holding/spliced_blc0001020304050607_guppi_57695_45890_HIP46405_0012.gpuspec.0002.h5
HIP46432	https://bldata.berkeley.edu/pipeline/AGBT17A_999_37/holding/spliced_blc0001020304050607_guppi_57847_12666_HIP46432_0037.gpuspec.0002.h5
HIP46447	https://bldata.berkeley.edu/pipeline/AGBT16A_999_213/holding/spliced_blc0001020304050607_guppi_57543_07425_HIP46447_0030.gpuspec.0002.h5
HIP46454	https://bldata.berkeley.edu/pipeline/AGBT16A_999_213/holding/spliced_blc0001020304050607_guppi_57543_08116_HIP46454_0032.gpuspec.0002.h5
HIP46474	https://bldata.berkeley.edu/pipeline/AGBT18B_999_42/holding/spliced_blc2021222324252627_guppi_58412_37288_HIP46474_0060.gpuspec.0002.h5
HIP46503	https://bldata.berkeley.edu/pipeline/AGBT16B_999_02/holding/spliced_blc0001020304050607_guppi_57605_75316_Hip46503_0008.gpuspec.0002.h5
HIP4651	https://bldata.berkeley.edu/pipeline/AGBT16B_999_21/holding/spliced_blc0001020304050607_guppi_57640_21641_HIP4651_0032.gpuspec.0002.h5
HIP46588	https://bldata.berkeley.edu/pipeline/AGBT16B_999_60/holding/spliced_blc0001020304050607_guppi_57695_49546_HIP46588_0022.gpuspec.0002.h5
HIP46590	https://bldata.berkeley.edu/pipeline/AGBT16B_999_60/holding/spliced_blc0001020304050607_guppi_57695_50271_HIP46590_0024.gpuspec.0002.h5
HIP46592	https://bldata.berkeley.edu/pipeline/AGBT16B_999_60/holding/spliced_blc0001020304050607_guppi_57695_51708_HIP46592_0028.gpuspec.0002.h5
HIP46604	https://bldata.berkeley.edu/pipeline/AGBT16B_999_60/holding/spliced_blc0001020304050607_guppi_57695_50982_HIP46604_0026.gpuspec.0002.h5
HIP46625	https://bldata.berkeley.edu/pipeline/AGBT16B_999_60/holding/spliced_blc0001020304050607_guppi_57695_52425_HIP46625_0030.gpuspec.0002.h5
HIP46702	https://bldata.berkeley.edu/pipeline/AGBT16B_999_60/holding/spliced_blc0001020304050607_guppi_57695_46618_HIP46702_0014.gpuspec.0002.h5
HIP46726	https://bldata.berkeley.edu/pipeline/AGBT17A_999_50/holding/spliced_blc1011121314151617_guppi_57866_72631_HIP46726_0050.gpuspec.0002.h5
HIP46744	https://bldata.berkeley.edu/pipeline/AGBT18B_999_42/holding/spliced_blc2021222324252627_guppi_58412_37956_HIP46744_0062.gpuspec.0002.h5
HIP46891	https://bldata.berkeley.edu/pipeline/AGBT16B_999_60/holding/spliced_blc0001020304050607_guppi_57695_53132_HIP46891_0032.gpuspec.0002.h5
HIP46936	https://bldata.berkeley.edu/pipeline/AGBT17A_999_77/holding/spliced_blc0001020304050607_guppi_57908_83441_HIP46936_0045.gpuspec.0002.h5
HIP4708	https://bldata.berkeley.edu/pipeline/AGBT16B_999_21/holding/spliced_blc0001020304050607_guppi_57640_16819_HIP4708_0018.gpuspec.0002.h5
HIP47084	https://bldata.berkeley.edu/pipeline/AGBT17A_999_50/holding/spliced_blc1011121314151617_guppi_57866_73306_HIP47084_0052.gpuspec.0002.h5
HIP47109	https://bldata.berkeley.edu/pipeline/AGBT18A_999_72/holding/spliced_blc1011121314151617_guppi_58267_03173_HIP47109_0028.gpuspec.0002.h5
HIP47114	https://bldata.berkeley.edu/pipeline/AGBT17A_999_77/holding/spliced_blc0001020304050607_guppi_57908_84142_HIP47114_0047.gpuspec.0002.h5
HIP47119	https://bldata.berkeley.edu/pipeline/AGBT18B_999_50/holding/spliced_blc1011121314151617_guppi_58420_41835_HIP47119_0084.gpuspec.0002.h5
HIP4713	https://bldata.berkeley.edu/pipeline/AGBT17A_999_97/holding/spliced_blc0001020304050607_guppi_57956_51029_HIP4713_0026.gpuspec.0002.h5
HIP47162	https://bldata.berkeley.edu/pipeline/AGBT18A_999_72/holding/spliced_blc1011121314151617_guppi_58267_03860_HIP47162_0030.gpuspec.0002.h5
HIP47181	https://bldata.berkeley.edu/pipeline/AGBT17A_999_77/holding/spliced_blc0001020304050607_guppi_57908_84831_HIP47181_0049.gpuspec.0002.h5
HIP47182	https://bldata.berkeley.edu/pipeline/AGBT18A_999_72/holding/spliced_blc1011121314151617_guppi_58267_04547_HIP47182_0032.gpuspec.0002.h5
HIP47185	https://bldata.berkeley.edu/pipeline/AGBT17A_999_37/holding/spliced_blc0001020304050607_guppi_57847_13329_HIP47185_0039.gpuspec.0002.h5
HIP47198	https://bldata.berkeley.edu/pipeline/AGBT18A_999_68/holding/spliced_blc0001020304050607_guppi_58260_02544_HIP47198_0018.gpuspec.0002.h5
HIP47249	https://bldata.berkeley.edu/pipeline/AGBT16B_999_60/holding/spliced_blc0001020304050607_guppi_57695_53905_HIP47249_0034.gpuspec.0002.h5
HIP47259	https://bldata.berkeley.edu/pipeline/AGBT18B_999_50/holding/spliced_blc1011121314151617_guppi_58420_43148_HIP47259_0088.gpuspec.0002.h5
HIP47260	https://bldata.berkeley.edu/pipeline/AGBT18B_999_50/holding/spliced_blc1011121314151617_guppi_58420_42491_HIP47260_0086.gpuspec.0002.h5
HIP47293	https://bldata.berkeley.edu/pipeline/AGBT18A_999_68/holding/spliced_blc0001020304050607_guppi_58260_03202_HIP47293_0020.gpuspec.0002.h5
HIP47322	https://bldata.berkeley.edu/pipeline/AGBT16B_999_63/holding/spliced_blc0001020304050607_guppi_57698_41980_HIP47322_0004.gpuspec.0002.h5
HIP4736	https://bldata.berkeley.edu/pipeline/AGBT17A_999_50/holding/spliced_blc1011121314151617_guppi_57866_59320_HIP4736_0012.gpuspec.0002.h5
HIP4737	https://bldata.berkeley.edu/pipeline/AGBT18B_999_15/holding/spliced_blc0001020304050607_guppi_58363_47176_HIP4737_0072.gpuspec.0002.h5
HIP47427	https://bldata.berkeley.edu/pipeline/AGBT16B_999_60/holding/spliced_blc0001020304050607_guppi_57695_54605_HIP47427_0036.gpuspec.0002.h5
HIP47442	https://bldata.berkeley.edu/pipeline/AGBT16B_999_60/holding/spliced_blc0001020304050607_guppi_57695_55304_HIP47442_0038.gpuspec.0002.h5
HIP47463	https://bldata.berkeley.edu/pipeline/AGBT16B_999_63/holding/spliced_blc0001020304050607_guppi_57698_46195_HIP47463_0016.gpuspec.0002.h5
HIP47469	https://bldata.berkeley.edu/pipeline/AGBT18A_999_68/holding/spliced_blc0001020304050607_guppi_58260_03860_HIP47469_0022.gpuspec.0002.h5
HIP4747	https://bldata.berkeley.edu/pipeline/AGBT16B_999_21/holding/spliced_blc0001020304050607_guppi_57640_22397_HIP4747_0034.gpuspec.0002.h5
HIP4752	https://bldata.berkeley.edu/pipeline/AGBT16B_999_21/holding/spliced_blc0001020304050607_guppi_57640_17491_HIP4752_0020.gpuspec.0002.h5
HIP47548	https://bldata.berkeley.edu/pipeline/AGBT16B_999_63/holding/spliced_blc0001020304050607_guppi_57698_42683_HIP47548_0006.gpuspec.0002.h5
HIP47565	https://bldata.berkeley.edu/pipeline/AGBT18B_999_33/holding/spliced_blc0001020304050607_guppi_58404_34099_HIP47565_0020.gpuspec.0002.h5
HIP47573	https://bldata.berkeley.edu/pipeline/AGBT16B_999_63/holding/spliced_blc0001020304050607_guppi_57698_44129_HIP47573_0010.gpuspec.0002.h5
HIP47614	https://bldata.berkeley.edu/pipeline/AGBT18B_999_33/holding/spliced_blc0001020304050607_guppi_58404_34765_HIP47614_0022.gpuspec.0002.h5
HIP47620	https://bldata.berkeley.edu/pipeline/AGBT18B_999_50/holding/spliced_blc1011121314151617_guppi_58420_43821_HIP47620_0090.gpuspec.0002.h5
HIP47639	https://bldata.berkeley.edu/pipeline/AGBT16B_999_63/holding/spliced_blc0001020304050607_guppi_57698_44812_HIP47639_0012.gpuspec.0002.h5
HIP47650	https://bldata.berkeley.edu/pipeline/AGBT18B_999_50/holding/spliced_blc1011121314151617_guppi_58420_44481_HIP47650_0092.gpuspec.0002.h5
HIP47655	https://bldata.berkeley.edu/pipeline/AGBT17A_999_29/holding/spliced_blc0001020304050607_guppi_57835_11151_HIP47655_0039.gpuspec.0002.h5
HIP47665	https://bldata.berkeley.edu/pipeline/AGBT18B_999_33/holding/spliced_blc0001020304050607_guppi_58404_30092_HIP47665_0008.gpuspec.0002.h5
HIP47696	https://bldata.berkeley.edu/pipeline/AGBT16B_999_63/holding/spliced_blc0001020304050607_guppi_57698_45496_HIP47696_0014.gpuspec.0002.h5
HIP47704	https://bldata.berkeley.edu/pipeline/AGBT18B_999_33/holding/spliced_blc0001020304050607_guppi_58404_30758_HIP47704_0010.gpuspec.0002.h5
HIP47735	https://bldata.berkeley.edu/pipeline/AGBT16B_999_63/holding/spliced_blc0001020304050607_guppi_57698_46878_HIP47735_0018.gpuspec.0002.h5
HIP47737	https://bldata.berkeley.edu/pipeline/AGBT18B_999_50/holding/spliced_blc1011121314151617_guppi_58420_45143_HIP47737_0094.gpuspec.0002.h5
HIP47739	https://bldata.berkeley.edu/pipeline/AGBT18B_999_33/holding/spliced_blc0001020304050607_guppi_58404_35427_HIP47739_0024.gpuspec.0002.h5
HIP4777	https://bldata.berkeley.edu/pipeline/AGBT16B_999_21/holding/spliced_blc0001020304050607_guppi_57640_23074_HIP4777_0036.gpuspec.0002.h5
HIP47772	https://bldata.berkeley.edu/pipeline/AGBT17A_999_29/holding/spliced_blc0001020304050607_guppi_57835_13942_HIP47772_0047.gpuspec.0002.h5
HIP47775	https://bldata.berkeley.edu/pipeline/AGBT17A_999_29/holding/spliced_blc0001020304050607_guppi_57835_14659_HIP47775_0049.gpuspec.0002.h5
HIP47791	https://bldata.berkeley.edu/pipeline/AGBT17A_999_29/holding/spliced_blc0001020304050607_guppi_57835_11823_HIP47791_0041.gpuspec.0002.h5
HIP4788	https://bldata.berkeley.edu/pipeline/AGBT17A_999_50/holding/spliced_blc1011121314151617_guppi_57866_60001_HIP4788_0014.gpuspec.0002.h5
HIP47906	https://bldata.berkeley.edu/pipeline/AGBT16B_999_63/holding/spliced_blc0001020304050607_guppi_57698_47555_HIP47906_0020.gpuspec.0002.h5
HIP47993	https://bldata.berkeley.edu/pipeline/AGBT16A_999_231/holding/spliced_blc0001020304050607_guppi_57571_81733_HIP47993_0052.gpuspec.0002.h5
HIP47997	https://bldata.berkeley.edu/pipeline/AGBT16A_999_231/holding/spliced_blc0001020304050607_guppi_57571_82436_HIP47997_0054.gpuspec.0002.h5
HIP48003	https://bldata.berkeley.edu/pipeline/AGBT16A_999_231/holding/spliced_blc0001020304050607_guppi_57571_83126_HIP48003_0056.gpuspec.0002.h5
HIP48049	https://bldata.berkeley.edu/pipeline/AGBT18B_999_33/holding/spliced_blc0001020304050607_guppi_58404_31420_HIP48049_0012.gpuspec.0002.h5
HIP48087	https://bldata.berkeley.edu/pipeline/AGBT18A_999_63/holding/spliced_blc3031323334353637_guppi_58254_06678_HIP48087_0032.gpuspec.0002.h5
HIP48109	https://bldata.berkeley.edu/pipeline/AGBT18A_999_63/holding/spliced_blc3031323334353637_guppi_58254_07345_HIP48109_0034.gpuspec.0002.h5
HIP48113	https://bldata.berkeley.edu/pipeline/AGBT17A_999_29/holding/spliced_blc0001020304050607_guppi_57835_15340_HIP48113_0051.gpuspec.0002.h5
HIP48132	https://bldata.berkeley.edu/pipeline/AGBT17A_999_29/holding/spliced_blc0001020304050607_guppi_57835_12489_HIP48132_0043.gpuspec.0002.h5
HIP48183	https://bldata.berkeley.edu/pipeline/AGBT17A_999_29/holding/spliced_blc0001020304050607_guppi_57835_16015_HIP48183_0053.gpuspec.0002.h5
HIP48225	https://bldata.berkeley.edu/pipeline/AGBT16B_999_63/holding/spliced_blc0001020304050607_guppi_57698_50554_HIP48225_0028.gpuspec.0002.h5
HIP4824	https://bldata.berkeley.edu/pipeline/AGBT17A_999_50/holding/spliced_blc1011121314151617_guppi_57866_60678_HIP4824_0016.gpuspec.0002.h5
HIP48286	https://bldata.berkeley.edu/pipeline/AGBT18A_999_63/holding/spliced_blc3031323334353637_guppi_58254_08009_HIP48286_0036.gpuspec.0002.h5
HIP48306	https://bldata.berkeley.edu/pipeline/AGBT16B_999_66/holding/spliced_blc0001020304050607_guppi_57701_49535_HIP48306_0028.gpuspec.0002.h5
HIP48321	https://bldata.berkeley.edu/pipeline/AGBT16B_999_63/holding/spliced_blc0001020304050607_guppi_57698_51233_HIP48321_0030.gpuspec.0002.h5
HIP48380	https://bldata.berkeley.edu/pipeline/AGBT18A_999_63/holding/spliced_blc3031323334353637_guppi_58254_02619_HIP48380_0020.gpuspec.0002.h5
HIP48401	https://bldata.berkeley.edu/pipeline/AGBT17A_999_29/holding/spliced_blc0001020304050607_guppi_57835_16701_HIP48401_0055.gpuspec.0002.h5
HIP48412	https://bldata.berkeley.edu/pipeline/AGBT18A_999_63/holding/spliced_blc3031323334353637_guppi_58254_03294_HIP48412_0022.gpuspec.0002.h5
HIP48464	https://bldata.berkeley.edu/pipeline/AGBT18B_999_33/holding/spliced_blc0001020304050607_guppi_58404_32118_HIP48464_0014.gpuspec.0002.h5
HIP48475	https://bldata.berkeley.edu/pipeline/AGBT16B_999_66/holding/spliced_blc0001020304050607_guppi_57701_51603_HIP48475_0034.gpuspec.0002.h5
HIP48491	https://bldata.berkeley.edu/pipeline/AGBT16B_999_66/holding/spliced_blc0001020304050607_guppi_57701_50218_HIP48491_0030.gpuspec.0002.h5
HIP48542	https://bldata.berkeley.edu/pipeline/AGBT18A_999_63/holding/spliced_blc3031323334353637_guppi_58254_03965_HIP48542_0024.gpuspec.0002.h5
HIP48570	https://bldata.berkeley.edu/pipeline/AGBT18B_999_33/holding/spliced_blc0001020304050607_guppi_58404_32776_HIP48570_0016.gpuspec.0002.h5
HIP48575	https://bldata.berkeley.edu/pipeline/AGBT16A_999_231/holding/spliced_blc0001020304050607_guppi_57571_83810_HIP48575_0058.gpuspec.0002.h5
HIP48614	https://bldata.berkeley.edu/pipeline/AGBT16A_999_231/holding/spliced_blc0001020304050607_guppi_57571_84496_HIP48614_0060.gpuspec.0002.h5
HIP4868	https://bldata.berkeley.edu/pipeline/AGBT16B_999_13/holding/spliced_blc0001020304050607_guppi_57622_35509_Hip4868_0046.gpuspec.0002.h5
HIP48687	https://bldata.berkeley.edu/pipeline/AGBT16B_999_66/holding/spliced_blc0001020304050607_guppi_57701_50896_HIP48687_0032.gpuspec.0002.h5
HIP48688	https://bldata.berkeley.edu/pipeline/AGBT16A_999_231/holding/spliced_blc0001020304050607_guppi_57571_85178_HIP48688_0062.gpuspec.0002.h5
HIP48725	https://bldata.berkeley.edu/pipeline/AGBT18B_999_33/holding/spliced_blc0001020304050607_guppi_58404_33435_HIP48725_0018.gpuspec.0002.h5
HIP48742	https://bldata.berkeley.edu/pipeline/AGBT18B_999_33/holding/spliced_blc0001020304050607_guppi_58404_36100_HIP48742_0026.gpuspec.0002.h5
HIP48753	https://bldata.berkeley.edu/pipeline/AGBT16B_999_76/holding/spliced_blc0001020304050607_guppi_57718_39436_HIP48753_0010.gpuspec.0002.h5
HIP48754	https://bldata.berkeley.edu/pipeline/AGBT16B_999_76/holding/spliced_blc0001020304050607_guppi_57718_45955_HIP48754_0028.gpuspec.0002.h5
HIP48768	https://bldata.berkeley.edu/pipeline/AGBT16B_999_66/holding/spliced_blc0001020304050607_guppi_57701_52284_HIP48768_0036.gpuspec.0002.h5
HIP48792	https://bldata.berkeley.edu/pipeline/AGBT16B_999_76/holding/spliced_blc0001020304050607_guppi_57718_43908_HIP48792_0022.gpuspec.0002.h5
HIP48820	https://bldata.berkeley.edu/pipeline/AGBT16B_999_66/holding/spliced_blc0001020304050607_guppi_57701_52962_HIP48820_0038.gpuspec.0002.h5
HIP48825	https://bldata.berkeley.edu/pipeline/AGBT16B_999_76/holding/spliced_blc0001020304050607_guppi_57718_40129_HIP48825_0012.gpuspec.0002.h5
HIP48854	https://bldata.berkeley.edu/pipeline/AGBT17A_999_29/holding/spliced_blc0001020304050607_guppi_57835_17449_HIP48854_0057.gpuspec.0002.h5
HIP48883	https://bldata.berkeley.edu/pipeline/AGBT18A_999_72/holding/spliced_blc1011121314151617_guppi_58266_83113_HIP48883_0010.gpuspec.0002.h5
HIP48887	https://bldata.berkeley.edu/pipeline/AGBT16A_999_251/holding/spliced_blc0001020304050607_guppi_57636_59291_HIP48887_0004.gpuspec.0002.h5
HIP48913	https://bldata.berkeley.edu/pipeline/AGBT16B_999_76/holding/spliced_blc0001020304050607_guppi_57718_44591_HIP48913_0024.gpuspec.0002.h5
HIP48924	https://bldata.berkeley.edu/pipeline/AGBT16A_999_251/holding/spliced_blc0001020304050607_guppi_57636_60004_HIP48924_0006.gpuspec.0002.h5
HIP48947	https://bldata.berkeley.edu/pipeline/AGBT16B_999_84/holding/spliced_blc0001020304050607_guppi_57726_35496_HIP48947_0004.gpuspec.0002.h5
HIP48952	https://bldata.berkeley.edu/pipeline/AGBT16A_999_186/holding/spliced_blc0001020304050607_guppi_57521_02439_HIP48952_0010.gpuspec.0002.h5
HIP48954	https://bldata.berkeley.edu/pipeline/AGBT16A_999_251/holding/spliced_blc0001020304050607_guppi_57636_60706_HIP48954_0008.gpuspec.0002.h5
HIP48987	https://bldata.berkeley.edu/pipeline/AGBT16A_999_206/holding/spliced_blc0001020304050607_guppi_57535_83774_HIP48987_0004.gpuspec.0002.h5
HIP48988	https://bldata.berkeley.edu/pipeline/AGBT18A_999_72/holding/spliced_blc1011121314151617_guppi_58266_83788_HIP48988_0012.gpuspec.0002.h5
HIP48991	https://bldata.berkeley.edu/pipeline/AGBT16A_999_206/holding/spliced_blc0001020304050607_guppi_57535_84533_HIP48991_0006.gpuspec.0002.h5
HIP48995	https://bldata.berkeley.edu/pipeline/AGBT16A_999_206/holding/spliced_blc0001020304050607_guppi_57535_85290_HIP48995_0008.gpuspec.0002.h5
HIP49002	https://bldata.berkeley.edu/pipeline/AGBT16B_999_76/holding/spliced_blc0001020304050607_guppi_57718_40818_HIP49002_0014.gpuspec.0002.h5
HIP49010	https://bldata.berkeley.edu/pipeline/AGBT18A_999_63/holding/spliced_blc3031323334353637_guppi_58254_00574_HIP49010_0014.gpuspec.0002.h5
HIP4903	https://bldata.berkeley.edu/pipeline/AGBT16A_999_165/holding/spliced_blc0001020304050607_guppi_57507_66237_HIP4903_0024.gpuspec.0002.h5
HIP49036	https://bldata.berkeley.edu/pipeline/AGBT16B_999_84/holding/spliced_blc0001020304050607_guppi_57726_36189_HIP49036_0006.gpuspec.0002.h5
HIP49056	https://bldata.berkeley.edu/pipeline/AGBT16A_999_186/holding/spliced_blc0001020304050607_guppi_57521_03130_HIP49056_0012.gpuspec.0002.h5
HIP49058	https://bldata.berkeley.edu/pipeline/AGBT16B_999_76/holding/spliced_blc0001020304050607_guppi_57718_48024_HIP49058_0034.gpuspec.0002.h5
HIP49066	https://bldata.berkeley.edu/pipeline/AGBT16A_999_186/holding/spliced_blc0001020304050607_guppi_57521_03824_HIP49066_0014.gpuspec.0002.h5
HIP49067	https://bldata.berkeley.edu/pipeline/AGBT16B_999_76/holding/spliced_blc0001020304050607_guppi_57718_45271_HIP49067_0026.gpuspec.0002.h5
HIP4909	https://bldata.berkeley.edu/pipeline/AGBT16B_999_26/holding/spliced_blc0001020304050607_guppi_57654_23805_Hip4909_0035.gpuspec.0002.h5
HIP49110	https://bldata.berkeley.edu/pipeline/AGBT16B_999_84/holding/spliced_blc0001020304050607_guppi_57726_36889_HIP49110_0008.gpuspec.0002.h5
HIP49125	https://bldata.berkeley.edu/pipeline/AGBT16B_999_76/holding/spliced_blc0001020304050607_guppi_57718_48707_HIP49125_0036.gpuspec.0002.h5
HIP49151	https://bldata.berkeley.edu/pipeline/AGBT16B_999_84/holding/spliced_blc0001020304050607_guppi_57726_37623_HIP49151_0010.gpuspec.0002.h5
HIP49168	https://bldata.berkeley.edu/pipeline/AGBT18A_999_63/holding/spliced_blc3031323334353637_guppi_58254_01254_HIP49168_0016.gpuspec.0002.h5
HIP49174	https://bldata.berkeley.edu/pipeline/AGBT16A_999_206/holding/spliced_blc0001020304050607_guppi_57536_01752_HIP49174_0016.gpuspec.0002.h5
HIP49191	https://bldata.berkeley.edu/pipeline/AGBT17A_999_36/holding/spliced_blc0001020304050607_guppi_57842_15487_HIP49191_0049.gpuspec.0002.h5
HIP49198	https://bldata.berkeley.edu/pipeline/AGBT18A_999_63/holding/spliced_blc3031323334353637_guppi_58254_01930_HIP49198_0018.gpuspec.0002.h5
HIP492	https://bldata.berkeley.edu/pipeline/AGBT16A_999_189/holding/spliced_blc0001020304050607_guppi_57522_55770_HIP492_0004.gpuspec.0002.h5
HIP49242	https://bldata.berkeley.edu/pipeline/AGBT16B_999_84/holding/spliced_blc0001020304050607_guppi_57726_40115_HIP49242_0004.gpuspec.0002.h5
HIP49251	https://bldata.berkeley.edu/pipeline/AGBT16A_999_206/holding/spliced_blc0001020304050607_guppi_57536_03190_HIP49251_0020.gpuspec.0002.h5
HIP49258	https://bldata.berkeley.edu/pipeline/AGBT17A_999_85/holding/spliced_blc1011121314151617_guppi_57927_69903_HIP49258_0027.gpuspec.0002.h5
HIP49263	https://bldata.berkeley.edu/pipeline/AGBT17A_999_36/holding/spliced_blc0001020304050607_guppi_57842_16239_HIP49263_0051.gpuspec.0002.h5
HIP49280	https://bldata.berkeley.edu/pipeline/AGBT16B_999_76/holding/spliced_blc0001020304050607_guppi_57718_49386_HIP49280_0038.gpuspec.0002.h5
HIP49304	https://bldata.berkeley.edu/pipeline/AGBT16B_999_84/holding/spliced_blc0001020304050607_guppi_57726_40798_HIP49304_0006.gpuspec.0002.h5
HIP49305	https://bldata.berkeley.edu/pipeline/AGBT16B_999_84/holding/spliced_blc0001020304050607_guppi_57726_41481_HIP49305_0008.gpuspec.0002.h5
HIP49335	https://bldata.berkeley.edu/pipeline/AGBT16B_999_84/holding/spliced_blc0001020304050607_guppi_57726_38319_HIP49335_0012.gpuspec.0002.h5
HIP49344	https://bldata.berkeley.edu/pipeline/AGBT16A_999_206/holding/spliced_blc0001020304050607_guppi_57535_86044_HIP49344_0010.gpuspec.0002.h5
HIP49363	https://bldata.berkeley.edu/pipeline/AGBT17A_999_85/holding/spliced_blc1011121314151617_guppi_57927_77235_HIP49363_0046.gpuspec.0002.h5
HIP4937	https://bldata.berkeley.edu/pipeline/AGBT17B_999_12/holding/spliced_blc2021222324252627_guppi_57986_32172_HIP4937_0050.gpuspec.0002.h5
HIP49390	https://bldata.berkeley.edu/pipeline/AGBT16B_999_84/holding/spliced_blc0001020304050607_guppi_57726_39410_HIP49390_0002.gpuspec.0002.h5
HIP49392	https://bldata.berkeley.edu/pipeline/AGBT16A_999_206/holding/spliced_blc0001020304050607_guppi_57536_00324_HIP49392_0012.gpuspec.0002.h5
HIP4942	https://bldata.berkeley.edu/pipeline/AGBT17A_999_41/holding/spliced_blc0001020304050607_guppi_57850_66076_HIP4942_0019.gpuspec.0002.h5
HIP49429	https://bldata.berkeley.edu/pipeline/AGBT16B_999_84/holding/spliced_blc0001020304050607_guppi_57726_42266_HIP49429_0010.gpuspec.0002.h5
HIP49444	https://bldata.berkeley.edu/pipeline/AGBT17A_999_85/holding/spliced_blc1011121314151617_guppi_57927_70589_HIP49444_0029.gpuspec.0002.h5
HIP4948	https://bldata.berkeley.edu/pipeline/AGBT16B_999_21/holding/spliced_blc0001020304050607_guppi_57640_23748_HIP4948_0038.gpuspec.0002.h5
HIP4951	https://bldata.berkeley.edu/pipeline/AGBT17B_999_12/holding/spliced_blc2021222324252627_guppi_57986_32835_HIP4951_0052.gpuspec.0002.h5
HIP49512	https://bldata.berkeley.edu/pipeline/AGBT17A_999_85/holding/spliced_blc1011121314151617_guppi_57927_71277_HIP49512_0031.gpuspec.0002.h5
HIP49532	https://bldata.berkeley.edu/pipeline/AGBT17A_999_85/holding/spliced_blc1011121314151617_guppi_57927_77913_HIP49532_0048.gpuspec.0002.h5
HIP49563	https://bldata.berkeley.edu/pipeline/AGBT16B_999_11/holding/spliced_blc0001020304050607_guppi_57619_69200_Hip49563_0022.gpuspec.0002.h5
HIP49576	https://bldata.berkeley.edu/pipeline/AGBT17A_999_46/holding/spliced_blc0001020304050607_guppi_57861_06563_HIP49576_0039.gpuspec.0002.h5
HIP49596	https://bldata.berkeley.edu/pipeline/AGBT16A_999_206/holding/spliced_blc0001020304050607_guppi_57536_01007_HIP49596_0014.gpuspec.0002.h5
HIP49632	https://bldata.berkeley.edu/pipeline/AGBT16B_999_11/holding/spliced_blc0001020304050607_guppi_57619_70624_Hip49632_0026.gpuspec.0002.h5
HIP49634	https://bldata.berkeley.edu/pipeline/AGBT17A_999_46/holding/spliced_blc0001020304050607_guppi_57861_07277_HIP49634_0041.gpuspec.0002.h5
HIP49655	https://bldata.berkeley.edu/pipeline/AGBT16B_999_89/holding/spliced_blc0001020304050607_guppi_57734_33549_HIP49655_0004.gpuspec.0002.h5
HIP4967	https://bldata.berkeley.edu/pipeline/AGBT16A_999_165/holding/spliced_blc0001020304050607_guppi_57507_66912_HIP4967_0026.gpuspec.0002.h5
HIP49677	https://bldata.berkeley.edu/pipeline/AGBT16B_999_84/holding/spliced_blc0001020304050607_guppi_57726_42972_HIP49677_0012.gpuspec.0002.h5
HIP49691	https://bldata.berkeley.edu/pipeline/AGBT16B_999_84/holding/spliced_blc0001020304050607_guppi_57726_43660_HIP49691_0014.gpuspec.0002.h5
HIP49713	https://bldata.berkeley.edu/pipeline/AGBT17A_999_96/holding/spliced_blc0001020304050607_guppi_57955_74928_HIP49713_0042.gpuspec.0002.h5
HIP49719	https://bldata.berkeley.edu/pipeline/AGBT17A_999_69/holding/spliced_blc0001020304050607_guppi_57899_03150_HIP49719_0038.gpuspec.0002.h5
HIP49734	https://bldata.berkeley.edu/pipeline/AGBT17A_999_46/holding/spliced_blc0001020304050607_guppi_57861_07958_HIP49734_0043.gpuspec.0002.h5
HIP49735	https://bldata.berkeley.edu/pipeline/AGBT16B_999_36/holding/spliced_blc0001020304050607_guppi_57665_50185_HIP49735_0004.gpuspec.0002.h5
HIP49738	https://bldata.berkeley.edu/pipeline/AGBT17A_999_85/holding/spliced_blc1011121314151617_guppi_57927_80032_HIP49738_0054.gpuspec.0002.h5
HIP4978	https://bldata.berkeley.edu/pipeline/AGBT16B_999_26/holding/spliced_blc0001020304050607_guppi_57654_25209_Hip4978_0039.gpuspec.0002.h5
HIP49786	https://bldata.berkeley.edu/pipeline/AGBT17A_999_85/holding/spliced_blc1011121314151617_guppi_57927_78587_HIP49786_0050.gpuspec.0002.h5
HIP49812	https://bldata.berkeley.edu/pipeline/AGBT16B_999_89/holding/spliced_blc0001020304050607_guppi_57734_35660_HIP49812_0010.gpuspec.0002.h5
HIP49820	https://bldata.berkeley.edu/pipeline/AGBT16B_999_89/holding/spliced_blc0001020304050607_guppi_57734_34233_HIP49820_0006.gpuspec.0002.h5
HIP49831	https://bldata.berkeley.edu/pipeline/AGBT16B_999_84/holding/spliced_blc0001020304050607_guppi_57726_44362_HIP49831_0016.gpuspec.0002.h5
HIP49882	https://bldata.berkeley.edu/pipeline/AGBT16B_999_84/holding/spliced_blc0001020304050607_guppi_57726_45047_HIP49882_0018.gpuspec.0002.h5
HIP49900	https://bldata.berkeley.edu/pipeline/AGBT16B_999_89/holding/spliced_blc0001020304050607_guppi_57734_36341_HIP49900_0012.gpuspec.0002.h5
HIP49929	https://bldata.berkeley.edu/pipeline/AGBT16B_999_89/holding/spliced_blc0001020304050607_guppi_57734_34915_HIP49929_0008.gpuspec.0002.h5
HIP49970	https://bldata.berkeley.edu/pipeline/AGBT16B_999_36/holding/spliced_blc0001020304050607_guppi_57665_50864_HIP49970_0006.gpuspec.0002.h5
HIP50048	https://bldata.berkeley.edu/pipeline/AGBT16B_999_36/holding/spliced_blc0001020304050607_guppi_57665_51540_HIP50048_0008.gpuspec.0002.h5
HIP50056	https://bldata.berkeley.edu/pipeline/AGBT16B_999_84/holding/spliced_blc0001020304050607_guppi_57726_45728_HIP50056_0020.gpuspec.0002.h5
HIP50097	https://bldata.berkeley.edu/pipeline/AGBT17A_999_46/holding/spliced_blc0001020304050607_guppi_57861_08681_HIP50097_0045.gpuspec.0002.h5
HIP50100	https://bldata.berkeley.edu/pipeline/AGBT16B_999_89/holding/spliced_blc0001020304050607_guppi_57734_37019_HIP50100_0014.gpuspec.0002.h5
HIP5011	https://bldata.berkeley.edu/pipeline/AGBT17B_999_12/holding/spliced_blc2021222324252627_guppi_57986_33499_HIP5011_0054.gpuspec.0002.h5
HIP50127	https://bldata.berkeley.edu/pipeline/AGBT17A_999_46/holding/spliced_blc0001020304050607_guppi_57861_09365_HIP50127_0047.gpuspec.0002.h5
HIP50130	https://bldata.berkeley.edu/pipeline/AGBT16B_999_84/holding/spliced_blc0001020304050607_guppi_57726_47093_HIP50130_0024.gpuspec.0002.h5
HIP50156	https://bldata.berkeley.edu/pipeline/AGBT16B_999_84/holding/spliced_blc0001020304050607_guppi_57726_47771_HIP50156_0026.gpuspec.0002.h5
HIP50172	https://bldata.berkeley.edu/pipeline/AGBT16B_999_89/holding/spliced_blc0001020304050607_guppi_57734_39785_HIP50172_0022.gpuspec.0002.h5
HIP50202	https://bldata.berkeley.edu/pipeline/AGBT16B_999_89/holding/spliced_blc0001020304050607_guppi_57734_39060_HIP50202_0020.gpuspec.0002.h5
HIP50203	https://bldata.berkeley.edu/pipeline/AGBT16B_999_89/holding/spliced_blc0001020304050607_guppi_57734_40480_HIP50203_0024.gpuspec.0002.h5
HIP50213	https://bldata.berkeley.edu/pipeline/AGBT17A_999_69/holding/spliced_blc0001020304050607_guppi_57899_00996_HIP50213_0032.gpuspec.0002.h5
HIP50250	https://bldata.berkeley.edu/pipeline/AGBT18A_999_63/holding/spliced_blc3031323334353637_guppi_58254_05340_HIP50250_0028.gpuspec.0002.h5
HIP50278	https://bldata.berkeley.edu/pipeline/AGBT17A_999_85/holding/spliced_blc1011121314151617_guppi_57927_80746_HIP50278_0056.gpuspec.0002.h5
HIP5029	https://bldata.berkeley.edu/pipeline/AGBT17A_999_97/holding/spliced_blc0001020304050607_guppi_57956_51713_HIP5029_0028.gpuspec.0002.h5
HIP50302	https://bldata.berkeley.edu/pipeline/AGBT16A_999_206/holding/spliced_blc0001020304050607_guppi_57536_03896_HIP50302_0022.gpuspec.0002.h5
HIP50318	https://bldata.berkeley.edu/pipeline/AGBT16A_999_206/holding/spliced_blc0001020304050607_guppi_57536_04617_HIP50318_0024.gpuspec.0002.h5
HIP5032	https://bldata.berkeley.edu/pipeline/AGBT16A_999_165/holding/spliced_blc0001020304050607_guppi_57507_67586_HIP5032_0028.gpuspec.0002.h5
HIP50330	https://bldata.berkeley.edu/pipeline/AGBT17A_999_46/holding/spliced_blc0001020304050607_guppi_57861_13063_HIP50330_0057.gpuspec.0002.h5
HIP50338	https://bldata.berkeley.edu/pipeline/AGBT17A_999_46/holding/spliced_blc0001020304050607_guppi_57861_10905_HIP50338_0051.gpuspec.0002.h5
HIP50345	https://bldata.berkeley.edu/pipeline/AGBT18A_999_63/holding/spliced_blc3031323334353637_guppi_58254_06003_HIP50345_0030.gpuspec.0002.h5
HIP50346	https://bldata.berkeley.edu/pipeline/AGBT16A_999_209/holding/spliced_blc0001020304050607_guppi_57540_03879_HIP50346_0010.gpuspec.0002.h5
HIP50351	https://bldata.berkeley.edu/pipeline/AGBT16B_999_89/holding/spliced_blc0001020304050607_guppi_57734_41874_HIP50351_0028.gpuspec.0002.h5
HIP50369	https://bldata.berkeley.edu/pipeline/AGBT16A_999_209/holding/spliced_blc0001020304050607_guppi_57540_08206_HIP50369_0022.gpuspec.0002.h5
HIP50370	https://bldata.berkeley.edu/pipeline/AGBT16B_999_89/holding/spliced_blc0001020304050607_guppi_57734_41175_HIP50370_0026.gpuspec.0002.h5
HIP50405	https://bldata.berkeley.edu/pipeline/AGBT17A_999_46/holding/spliced_blc0001020304050607_guppi_57861_10052_HIP50405_0049.gpuspec.0002.h5
HIP50440	https://bldata.berkeley.edu/pipeline/AGBT16A_999_209/holding/spliced_blc0001020304050607_guppi_57540_02429_HIP50440_0006.gpuspec.0002.h5
HIP50465	https://bldata.berkeley.edu/pipeline/AGBT16A_999_209/holding/spliced_blc0001020304050607_guppi_57540_08914_HIP50465_0024.gpuspec.0002.h5
HIP50482	https://bldata.berkeley.edu/pipeline/AGBT17A_999_46/holding/spliced_blc0001020304050607_guppi_57861_11577_HIP50482_0053.gpuspec.0002.h5
HIP50487	https://bldata.berkeley.edu/pipeline/AGBT16A_999_209/holding/spliced_blc0001020304050607_guppi_57540_09618_HIP50487_0026.gpuspec.0002.h5
HIP50513	https://bldata.berkeley.edu/pipeline/AGBT16A_999_209/holding/spliced_blc0001020304050607_guppi_57540_03153_HIP50513_0008.gpuspec.0002.h5
HIP50553	https://bldata.berkeley.edu/pipeline/AGBT16A_999_209/holding/spliced_blc0001020304050607_guppi_57540_04595_HIP50553_0012.gpuspec.0002.h5
HIP50606	https://bldata.berkeley.edu/pipeline/AGBT16A_999_209/holding/spliced_blc0001020304050607_guppi_57540_05313_HIP50606_0014.gpuspec.0002.h5
HIP50622	https://bldata.berkeley.edu/pipeline/AGBT16B_999_89/holding/spliced_blc0001020304050607_guppi_57734_42556_HIP50622_0030.gpuspec.0002.h5
HIP50675	https://bldata.berkeley.edu/pipeline/AGBT17A_999_46/holding/spliced_blc0001020304050607_guppi_57861_12235_HIP50675_0055.gpuspec.0002.h5
HIP50679	https://bldata.berkeley.edu/pipeline/AGBT16B_999_94/holding/spliced_blc0001020304050607_guppi_57741_31974_HIP50679_0004.gpuspec.0002.h5
HIP50684	https://bldata.berkeley.edu/pipeline/AGBT16B_999_89/holding/spliced_blc0001020304050607_guppi_57734_43233_HIP50684_0032.gpuspec.0002.h5
HIP50687	https://bldata.berkeley.edu/pipeline/AGBT16B_999_94/holding/spliced_blc0001020304050607_guppi_57741_32687_HIP50687_0006.gpuspec.0002.h5
HIP50709	https://bldata.berkeley.edu/pipeline/AGBT16A_999_206/holding/spliced_blc0001020304050607_guppi_57536_06122_HIP50709_0028.gpuspec.0002.h5
HIP50716	https://bldata.berkeley.edu/pipeline/AGBT16A_999_209/holding/spliced_blc0001020304050607_guppi_57540_10355_HIP50716_0028.gpuspec.0002.h5
HIP50725	https://bldata.berkeley.edu/pipeline/AGBT17B_999_33/holding/spliced_blc0001020304050607_guppi_58014_55522_HIP50725_0009.gpuspec.0002.h5
HIP5073	https://bldata.berkeley.edu/pipeline/AGBT16B_999_26/holding/spliced_blc0001020304050607_guppi_57654_25902_Hip5073_0041.gpuspec.0002.h5
HIP50743	https://bldata.berkeley.edu/pipeline/AGBT16B_999_94/holding/spliced_blc0001020304050607_guppi_57741_33428_HIP50743_0008.gpuspec.0002.h5
HIP50760	https://bldata.berkeley.edu/pipeline/AGBT17A_999_54/holding/spliced_blc0001020304050607_guppi_57869_81017_HIP50760_0015.gpuspec.0002.h5
HIP50794	https://bldata.berkeley.edu/pipeline/AGBT16A_999_206/holding/spliced_blc0001020304050607_guppi_57536_06808_HIP50794_0030.gpuspec.0002.h5
HIP50796	https://bldata.berkeley.edu/pipeline/AGBT16B_999_89/holding/spliced_blc0001020304050607_guppi_57734_43937_HIP50796_0034.gpuspec.0002.h5
HIP50838	https://bldata.berkeley.edu/bl_tess/x_band/spliced_blc00010203040506o7o0111213141516o021222324252627_guppi_58806_22767_HIP50838_0058.gpuspec.0002.h5
HIP50900	https://bldata.berkeley.edu/pipeline/AGBT17A_999_54/holding/spliced_blc0001020304050607_guppi_57869_81695_HIP50900_0017.gpuspec.0002.h5
HIP50957	https://bldata.berkeley.edu/pipeline/AGBT17B_999_33/holding/spliced_blc0001020304050607_guppi_58014_57651_HIP50957_0015.gpuspec.0002.h5
HIP50960	https://bldata.berkeley.edu/pipeline/AGBT16A_999_209/holding/spliced_blc0001020304050607_guppi_57540_06062_HIP50960_0016.gpuspec.0002.h5
HIP51003	https://bldata.berkeley.edu/pipeline/AGBT17B_999_33/holding/spliced_blc0001020304050607_guppi_58014_58317_HIP51003_0017.gpuspec.0002.h5
HIP51055	https://bldata.berkeley.edu/pipeline/AGBT17B_999_33/holding/spliced_blc0001020304050607_guppi_58014_59019_HIP51055_0019.gpuspec.0002.h5
HIP51191	https://bldata.berkeley.edu/pipeline/AGBT16B_999_103/holding/spliced_blc0001020304050607_guppi_57751_29924_HIP51191_0004.gpuspec.0002.h5
HIP51278	https://bldata.berkeley.edu/pipeline/AGBT16B_999_11/holding/spliced_blc0001020304050607_guppi_57619_74186_Hip51278_0036.gpuspec.0002.h5
HIP51285	https://bldata.berkeley.edu/pipeline/AGBT16B_999_103/holding/spliced_blc0001020304050607_guppi_57751_30603_HIP51285_0006.gpuspec.0002.h5
HIP51406	https://bldata.berkeley.edu/pipeline/AGBT16B_999_23/holding/spliced_blc0001020304050607_guppi_57642_66053_Hip51406_0034.gpuspec.0002.h5
HIP51427	https://bldata.berkeley.edu/pipeline/AGBT16B_999_94/holding/spliced_blc0001020304050607_guppi_57741_36295_HIP51427_0016.gpuspec.0002.h5
HIP51434	https://bldata.berkeley.edu/pipeline/AGBT16B_999_94/holding/spliced_blc0001020304050607_guppi_57741_36999_HIP51434_0018.gpuspec.0002.h5
HIP51463	https://bldata.berkeley.edu/pipeline/AGBT16B_999_94/holding/spliced_blc0001020304050607_guppi_57741_37685_HIP51463_0020.gpuspec.0002.h5
HIP51492	https://bldata.berkeley.edu/pipeline/AGBT16B_999_94/holding/spliced_blc0001020304050607_guppi_57741_38507_HIP51492_0022.gpuspec.0002.h5
HIP51574	https://bldata.berkeley.edu/pipeline/AGBT16B_999_23/holding/spliced_blc0001020304050607_guppi_57642_66751_Hip51574_0036.gpuspec.0002.h5
HIP51575	https://bldata.berkeley.edu/pipeline/AGBT16B_999_103/holding/spliced_blc0001020304050607_guppi_57751_33776_HIP51575_0004.gpuspec.0002.h5
HIP5161	https://bldata.berkeley.edu/pipeline/AGBT17A_999_97/holding/spliced_blc0001020304050607_guppi_57956_52394_HIP5161_0030.gpuspec.0002.h5
HIP51639	https://bldata.berkeley.edu/pipeline/AGBT16B_999_94/holding/spliced_blc0001020304050607_guppi_57741_39233_HIP51639_0024.gpuspec.0002.h5
HIP5164	https://bldata.berkeley.edu/pipeline/AGBT16B_999_26/holding/spliced_blc0001020304050607_guppi_57654_24484_Hip5164_0037.gpuspec.0002.h5
HIP51649	https://bldata.berkeley.edu/pipeline/AGBT16B_999_94/holding/spliced_blc0001020304050607_guppi_57741_34136_HIP51649_0010.gpuspec.0002.h5
HIP51664	https://bldata.berkeley.edu/pipeline/AGBT16B_999_23/holding/spliced_blc0001020304050607_guppi_57642_67445_Hip51664_0038.gpuspec.0002.h5
HIP51669	https://bldata.berkeley.edu/pipeline/AGBT16B_999_94/holding/spliced_blc0001020304050607_guppi_57741_34863_HIP51669_0012.gpuspec.0002.h5
HIP51674	https://bldata.berkeley.edu/pipeline/AGBT16B_999_103/holding/spliced_blc0001020304050607_guppi_57751_34448_HIP51674_0006.gpuspec.0002.h5
HIP51693	https://bldata.berkeley.edu/pipeline/AGBT16B_999_94/holding/spliced_blc0001020304050607_guppi_57741_35584_HIP51693_0014.gpuspec.0002.h5
HIP51741	https://bldata.berkeley.edu/pipeline/AGBT17A_999_36/holding/spliced_blc0001020304050607_guppi_57842_09893_HIP51741_0039.gpuspec.0002.h5
HIP51743	https://bldata.berkeley.edu/pipeline/AGBT17A_999_36/holding/spliced_blc0001020304050607_guppi_57842_10591_HIP51743_0041.gpuspec.0002.h5
HIP51769	https://bldata.berkeley.edu/pipeline/AGBT17A_999_36/holding/spliced_blc0001020304050607_guppi_57842_11291_HIP51769_0043.gpuspec.0002.h5
HIP51788	https://bldata.berkeley.edu/bl_tess/c_band/spliced_blc40414243444546o7o0515253545556o7o0616263646566o7o071727374757677_guppi_58803_08428_HIP51788_0012.gpuspec.0002.h5
HIP51884	https://bldata.berkeley.edu/pipeline/AGBT16B_999_103/holding/spliced_blc0001020304050607_guppi_57751_35116_HIP51884_0008.gpuspec.0002.h5
HIP52006	https://bldata.berkeley.edu/pipeline/AGBT16A_999_209/holding/spliced_blc0001020304050607_guppi_57540_06746_HIP52006_0018.gpuspec.0002.h5
HIP52029	https://bldata.berkeley.edu/pipeline/AGBT16A_999_209/holding/spliced_blc0001020304050607_guppi_57540_07429_HIP52029_0020.gpuspec.0002.h5
HIP52030	https://bldata.berkeley.edu/bl_tess/s_band/spliced_blc0001020304050607_guppi_58818_13086_HIP52030_0040.gpuspec.0002.h5
HIP52056	https://bldata.berkeley.edu/pipeline/AGBT16B_999_103/holding/spliced_blc0001020304050607_guppi_57751_38112_HIP52056_0016.gpuspec.0002.h5
HIP52064	https://bldata.berkeley.edu/pipeline/AGBT17A_999_96/holding/spliced_blc0001020304050607_guppi_57955_72087_HIP52064_0034.gpuspec.0002.h5
HIP5209	https://bldata.berkeley.edu/pipeline/AGBT16B_999_26/holding/spliced_blc0001020304050607_guppi_57654_26594_Hip5209_0043.gpuspec.0002.h5
HIP52093	https://bldata.berkeley.edu/pipeline/AGBT17A_999_96/holding/spliced_blc0001020304050607_guppi_57955_72764_HIP52093_0036.gpuspec.0002.h5
HIP52187	https://bldata.berkeley.edu/pipeline/AGBT16B_999_103/holding/spliced_blc0001020304050607_guppi_57751_38803_HIP52187_0018.gpuspec.0002.h5
HIP52193	https://bldata.berkeley.edu/bl_tess/l_band/spliced_blc0001020304050607_guppi_58873_23895_HIP52193_0089.gpuspec.0002.h5
HIP52198	https://bldata.berkeley.edu/pipeline/AGBT16B_999_103/holding/spliced_blc0001020304050607_guppi_57751_39494_HIP52198_0020.gpuspec.0002.h5
HIP52278	https://bldata.berkeley.edu/pipeline/AGBT17A_999_96/holding/spliced_blc0001020304050607_guppi_57955_77055_HIP52278_0048.gpuspec.0002.h5
HIP52382	https://bldata.berkeley.edu/pipeline/AGBT16A_999_186/holding/spliced_blc0001020304050607_guppi_57521_04587_HIP52382_0016.gpuspec.0002.h5
HIP52387	https://bldata.berkeley.edu/pipeline/AGBT16B_999_42/holding/spliced_blc0001020304050607_guppi_57671_47955_HIP52387_0004.gpuspec.0002.h5
HIP52440	https://bldata.berkeley.edu/bl_tess/s_band/spliced_blc0001020304050607_guppi_58818_11810_HIP52440_0036.gpuspec.0002.h5
HIP52464	https://bldata.berkeley.edu/bl_tess/l_band/spliced_blc0001020304050607_guppi_58873_20630_HIP52464_0079.gpuspec.0002.h5
HIP52493	https://bldata.berkeley.edu/pipeline/AGBT16A_999_234/holding/spliced_blc0001020304050607_guppi_57578_00080_Hip52493_0016.gpuspec.0002.h5
HIP52496	https://bldata.berkeley.edu/bl_tess/c_band/spliced_blc40414243444546o7o0515253545556o7o0616263646566o7o071727374757677_guppi_58803_09064_HIP52496_0014.gpuspec.0002.h5
HIP52517	https://bldata.berkeley.edu/pipeline/AGBT16B_999_103/holding/spliced_blc0001020304050607_guppi_57751_40952_HIP52517_0024.gpuspec.0002.h5
HIP52530	https://bldata.berkeley.edu/pipeline/AGBT16A_999_186/holding/spliced_blc0001020304050607_guppi_57521_05294_HIP52530_0018.gpuspec.0002.h5
HIP52542	https://bldata.berkeley.edu/pipeline/AGBT16A_999_200/holding/spliced_blc0001020304050607_guppi_57532_01508_HIP52542_0004.gpuspec.0002.h5
HIP52544	https://bldata.berkeley.edu/pipeline/AGBT16A_999_234/holding/spliced_blc0001020304050607_guppi_57578_00767_Hip52544_0018.gpuspec.0002.h5
HIP52547	https://bldata.berkeley.edu/pipeline/AGBT16A_999_200/holding/spliced_blc0001020304050607_guppi_57532_02193_HIP52547_0006.gpuspec.0002.h5
HIP52554	https://bldata.berkeley.edu/pipeline/AGBT16A_999_200/holding/spliced_blc0001020304050607_guppi_57532_02883_HIP52554_0008.gpuspec.0002.h5
HIP52575	https://bldata.berkeley.edu/pipeline/AGBT16A_999_186/holding/spliced_blc0001020304050607_guppi_57521_05992_HIP52575_0020.gpuspec.0002.h5
HIP526	https://bldata.berkeley.edu/pipeline/AGBT17A_999_97/holding/spliced_blc0001020304050607_guppi_57956_47627_HIP526_0016.gpuspec.0002.h5
HIP52647	https://bldata.berkeley.edu/pipeline/AGBT16A_999_234/holding/spliced_blc0001020304050607_guppi_57578_02237_Hip52647_0022.gpuspec.0002.h5
HIP52667	https://bldata.berkeley.edu/pipeline/AGBT16B_999_110/holding/spliced_blc0001020304050607_guppi_57756_30627_HIP52667_0040.gpuspec.0002.h5
HIP5273	https://bldata.berkeley.edu/pipeline/AGBT16A_999_165/holding/spliced_blc0001020304050607_guppi_57507_63465_HIP5273_0016.gpuspec.0002.h5
HIP5276	https://bldata.berkeley.edu/pipeline/AGBT16A_999_165/holding/spliced_blc0001020304050607_guppi_57507_68257_HIP5276_0030.gpuspec.0002.h5
HIP52796	https://bldata.berkeley.edu/pipeline/AGBT16A_999_234/holding/spliced_blc0001020304050607_guppi_57578_01458_Hip52796_0020.gpuspec.0002.h5
HIP52809	https://bldata.berkeley.edu/pipeline/AGBT16B_999_42/holding/spliced_blc0001020304050607_guppi_57671_49309_HIP52809_0008.gpuspec.0002.h5
HIP52846	https://bldata.berkeley.edu/pipeline/AGBT16B_999_110/holding/spliced_blc0001020304050607_guppi_57756_34792_HIP52846_0052.gpuspec.0002.h5
HIP52881	https://bldata.berkeley.edu/pipeline/AGBT16A_999_234/holding/spliced_blc0001020304050607_guppi_57578_02941_Hip52881_0024.gpuspec.0002.h5
HIP52885	https://bldata.berkeley.edu/pipeline/AGBT16B_999_32/holding/spliced_blc0001020304050607_guppi_57660_51086_HIP52885_0004.gpuspec.0002.h5
HIP52893	https://bldata.berkeley.edu/pipeline/AGBT16B_999_103/holding/spliced_blc0001020304050607_guppi_57751_42414_HIP52893_0028.gpuspec.0002.h5
HIP52895	https://bldata.berkeley.edu/pipeline/AGBT16B_999_32/holding/spliced_blc0001020304050607_guppi_57660_51767_HIP52895_0006.gpuspec.0002.h5
HIP52911	https://bldata.berkeley.edu/pipeline/AGBT16B_999_103/holding/spliced_blc0001020304050607_guppi_57751_43097_HIP52911_0030.gpuspec.0002.h5
HIP52930	https://bldata.berkeley.edu/pipeline/AGBT16B_999_110/holding/spliced_blc0001020304050607_guppi_57756_35504_HIP52930_0054.gpuspec.0002.h5
HIP52936	https://bldata.berkeley.edu/pipeline/AGBT16A_999_213/holding/spliced_blc0001020304050607_guppi_57542_84744_HIP52936_0004.gpuspec.0002.h5
HIP52941	https://bldata.berkeley.edu/pipeline/AGBT16A_999_213/holding/spliced_blc0001020304050607_guppi_57542_85446_HIP52941_0006.gpuspec.0002.h5
HIP52945	https://bldata.berkeley.edu/pipeline/AGBT16B_999_110/holding/spliced_blc0001020304050607_guppi_57756_36215_HIP52945_0056.gpuspec.0002.h5
HIP52966	https://bldata.berkeley.edu/pipeline/AGBT16B_999_103/holding/spliced_blc0001020304050607_guppi_57751_43778_HIP52966_0032.gpuspec.0002.h5
HIP5298	https://bldata.berkeley.edu/pipeline/AGBT18B_999_27/holding/spliced_blc0001020304050607_guppi_58385_30446_HIP5298_0035.gpuspec.0002.h5
HIP52996	https://bldata.berkeley.edu/bl_tess/c_band/spliced_blc40414243444546o7o0515253545556o7o0616263646566o7o071727374757677_guppi_58803_09696_HIP52996_0016.gpuspec.0002.h5
HIP52998	https://bldata.berkeley.edu/pipeline/AGBT16B_999_110/holding/spliced_blc0001020304050607_guppi_57756_31305_HIP52998_0042.gpuspec.0002.h5
HIP53002	https://bldata.berkeley.edu/pipeline/AGBT16A_999_213/holding/spliced_blc0001020304050607_guppi_57542_86169_HIP53002_0008.gpuspec.0002.h5
HIP53005	https://bldata.berkeley.edu/pipeline/AGBT16B_999_110/holding/spliced_blc0001020304050607_guppi_57756_36921_HIP53005_0058.gpuspec.0002.h5
HIP53034	https://bldata.berkeley.edu/pipeline/AGBT16A_999_182/holding/spliced_blc0001020304050607_guppi_57517_06999_HIP53034_0004.gpuspec.0002.h5
HIP53049	https://bldata.berkeley.edu/pipeline/AGBT16B_999_110/holding/spliced_blc0001020304050607_guppi_57756_32710_HIP53049_0046.gpuspec.0002.h5
HIP53051	https://bldata.berkeley.edu/pipeline/AGBT16A_999_251/holding/spliced_blc0001020304050607_guppi_57636_61561_HIP53051_0010.gpuspec.0002.h5
HIP53070	https://bldata.berkeley.edu/pipeline/AGBT16A_999_182/holding/spliced_blc0001020304050607_guppi_57517_07692_HIP53070_0006.gpuspec.0002.h5
HIP53071	https://bldata.berkeley.edu/pipeline/AGBT16B_999_110/holding/spliced_blc0001020304050607_guppi_57756_33390_HIP53071_0048.gpuspec.0002.h5
HIP53072	https://bldata.berkeley.edu/bl_tess/s_band/spliced_blc0001020304050607_guppi_58811_55268_HIP53072_0030.gpuspec.0002.h5
HIP53076	https://bldata.berkeley.edu/pipeline/AGBT16A_999_234/holding/spliced_blc0001020304050607_guppi_57578_03644_Hip53076_0026.gpuspec.0002.h5
HIP53094	https://bldata.berkeley.edu/pipeline/AGBT16B_999_130/holding/spliced_blc0001020304050607_guppi_57786_21038_HIP53094_0003.gpuspec.0002.h5
HIP53117	https://bldata.berkeley.edu/pipeline/AGBT16B_999_110/holding/spliced_blc0001020304050607_guppi_57756_34072_HIP53117_0050.gpuspec.0002.h5
HIP53123	https://bldata.berkeley.edu/bl_tess/s_band/spliced_blc0001020304050607_guppi_58811_55899_HIP53123_0032.gpuspec.0002.h5
HIP53127	https://bldata.berkeley.edu/pipeline/AGBT16A_999_234/holding/spliced_blc0001020304050607_guppi_57578_04370_Hip53127_0028.gpuspec.0002.h5
HIP53141	https://bldata.berkeley.edu/bl_tess/l_band/spliced_blc5051525354555657_guppi_58892_33802_HIP53141_0021.rawspec.0000.h5
HIP53144	https://bldata.berkeley.edu/pipeline/AGBT16B_999_32/holding/spliced_blc0001020304050607_guppi_57660_52472_HIP53144_0008.gpuspec.0002.h5
HIP53158	https://bldata.berkeley.edu/pipeline/AGBT16A_999_234/holding/spliced_blc0001020304050607_guppi_57578_06447_Hip53158_0034.gpuspec.0002.h5
HIP53160	https://bldata.berkeley.edu/pipeline/AGBT16A_999_251/holding/spliced_blc0001020304050607_guppi_57636_62335_HIP53160_0012.gpuspec.0002.h5
HIP53169	https://bldata.berkeley.edu/pipeline/AGBT16B_999_130/holding/spliced_blc0001020304050607_guppi_57786_21710_HIP53169_0005.gpuspec.0002.h5
HIP53170	https://bldata.berkeley.edu/pipeline/AGBT16B_999_130/holding/spliced_blc0001020304050607_guppi_57786_23076_HIP53170_0009.gpuspec.0002.h5
HIP53175	https://bldata.berkeley.edu/bl_tess/x_band/spliced_blc10111213141516o7o0212223242526o7o031323334353637_guppi_58868_41261_HIP53175_0022.gpuspec.0002.h5
HIP53209	https://bldata.berkeley.edu/pipeline/AGBT16A_999_234/holding/spliced_blc0001020304050607_guppi_57578_05058_Hip53209_0030.gpuspec.0002.h5
HIP53238	https://bldata.berkeley.edu/pipeline/AGBT16B_999_130/holding/spliced_blc0001020304050607_guppi_57786_23752_HIP53238_0011.gpuspec.0002.h5
HIP53248	https://bldata.berkeley.edu/bl_tess/c_band/spliced_blc40414243444546o7o0515253545556o7o0616263646566o7o071727374757677_guppi_58744_17133_HIP53248_0087.gpuspec.0002.h5
HIP53256	https://bldata.berkeley.edu/pipeline/AGBT16A_999_234/holding/spliced_blc0001020304050607_guppi_57578_07141_Hip53256_0036.gpuspec.0002.h5
HIP53267	https://bldata.berkeley.edu/pipeline/AGBT16B_999_130/holding/spliced_blc0001020304050607_guppi_57786_22384_HIP53267_0007.gpuspec.0002.h5
HIP53283	https://bldata.berkeley.edu/pipeline/AGBT16A_999_251/holding/spliced_blc0001020304050607_guppi_57636_63072_HIP53283_0014.gpuspec.0002.h5
HIP53287	https://bldata.berkeley.edu/pipeline/AGBT16A_999_182/holding/spliced_blc0001020304050607_guppi_57517_08361_HIP53287_0008.gpuspec.0002.h5
HIP53350	https://bldata.berkeley.edu/pipeline/AGBT16A_999_239/holding/spliced_blc0001020304050607_guppi_57584_73574_Hip53350_0040.gpuspec.0002.h5
HIP53352	https://bldata.berkeley.edu/bl_tess/l_band/spliced_blc0001020304050607_guppi_58873_19345_HIP53352_0075.gpuspec.0002.h5
HIP5339	https://bldata.berkeley.edu/pipeline/AGBT16B_999_13/holding/spliced_blc0001020304050607_guppi_57622_36219_Hip5339_0048.gpuspec.0002.h5
HIP53405	https://bldata.berkeley.edu/pipeline/AGBT16A_999_239/holding/spliced_blc0001020304050607_guppi_57584_74498_Hip53405_0042.gpuspec.0002.h5
HIP53423	https://bldata.berkeley.edu/bl_tess/s_band/spliced_blc0001020304050607_guppi_58811_56530_HIP53423_0034.gpuspec.0002.h5
HIP53430	https://bldata.berkeley.edu/pipeline/AGBT16B_999_130/holding/spliced_blc0001020304050607_guppi_57786_24428_HIP53430_0013.gpuspec.0002.h5
HIP53459	https://bldata.berkeley.edu/pipeline/AGBT16B_999_130/holding/spliced_blc0001020304050607_guppi_57786_28151_HIP53459_0021.gpuspec.0002.h5
HIP53483	https://bldata.berkeley.edu/pipeline/AGBT16A_999_239/holding/spliced_blc0001020304050607_guppi_57584_75970_Hip53483_0044.gpuspec.0002.h5
HIP53494	https://bldata.berkeley.edu/pipeline/AGBT16B_999_130/holding/spliced_blc0001020304050607_guppi_57786_28855_HIP53494_0023.gpuspec.0002.h5
HIP53496	https://bldata.berkeley.edu/pipeline/AGBT16B_999_130/holding/spliced_blc0001020304050607_guppi_57786_29556_HIP53496_0025.gpuspec.0002.h5
HIP53529	https://bldata.berkeley.edu/bl_tess/l_band/spliced_blc5051525354555657_guppi_58892_34466_HIP53529_0023.rawspec.0000.h5
HIP53535	https://bldata.berkeley.edu/pipeline/AGBT16A_999_234/holding/spliced_blc0001020304050607_guppi_57578_07837_Hip53535_0038.gpuspec.0002.h5
HIP53620	https://bldata.berkeley.edu/pipeline/AGBT16A_999_239/holding/spliced_blc0001020304050607_guppi_57584_76801_Hip53620_0046.gpuspec.0002.h5
HIP53634	https://bldata.berkeley.edu/pipeline/AGBT16A_999_234/holding/spliced_blc0001020304050607_guppi_57578_05750_Hip53634_0032.gpuspec.0002.h5
HIP53639	https://bldata.berkeley.edu/bl_tess/l_band/spliced_blc5051525354555657_guppi_58892_35102_HIP53639_0025.rawspec.0000.h5
HIP53640	https://bldata.berkeley.edu/pipeline/AGBT16A_999_239/holding/spliced_blc0001020304050607_guppi_57584_77548_Hip53640_0048.gpuspec.0002.h5
HIP53641	https://bldata.berkeley.edu/pipeline/AGBT16A_999_239/holding/spliced_blc0001020304050607_guppi_57584_78259_Hip53641_0050.gpuspec.0002.h5
HIP53674	https://bldata.berkeley.edu/pipeline/AGBT17A_999_03/holding/spliced_blc0001020304050607_guppi_57793_24808_HIP53674_0043.gpuspec.0002.h5
HIP53697	https://bldata.berkeley.edu/pipeline/AGBT17A_999_11/holding/spliced_blc0001020304050607_guppi_57807_21496_HIP53697_0046.gpuspec.0002.h5
HIP53725	https://bldata.berkeley.edu/pipeline/AGBT17A_999_11/holding/spliced_blc0001020304050607_guppi_57807_22188_HIP53725_0048.gpuspec.0002.h5
HIP53752	https://bldata.berkeley.edu/pipeline/AGBT17A_999_11/holding/spliced_blc0001020304050607_guppi_57807_23614_HIP53752_0052.gpuspec.0002.h5
HIP53759	https://bldata.berkeley.edu/pipeline/AGBT16A_999_182/holding/spliced_blc0001020304050607_guppi_57517_09209_HIP53759_0010.gpuspec.0002.h5
HIP53794	https://bldata.berkeley.edu/pipeline/AGBT17A_999_03/holding/spliced_blc0001020304050607_guppi_57793_22784_HIP53794_0037.gpuspec.0002.h5
HIP53799	https://bldata.berkeley.edu/pipeline/AGBT16B_999_130/holding/spliced_blc0001020304050607_guppi_57786_30292_HIP53799_0027.gpuspec.0002.h5
HIP53813	https://bldata.berkeley.edu/pipeline/AGBT17A_999_11/holding/spliced_blc0001020304050607_guppi_57807_25051_HIP53813_0056.gpuspec.0002.h5
HIP53817	https://bldata.berkeley.edu/pipeline/AGBT17A_999_11/holding/spliced_blc0001020304050607_guppi_57807_22879_HIP53817_0050.gpuspec.0002.h5
HIP5382	https://bldata.berkeley.edu/pipeline/AGBT17A_999_70/holding/spliced_blc0001020304050607_guppi_57899_54939_HIP5382_0004.gpuspec.0002.h5
HIP53820	https://bldata.berkeley.edu/pipeline/AGBT16A_999_182/holding/spliced_blc0001020304050607_guppi_57517_10032_HIP53820_0012.gpuspec.0002.h5
HIP53827	https://bldata.berkeley.edu/pipeline/AGBT17A_999_11/holding/spliced_blc0001020304050607_guppi_57807_25751_HIP53827_0058.gpuspec.0002.h5
HIP53839	https://bldata.berkeley.edu/pipeline/AGBT16A_999_182/holding/spliced_blc0001020304050607_guppi_57517_10836_HIP53839_0014.gpuspec.0002.h5
HIP53886	https://bldata.berkeley.edu/pipeline/AGBT17A_999_14/holding/spliced_blc0001020304050607_guppi_57810_17922_HIP53886_0039.gpuspec.0002.h5
HIP53928	https://bldata.berkeley.edu/pipeline/AGBT17A_999_14/holding/spliced_blc0001020304050607_guppi_57810_18596_HIP53928_0041.gpuspec.0002.h5
HIP53942	https://bldata.berkeley.edu/pipeline/AGBT17A_999_14/holding/spliced_blc0001020304050607_guppi_57810_19269_HIP53942_0043.gpuspec.0002.h5
HIP53956	https://bldata.berkeley.edu/pipeline/AGBT16B_999_94/holding/spliced_blc0001020304050607_guppi_57741_40736_HIP53956_0028.gpuspec.0002.h5
HIP53971	https://bldata.berkeley.edu/pipeline/AGBT17A_999_59/holding/spliced_blc3031323334353637_guppi_57876_11598_HIP53971_0003.gpuspec.0002.h5
HIP54002	https://bldata.berkeley.edu/pipeline/AGBT17A_999_03/holding/spliced_blc0001020304050607_guppi_57793_23454_HIP54002_0039.gpuspec.0002.h5
HIP54015	https://bldata.berkeley.edu/pipeline/AGBT17A_999_03/holding/spliced_blc0001020304050607_guppi_57793_24122_HIP54015_0041.gpuspec.0002.h5
HIP54056	https://bldata.berkeley.edu/pipeline/AGBT17A_999_77/holding/spliced_blc0001020304050607_guppi_57908_72387_HIP54056_0015.gpuspec.0002.h5
HIP54077	https://bldata.berkeley.edu/pipeline/AGBT16A_999_182/holding/spliced_blc0001020304050607_guppi_57517_12225_HIP54077_0018.gpuspec.0002.h5
HIP54078	https://bldata.berkeley.edu/pipeline/AGBT17A_999_69/holding/spliced_blc0001020304050607_guppi_57899_05261_HIP54078_0044.gpuspec.0002.h5
HIP54134	https://bldata.berkeley.edu/pipeline/AGBT17A_999_77/holding/spliced_blc0001020304050607_guppi_57908_73056_HIP54134_0017.gpuspec.0002.h5
HIP54183	https://bldata.berkeley.edu/pipeline/AGBT17A_999_77/holding/spliced_blc0001020304050607_guppi_57908_73726_HIP54183_0019.gpuspec.0002.h5
HIP54203	https://bldata.berkeley.edu/pipeline/AGBT17A_999_59/holding/spliced_blc3031323334353637_guppi_57876_12291_HIP54203_0005.gpuspec.0002.h5
HIP54208	https://bldata.berkeley.edu/pipeline/AGBT17A_999_77/holding/spliced_blc0001020304050607_guppi_57908_74983_HIP54208_0021.gpuspec.0002.h5
HIP54217	https://bldata.berkeley.edu/pipeline/AGBT16A_999_182/holding/spliced_blc0001020304050607_guppi_57517_14269_HIP54217_0024.gpuspec.0002.h5
HIP54244	https://bldata.berkeley.edu/pipeline/AGBT16A_999_182/holding/spliced_blc0001020304050607_guppi_57517_12915_HIP54244_0020.gpuspec.0002.h5
HIP5425	https://bldata.berkeley.edu/pipeline/AGBT18A_999_88/holding/spliced_blc2021222324252627_guppi_58293_54612_HIP5425_0053.gpuspec.0002.h5
HIP54371	https://bldata.berkeley.edu/pipeline/AGBT17A_999_14/holding/spliced_blc0001020304050607_guppi_57810_21232_HIP54371_0048.gpuspec.0002.h5
HIP54388	https://bldata.berkeley.edu/pipeline/AGBT16A_999_182/holding/spliced_blc0001020304050607_guppi_57517_14946_HIP54388_0026.gpuspec.0002.h5
HIP5441	https://bldata.berkeley.edu/pipeline/AGBT18B_999_27/holding/spliced_blc0001020304050607_guppi_58385_31128_HIP5441_0037.gpuspec.0002.h5
HIP54456	https://bldata.berkeley.edu/pipeline/AGBT17A_999_77/holding/spliced_blc0001020304050607_guppi_57908_76325_HIP54456_0025.gpuspec.0002.h5
HIP54540	https://bldata.berkeley.edu/pipeline/AGBT16B_999_15/holding/spliced_blc0001020304050607_guppi_57626_62236_Hip54540_0004.gpuspec.0002.h5
HIP54546	https://bldata.berkeley.edu/pipeline/AGBT17A_999_14/holding/spliced_blc0001020304050607_guppi_57810_21907_HIP54546_0050.gpuspec.0002.h5
HIP54612	https://bldata.berkeley.edu/pipeline/AGBT17A_999_14/holding/spliced_blc0001020304050607_guppi_57810_22622_HIP54612_0052.gpuspec.0002.h5
HIP54614	https://bldata.berkeley.edu/pipeline/AGBT16B_999_15/holding/spliced_blc0001020304050607_guppi_57626_64439_Hip54614_0010.gpuspec.0002.h5
HIP54632	https://bldata.berkeley.edu/pipeline/AGBT17A_999_59/holding/spliced_blc3031323334353637_guppi_57876_12988_HIP54632_0007.gpuspec.0002.h5
HIP54658	https://bldata.berkeley.edu/pipeline/AGBT16B_999_15/holding/spliced_blc0001020304050607_guppi_57626_65291_Hip54658_0012.gpuspec.0002.h5
HIP54663	https://bldata.berkeley.edu/pipeline/AGBT16B_999_15/holding/spliced_blc0001020304050607_guppi_57626_66151_Hip54663_0014.gpuspec.0002.h5
HIP54667	https://bldata.berkeley.edu/pipeline/AGBT16B_999_15/holding/spliced_blc0001020304050607_guppi_57626_62910_Hip54667_0006.gpuspec.0002.h5
HIP5469	https://bldata.berkeley.edu/pipeline/AGBT16B_999_13/holding/spliced_blc0001020304050607_guppi_57622_36926_Hip5469_0050.gpuspec.0002.h5
HIP54691	https://bldata.berkeley.edu/pipeline/AGBT17A_999_14/holding/spliced_blc0001020304050607_guppi_57810_23982_HIP54691_0056.gpuspec.0002.h5
HIP54721	https://bldata.berkeley.edu/pipeline/AGBT16B_999_15/holding/spliced_blc0001020304050607_guppi_57626_63583_Hip54721_0008.gpuspec.0002.h5
HIP54788	https://bldata.berkeley.edu/pipeline/AGBT17A_999_14/holding/spliced_blc0001020304050607_guppi_57810_24717_HIP54788_0058.gpuspec.0002.h5
HIP54887	https://bldata.berkeley.edu/pipeline/AGBT17A_999_19/holding/spliced_blc0001020304050607_guppi_57817_17226_HIP54887_0041.gpuspec.0002.h5
HIP5489	https://bldata.berkeley.edu/pipeline/AGBT17A_999_50/holding/spliced_blc1011121314151617_guppi_57866_63406_HIP5489_0024.gpuspec.0002.h5
HIP54998	https://bldata.berkeley.edu/pipeline/AGBT17A_999_19/holding/spliced_blc0001020304050607_guppi_57817_17903_HIP54998_0043.gpuspec.0002.h5
HIP5504	https://bldata.berkeley.edu/pipeline/AGBT16B_999_26/holding/spliced_blc0001020304050607_guppi_57654_27310_Hip5504_0045.gpuspec.0002.h5
HIP551	https://bldata.berkeley.edu/pipeline/AGBT16A_999_189/holding/spliced_blc0001020304050607_guppi_57522_58056_HIP551_0010.gpuspec.0002.h5
HIP55166	https://bldata.berkeley.edu/pipeline/AGBT17A_999_19/holding/spliced_blc0001020304050607_guppi_57817_20732_HIP55166_0051.gpuspec.0002.h5
HIP55204	https://bldata.berkeley.edu/pipeline/AGBT17A_999_19/holding/spliced_blc0001020304050607_guppi_57817_22880_HIP55204_0057.gpuspec.0002.h5
HIP55211	https://bldata.berkeley.edu/pipeline/AGBT16A_999_186/holding/spliced_blc0001020304050607_guppi_57521_07484_HIP55211_0024.gpuspec.0002.h5
HIP55212	https://bldata.berkeley.edu/pipeline/AGBT17A_999_19/holding/spliced_blc0001020304050607_guppi_57817_21450_HIP55212_0053.gpuspec.0002.h5
HIP55224	https://bldata.berkeley.edu/pipeline/AGBT16B_999_15/holding/spliced_blc0001020304050607_guppi_57626_66898_Hip55224_0016.gpuspec.0002.h5
HIP55236	https://bldata.berkeley.edu/pipeline/AGBT16B_999_15/holding/spliced_blc0001020304050607_guppi_57626_68117_Hip55236_0003.gpuspec.0002.h5
HIP5524	https://bldata.berkeley.edu/pipeline/AGBT16B_999_26/holding/spliced_blc0001020304050607_guppi_57654_27997_Hip5524_0047.gpuspec.0002.h5
HIP55241	https://bldata.berkeley.edu/pipeline/AGBT16B_999_15/holding/spliced_blc0001020304050607_guppi_57626_70117_Hip55241_0009.gpuspec.0002.h5
HIP55242	https://bldata.berkeley.edu/pipeline/AGBT16B_999_15/holding/spliced_blc0001020304050607_guppi_57626_68784_Hip55242_0005.gpuspec.0002.h5
HIP55285	https://bldata.berkeley.edu/pipeline/AGBT17A_999_19/holding/spliced_blc0001020304050607_guppi_57817_19285_HIP55285_0047.gpuspec.0002.h5
HIP55312	https://bldata.berkeley.edu/pipeline/AGBT17B_999_31/holding/spliced_blc1011121314151617_guppi_58010_49106_HIP55312_0044.gpuspec.0002.h5
HIP55321	https://bldata.berkeley.edu/pipeline/AGBT16A_999_186/holding/spliced_blc0001020304050607_guppi_57521_08163_HIP55321_0026.gpuspec.0002.h5
HIP55367	https://bldata.berkeley.edu/pipeline/AGBT17A_999_19/holding/spliced_blc0001020304050607_guppi_57817_22166_HIP55367_0055.gpuspec.0002.h5
HIP5538	https://bldata.berkeley.edu/pipeline/AGBT17A_999_50/holding/spliced_blc1011121314151617_guppi_57866_64083_HIP5538_0026.gpuspec.0002.h5
HIP55382	https://bldata.berkeley.edu/pipeline/AGBT16A_999_200/holding/spliced_blc0001020304050607_guppi_57532_07807_HIP55382_0022.gpuspec.0002.h5
HIP55395	https://bldata.berkeley.edu/pipeline/AGBT16A_999_186/holding/spliced_blc0001020304050607_guppi_57521_09544_HIP55395_0030.gpuspec.0002.h5
HIP55424	https://bldata.berkeley.edu/pipeline/AGBT16A_999_200/holding/spliced_blc0001020304050607_guppi_57532_06424_HIP55424_0018.gpuspec.0002.h5
HIP55428	https://bldata.berkeley.edu/pipeline/AGBT16A_999_200/holding/spliced_blc0001020304050607_guppi_57532_08494_HIP55428_0024.gpuspec.0002.h5
HIP55543	https://bldata.berkeley.edu/pipeline/AGBT16A_999_200/holding/spliced_blc0001020304050607_guppi_57532_07096_HIP55543_0020.gpuspec.0002.h5
HIP55575	https://bldata.berkeley.edu/pipeline/AGBT16A_999_200/holding/spliced_blc0001020304050607_guppi_57532_09882_HIP55575_0028.gpuspec.0002.h5
HIP55603	https://bldata.berkeley.edu/pipeline/AGBT16A_999_200/holding/spliced_blc0001020304050607_guppi_57532_09173_HIP55603_0026.gpuspec.0002.h5
HIP55643	https://bldata.berkeley.edu/pipeline/AGBT16B_999_15/holding/spliced_blc0001020304050607_guppi_57626_71588_Hip55643_0013.gpuspec.0002.h5
HIP55666	https://bldata.berkeley.edu/pipeline/AGBT17A_999_19/holding/spliced_blc0001020304050607_guppi_57817_19956_HIP55666_0049.gpuspec.0002.h5
HIP55745	https://bldata.berkeley.edu/pipeline/AGBT17A_999_26/holding/spliced_blc0001020304050607_guppi_57829_13830_HIP55745_0039.gpuspec.0002.h5
HIP55750	https://bldata.berkeley.edu/pipeline/AGBT17A_999_77/holding/spliced_blc0001020304050607_guppi_57908_77060_HIP55750_0027.gpuspec.0002.h5
HIP55761	https://bldata.berkeley.edu/pipeline/AGBT16B_999_15/holding/spliced_blc0001020304050607_guppi_57626_72296_Hip55761_0015.gpuspec.0002.h5
HIP55778	https://bldata.berkeley.edu/pipeline/AGBT17A_999_77/holding/spliced_blc0001020304050607_guppi_57908_77735_HIP55778_0029.gpuspec.0002.h5
HIP5581	https://bldata.berkeley.edu/pipeline/AGBT16B_999_26/holding/spliced_blc0001020304050607_guppi_57654_28684_Hip5581_0049.gpuspec.0002.h5
HIP55857	https://bldata.berkeley.edu/pipeline/AGBT17A_999_26/holding/spliced_blc0001020304050607_guppi_57829_14528_HIP55857_0041.gpuspec.0002.h5
HIP55872	https://bldata.berkeley.edu/pipeline/AGBT17A_999_26/holding/spliced_blc0001020304050607_guppi_57829_16033_HIP55872_0045.gpuspec.0002.h5
HIP55875	https://bldata.berkeley.edu/pipeline/AGBT16A_999_188/holding/spliced_blc0001020304050607_guppi_57522_13603_HIP55875_0010.gpuspec.0002.h5
HIP55884	https://bldata.berkeley.edu/pipeline/AGBT16A_999_188/holding/spliced_blc0001020304050607_guppi_57522_14414_HIP55884_0012.gpuspec.0002.h5
HIP55908	https://bldata.berkeley.edu/pipeline/AGBT16B_999_15/holding/spliced_blc0001020304050607_guppi_57626_73003_Hip55908_0017.gpuspec.0002.h5
HIP5592	https://bldata.berkeley.edu/pipeline/AGBT17A_999_58/holding/spliced_blc3031323334353637_guppi_57873_67547_HIP5592_0043.gpuspec.0002.h5
HIP5593	https://bldata.berkeley.edu/pipeline/AGBT17A_999_70/holding/spliced_blc0001020304050607_guppi_57899_55622_HIP5593_0006.gpuspec.0002.h5
HIP55937	https://bldata.berkeley.edu/pipeline/AGBT16A_999_188/holding/spliced_blc0001020304050607_guppi_57522_15220_HIP55937_0014.gpuspec.0002.h5
HIP55942	https://bldata.berkeley.edu/pipeline/AGBT17A_999_26/holding/spliced_blc0001020304050607_guppi_57829_15223_HIP55942_0043.gpuspec.0002.h5
HIP5595	https://bldata.berkeley.edu/pipeline/AGBT18A_999_88/holding/spliced_blc2021222324252627_guppi_58293_55285_HIP5595_0055.gpuspec.0002.h5
HIP55982	https://bldata.berkeley.edu/pipeline/AGBT18A_999_63/holding/spliced_blc3031323334353637_guppi_58253_84919_HIP55982_0008.gpuspec.0002.h5
HIP55990	https://bldata.berkeley.edu/pipeline/AGBT17A_999_26/holding/spliced_blc0001020304050607_guppi_57829_16727_HIP55990_0047.gpuspec.0002.h5
HIP55996	https://bldata.berkeley.edu/pipeline/AGBT17B_999_61/holding/spliced_blc0001020304050607_guppi_58077_38977_HIP55996_0005.gpuspec.0002.h5
HIP56027	https://bldata.berkeley.edu/pipeline/AGBT18A_999_63/holding/spliced_blc3031323334353637_guppi_58253_85579_HIP56027_0010.gpuspec.0002.h5
HIP56052	https://bldata.berkeley.edu/pipeline/AGBT17A_999_26/holding/spliced_blc0001020304050607_guppi_57829_17441_HIP56052_0049.gpuspec.0002.h5
HIP56064	https://bldata.berkeley.edu/pipeline/AGBT17A_999_69/holding/spliced_blc0001020304050607_guppi_57898_79045_HIP56064_0009.gpuspec.0002.h5
HIP56145	https://bldata.berkeley.edu/pipeline/AGBT17A_999_69/holding/spliced_blc0001020304050607_guppi_57898_79713_HIP56145_0011.gpuspec.0002.h5
HIP5615	https://bldata.berkeley.edu/pipeline/AGBT16A_999_172/holding/spliced_blc0001020304050607_guppi_57511_60918_HIP5615_0003.gpuspec.0002.h5
HIP56166	https://bldata.berkeley.edu/pipeline/AGBT17B_999_61/holding/spliced_blc0001020304050607_guppi_58077_39629_HIP56166_0007.gpuspec.0002.h5
HIP56182	https://bldata.berkeley.edu/pipeline/AGBT17A_999_26/holding/spliced_blc0001020304050607_guppi_57829_20514_HIP56182_0057.gpuspec.0002.h5
HIP56186	https://bldata.berkeley.edu/pipeline/AGBT17A_999_26/holding/spliced_blc0001020304050607_guppi_57829_18199_HIP56186_0051.gpuspec.0002.h5
HIP56209	https://bldata.berkeley.edu/pipeline/AGBT18A_999_63/holding/spliced_blc3031323334353637_guppi_58253_86241_HIP56209_0012.gpuspec.0002.h5
HIP56230	https://bldata.berkeley.edu/pipeline/AGBT17A_999_69/holding/spliced_blc0001020304050607_guppi_57898_80390_HIP56230_0013.gpuspec.0002.h5
HIP5626	https://bldata.berkeley.edu/pipeline/AGBT17A_999_58/holding/spliced_blc3031323334353637_guppi_57873_68209_HIP5626_0045.gpuspec.0002.h5
HIP56337	https://bldata.berkeley.edu/pipeline/AGBT16B_999_02/holding/spliced_blc0001020304050607_guppi_57605_76045_Hip56337_0010.gpuspec.0002.h5
HIP5634	https://bldata.berkeley.edu/pipeline/AGBT17A_999_70/holding/spliced_blc0001020304050607_guppi_57899_56304_HIP5634_0008.gpuspec.0002.h5
HIP56356	https://bldata.berkeley.edu/pipeline/AGBT17A_999_26/holding/spliced_blc0001020304050607_guppi_57829_18962_HIP56356_0053.gpuspec.0002.h5
HIP56359	https://bldata.berkeley.edu/pipeline/AGBT17A_999_26/holding/spliced_blc0001020304050607_guppi_57829_19738_HIP56359_0055.gpuspec.0002.h5
HIP56376	https://bldata.berkeley.edu/pipeline/AGBT16B_999_60/holding/spliced_blc0001020304050607_guppi_57695_42952_HIP56376_0004.gpuspec.0002.h5
HIP56378	https://bldata.berkeley.edu/pipeline/AGBT16B_999_60/holding/spliced_blc0001020304050607_guppi_57695_43651_HIP56378_0006.gpuspec.0002.h5
HIP56421	https://bldata.berkeley.edu/pipeline/AGBT17A_999_77/holding/spliced_blc0001020304050607_guppi_57908_78405_HIP56421_0031.gpuspec.0002.h5
HIP56424	https://bldata.berkeley.edu/pipeline/AGBT17A_999_69/holding/spliced_blc0001020304050607_guppi_57898_76995_HIP56424_0003.gpuspec.0002.h5
HIP5644	https://bldata.berkeley.edu/pipeline/AGBT17A_999_50/holding/spliced_blc1011121314151617_guppi_57866_64758_HIP5644_0028.gpuspec.0002.h5
HIP56473	https://bldata.berkeley.edu/pipeline/AGBT17A_999_31/holding/spliced_blc0001020304050607_guppi_57838_12504_HIP56473_0045.gpuspec.0002.h5
HIP56517	https://bldata.berkeley.edu/pipeline/AGBT17A_999_31/holding/spliced_blc0001020304050607_guppi_57838_10432_HIP56517_0039.gpuspec.0002.h5
HIP56523	https://bldata.berkeley.edu/pipeline/AGBT17B_999_61/holding/spliced_blc0001020304050607_guppi_58077_42389_HIP56523_0015.gpuspec.0002.h5
HIP56526	https://bldata.berkeley.edu/pipeline/AGBT16B_999_02/holding/spliced_blc0001020304050607_guppi_57605_76716_Hip56526_0012.gpuspec.0002.h5
HIP56545	https://bldata.berkeley.edu/pipeline/AGBT16B_999_02/holding/spliced_blc0001020304050607_guppi_57605_77392_Hip56545_0014.gpuspec.0002.h5
HIP56553	https://bldata.berkeley.edu/pipeline/AGBT17A_999_77/holding/spliced_blc0001020304050607_guppi_57908_79086_HIP56553_0033.gpuspec.0002.h5
HIP56578	https://bldata.berkeley.edu/pipeline/AGBT17A_999_31/holding/spliced_blc0001020304050607_guppi_57838_13181_HIP56578_0047.gpuspec.0002.h5
HIP56581	https://bldata.berkeley.edu/pipeline/AGBT17B_999_61/holding/spliced_blc0001020304050607_guppi_58077_43071_HIP56581_0017.gpuspec.0002.h5
HIP56611	https://bldata.berkeley.edu/pipeline/AGBT17A_999_31/holding/spliced_blc0001020304050607_guppi_57838_11103_HIP56611_0041.gpuspec.0002.h5
HIP56631	https://bldata.berkeley.edu/pipeline/AGBT17A_999_31/holding/spliced_blc0001020304050607_guppi_57838_11773_HIP56631_0043.gpuspec.0002.h5
HIP56636	https://bldata.berkeley.edu/pipeline/AGBT17A_999_77/holding/spliced_blc0001020304050607_guppi_57908_79763_HIP56636_0035.gpuspec.0002.h5
HIP56646	https://bldata.berkeley.edu/pipeline/AGBT17A_999_77/holding/spliced_blc0001020304050607_guppi_57908_80438_HIP56646_0037.gpuspec.0002.h5
HIP56666	https://bldata.berkeley.edu/bl_tess/l_band/spliced_blc0001020304050607_guppi_58873_18710_HIP56666_0073.gpuspec.0002.h5
HIP5667	https://bldata.berkeley.edu/pipeline/AGBT16B_999_26/holding/spliced_blc0001020304050607_guppi_57654_29432_Hip5667_0051.gpuspec.0002.h5
HIP56677	https://bldata.berkeley.edu/pipeline/AGBT16A_999_200/holding/spliced_blc0001020304050607_guppi_57532_03613_HIP56677_0010.gpuspec.0002.h5
HIP56682	https://bldata.berkeley.edu/pipeline/AGBT16A_999_200/holding/spliced_blc0001020304050607_guppi_57532_04295_HIP56682_0012.gpuspec.0002.h5
HIP56691	https://bldata.berkeley.edu/pipeline/AGBT16A_999_200/holding/spliced_blc0001020304050607_guppi_57532_04976_HIP56691_0014.gpuspec.0002.h5
HIP56732	https://bldata.berkeley.edu/pipeline/AGBT16B_999_58/holding/spliced_blc0001020304050607_guppi_57692_56270_HIP56732_0010.gpuspec.0002.h5
HIP56736	https://bldata.berkeley.edu/pipeline/AGBT17A_999_31/holding/spliced_blc0001020304050607_guppi_57838_13859_HIP56736_0049.gpuspec.0002.h5
HIP56753	https://bldata.berkeley.edu/pipeline/AGBT17B_999_61/holding/spliced_blc0001020304050607_guppi_58077_43738_HIP56753_0019.gpuspec.0002.h5
HIP56766	https://bldata.berkeley.edu/pipeline/AGBT16B_999_23/holding/spliced_blc0001020304050607_guppi_57642_55339_Hip56766_0004.gpuspec.0002.h5
HIP56768	https://bldata.berkeley.edu/pipeline/AGBT16B_999_23/holding/spliced_blc0001020304050607_guppi_57642_56027_Hip56768_0006.gpuspec.0002.h5
HIP56780	https://bldata.berkeley.edu/pipeline/AGBT16B_999_58/holding/spliced_blc0001020304050607_guppi_57692_56974_HIP56780_0012.gpuspec.0002.h5
HIP56789	https://bldata.berkeley.edu/pipeline/AGBT17A_999_69/holding/spliced_blc0001020304050607_guppi_57898_77675_HIP56789_0005.gpuspec.0002.h5
HIP56808	https://bldata.berkeley.edu/pipeline/AGBT17A_999_31/holding/spliced_blc0001020304050607_guppi_57838_14570_HIP56808_0051.gpuspec.0002.h5
HIP56854	https://bldata.berkeley.edu/pipeline/AGBT17A_999_69/holding/spliced_blc0001020304050607_guppi_57898_81086_HIP56854_0015.gpuspec.0002.h5
HIP56855	https://bldata.berkeley.edu/pipeline/AGBT17A_999_69/holding/spliced_blc0001020304050607_guppi_57898_81761_HIP56855_0017.gpuspec.0002.h5
HIP56926	https://bldata.berkeley.edu/pipeline/AGBT16B_999_58/holding/spliced_blc0001020304050607_guppi_57692_57672_HIP56926_0014.gpuspec.0002.h5
HIP56935	https://bldata.berkeley.edu/pipeline/AGBT16B_999_02/holding/spliced_blc0001020304050607_guppi_57605_78065_Hip56935_0016.gpuspec.0002.h5
HIP56940	https://bldata.berkeley.edu/pipeline/AGBT17A_999_69/holding/spliced_blc0001020304050607_guppi_57898_78355_HIP56940_0007.gpuspec.0002.h5
HIP56955	https://bldata.berkeley.edu/pipeline/AGBT17A_999_31/holding/spliced_blc0001020304050607_guppi_57838_16195_HIP56955_0056.gpuspec.0002.h5
HIP57044	https://bldata.berkeley.edu/pipeline/AGBT16B_999_02/holding/spliced_blc0001020304050607_guppi_57605_78736_Hip57044_0018.gpuspec.0002.h5
HIP57115	https://bldata.berkeley.edu/pipeline/AGBT17A_999_69/holding/spliced_blc0001020304050607_guppi_57898_82444_HIP57115_0019.gpuspec.0002.h5
HIP57135	https://bldata.berkeley.edu/pipeline/AGBT16B_999_02/holding/spliced_blc0001020304050607_guppi_57605_79406_Hip57135_0020.gpuspec.0002.h5
HIP5728	https://bldata.berkeley.edu/pipeline/AGBT17A_999_58/holding/spliced_blc3031323334353637_guppi_57873_71645_HIP5728_0055.gpuspec.0002.h5
HIP57290	https://bldata.berkeley.edu/pipeline/AGBT16B_999_23/holding/spliced_blc0001020304050607_guppi_57642_56718_Hip57290_0008.gpuspec.0002.h5
HIP57445	https://bldata.berkeley.edu/pipeline/AGBT17A_999_69/holding/spliced_blc0001020304050607_guppi_57898_83119_HIP57445_0021.gpuspec.0002.h5
HIP5747	https://bldata.berkeley.edu/pipeline/AGBT17A_999_58/holding/spliced_blc3031323334353637_guppi_57873_72322_HIP5747_0057.gpuspec.0002.h5
HIP57532	https://bldata.berkeley.edu/bl_tess/l_band/spliced_blc0001020304050607_guppi_58873_23227_HIP57532_0087.gpuspec.0002.h5
HIP57545	https://bldata.berkeley.edu/bl_tess/l_band/spliced_blc0001020304050607_guppi_58873_21941_HIP57545_0083.gpuspec.0002.h5
HIP57566	https://bldata.berkeley.edu/pipeline/AGBT16B_999_58/holding/spliced_blc0001020304050607_guppi_57692_58420_HIP57566_0016.gpuspec.0002.h5
HIP57570	https://bldata.berkeley.edu/pipeline/AGBT16B_999_58/holding/spliced_blc0001020304050607_guppi_57692_59102_HIP57570_0018.gpuspec.0002.h5
HIP57588	https://bldata.berkeley.edu/bl_tess/x_band/spliced_blc00010203040506o7o0111213141516o7o021222324252627_guppi_58806_25573_HIP57588_0067.gpuspec.0002.h5
HIP57601	https://bldata.berkeley.edu/pipeline/AGBT16B_999_32/holding/spliced_blc0001020304050607_guppi_57660_64028_HIP57601_0040.gpuspec.0002.h5
HIP5769	https://bldata.berkeley.edu/pipeline/AGBT16B_999_34/holding/spliced_blc0001020304050607_guppi_57662_20319_HIP5769_0040.gpuspec.0002.h5
HIP57730	https://bldata.berkeley.edu/pipeline/AGBT16B_999_58/holding/spliced_blc0001020304050607_guppi_57692_59784_HIP57730_0020.gpuspec.0002.h5
HIP57768	https://bldata.berkeley.edu/pipeline/AGBT18A_999_72/holding/spliced_blc1011121314151617_guppi_58267_01018_HIP57768_0022.gpuspec.0002.h5
HIP57780	https://bldata.berkeley.edu/pipeline/AGBT16B_999_32/holding/spliced_blc0001020304050607_guppi_57660_64723_HIP57780_0042.gpuspec.0002.h5
HIP57837	https://bldata.berkeley.edu/pipeline/AGBT17A_999_69/holding/spliced_blc0001020304050607_guppi_57898_83805_HIP57837_0023.gpuspec.0002.h5
HIP57845	https://bldata.berkeley.edu/pipeline/AGBT16B_999_32/holding/spliced_blc0001020304050607_guppi_57660_65408_HIP57845_0044.gpuspec.0002.h5
HIP5787	https://bldata.berkeley.edu/pipeline/AGBT18B_999_01/holding/spliced_blc0001020304050607_guppi_58331_49215_HIP5787_0108.gpuspec.0002.h5
HIP57910	https://bldata.berkeley.edu/pipeline/AGBT17A_999_69/holding/spliced_blc0001020304050607_guppi_57898_84492_HIP57910_0025.gpuspec.0002.h5
HIP57929	https://bldata.berkeley.edu/pipeline/AGBT18A_999_72/holding/spliced_blc1011121314151617_guppi_58266_80979_HIP57929_0004.gpuspec.0002.h5
HIP57949	https://bldata.berkeley.edu/pipeline/AGBT18A_999_72/holding/spliced_blc1011121314151617_guppi_58267_01685_HIP57949_0024.gpuspec.0002.h5
HIP57952	https://bldata.berkeley.edu/pipeline/AGBT18A_999_72/holding/spliced_blc1011121314151617_guppi_58267_02351_HIP57952_0026.gpuspec.0002.h5
HIP57955	https://bldata.berkeley.edu/pipeline/AGBT16B_999_58/holding/spliced_blc0001020304050607_guppi_57692_60480_HIP57955_0022.gpuspec.0002.h5
HIP57966	https://bldata.berkeley.edu/pipeline/AGBT16B_999_58/holding/spliced_blc0001020304050607_guppi_57692_61161_HIP57966_0024.gpuspec.0002.h5
HIP57991	https://bldata.berkeley.edu/pipeline/AGBT16B_999_58/holding/spliced_blc0001020304050607_guppi_57692_61842_HIP57991_0026.gpuspec.0002.h5
HIP57992	https://bldata.berkeley.edu/bl_tess/c_band/spliced_blc40414243444546o7o0515253545556o7o0616263646566o7o071727374757677_guppi_58803_10352_HIP57992_0018.gpuspec.0002.h5
HIP58019	https://bldata.berkeley.edu/pipeline/AGBT18A_999_72/holding/spliced_blc1011121314151617_guppi_58266_81646_HIP58019_0006.gpuspec.0002.h5
HIP5820	https://bldata.berkeley.edu/pipeline/AGBT17A_999_58/holding/spliced_blc3031323334353637_guppi_57873_73003_HIP5820_0059.gpuspec.0002.h5
HIP58239	https://bldata.berkeley.edu/pipeline/AGBT16B_999_32/holding/spliced_blc0001020304050607_guppi_57660_66116_HIP58239_0046.gpuspec.0002.h5
HIP58341	https://bldata.berkeley.edu/pipeline/AGBT16A_999_238/holding/spliced_blc0001020304050607_guppi_57583_82819_Hip58341_0010.gpuspec.0002.h5
HIP58366	https://bldata.berkeley.edu/pipeline/AGBT16A_999_251/holding/spliced_blc0001020304050607_guppi_57636_74288_HIP58366_0046.gpuspec.0002.h5
HIP58373	https://bldata.berkeley.edu/pipeline/AGBT18A_999_72/holding/spliced_blc1011121314151617_guppi_58266_82312_HIP58373_0008.gpuspec.0002.h5
HIP58390	https://bldata.berkeley.edu/pipeline/AGBT16B_999_32/holding/spliced_blc0001020304050607_guppi_57660_66804_HIP58390_0048.gpuspec.0002.h5
HIP58392	https://bldata.berkeley.edu/pipeline/AGBT16B_999_32/holding/spliced_blc0001020304050607_guppi_57660_67492_HIP58392_0050.gpuspec.0002.h5
HIP584	https://bldata.berkeley.edu/pipeline/AGBT16A_999_189/holding/spliced_blc0001020304050607_guppi_57522_56580_HIP584_0006.gpuspec.0002.h5
HIP58423	https://bldata.berkeley.edu/pipeline/AGBT16A_999_238/holding/spliced_blc0001020304050607_guppi_57583_83498_Hip58423_0012.gpuspec.0002.h5
HIP58449	https://bldata.berkeley.edu/pipeline/AGBT16B_999_32/holding/spliced_blc0001020304050607_guppi_57660_69523_HIP58449_0056.gpuspec.0002.h5
HIP58458	https://bldata.berkeley.edu/pipeline/AGBT16A_999_251/holding/spliced_blc0001020304050607_guppi_57636_72189_HIP58458_0040.gpuspec.0002.h5
HIP58502	https://bldata.berkeley.edu/pipeline/AGBT16A_999_251/holding/spliced_blc0001020304050607_guppi_57636_72875_HIP58502_0042.gpuspec.0002.h5
HIP58515	https://bldata.berkeley.edu/pipeline/AGBT16A_999_238/holding/spliced_blc0001020304050607_guppi_57583_84175_Hip58515_0014.gpuspec.0002.h5
HIP58531	https://bldata.berkeley.edu/bl_tess/c_band/spliced_blc40414243444546o7o0515253545556o7o0616263646566o7o071727374757677_guppi_58803_10989_HIP58531_0020.gpuspec.0002.h5
HIP58616	https://bldata.berkeley.edu/pipeline/AGBT16B_999_58/holding/spliced_blc0001020304050607_guppi_57692_64627_HIP58616_0034.gpuspec.0002.h5
HIP58619	https://bldata.berkeley.edu/pipeline/AGBT16A_999_251/holding/spliced_blc0001020304050607_guppi_57636_74972_HIP58619_0048.gpuspec.0002.h5
HIP58665	https://bldata.berkeley.edu/pipeline/AGBT16A_999_251/holding/spliced_blc0001020304050607_guppi_57636_73564_HIP58665_0044.gpuspec.0002.h5
HIP58676	https://bldata.berkeley.edu/pipeline/AGBT16B_999_36/holding/spliced_blc0001020304050607_guppi_57665_64849_HIP58676_0046.gpuspec.0002.h5
HIP58727	https://bldata.berkeley.edu/pipeline/AGBT16B_999_60/holding/spliced_blc0001020304050607_guppi_57695_58188_HIP58727_0046.gpuspec.0002.h5
HIP58730	https://bldata.berkeley.edu/pipeline/AGBT16A_999_217/holding/spliced_blc0001020304050607_guppi_57549_04086_HIP58730_0010.gpuspec.0002.h5
HIP58737	https://bldata.berkeley.edu/bl_tess/x_band/spliced_blc00010203040506o7o0111213141516o7o021222324252627_guppi_58806_26208_HIP58737_0069.gpuspec.0002.h5
HIP58743	https://bldata.berkeley.edu/pipeline/AGBT16B_999_58/holding/spliced_blc0001020304050607_guppi_57692_65309_HIP58743_0036.gpuspec.0002.h5
HIP58823	https://bldata.berkeley.edu/bl_tess/c_band/spliced_blc40414243444546o7o0515253545556o7o0616263646566o7o071727374757677_guppi_58744_18426_HIP58823_0091.gpuspec.0002.h5
HIP58843	https://bldata.berkeley.edu/pipeline/AGBT16A_999_188/holding/spliced_blc0001020304050607_guppi_57522_15953_HIP58843_0016.gpuspec.0002.h5
HIP58862	https://bldata.berkeley.edu/pipeline/AGBT16B_999_60/holding/spliced_blc0001020304050607_guppi_57695_58896_HIP58862_0048.gpuspec.0002.h5
HIP58863	https://bldata.berkeley.edu/pipeline/AGBT16B_999_60/holding/spliced_blc0001020304050607_guppi_57695_59606_HIP58863_0050.gpuspec.0002.h5
HIP58864	https://bldata.berkeley.edu/pipeline/AGBT16A_999_188/holding/spliced_blc0001020304050607_guppi_57522_17354_HIP58864_0020.gpuspec.0002.h5
HIP58869	https://bldata.berkeley.edu/pipeline/AGBT16B_999_58/holding/spliced_blc0001020304050607_guppi_57692_65988_HIP58869_0038.gpuspec.0002.h5
HIP58874	https://bldata.berkeley.edu/bl_tess/x_band/spliced_blc00010203040506o7o0111213141516o7o021222324252627_guppi_58806_11242_HIP58874_0022.gpuspec.0002.h5
HIP58898	https://bldata.berkeley.edu/pipeline/AGBT16B_999_60/holding/spliced_blc0001020304050607_guppi_57695_56069_HIP58898_0040.gpuspec.0002.h5
HIP58902	https://bldata.berkeley.edu/pipeline/AGBT16B_999_36/holding/spliced_blc0001020304050607_guppi_57665_65526_HIP58902_0048.gpuspec.0002.h5
HIP58924	https://bldata.berkeley.edu/bl_tess/c_band/spliced_blc40414243444546o7o0515253545556o7o0616263646566o7o071727374757677_guppi_58744_19064_HIP58924_0093.gpuspec.0002.h5
HIP58953	https://bldata.berkeley.edu/pipeline/AGBT16B_999_36/holding/spliced_blc0001020304050607_guppi_57665_66194_HIP58953_0050.gpuspec.0002.h5
HIP58961	https://bldata.berkeley.edu/pipeline/AGBT18A_999_72/holding/spliced_blc1011121314151617_guppi_58267_13865_HIP58961_0058.gpuspec.0002.h5
HIP5899	https://bldata.berkeley.edu/pipeline/AGBT16B_999_34/holding/spliced_blc0001020304050607_guppi_57662_20995_HIP5899_0042.gpuspec.0002.h5
HIP59141	https://bldata.berkeley.edu/pipeline/AGBT18A_999_72/holding/spliced_blc1011121314151617_guppi_58267_11837_HIP59141_0052.gpuspec.0002.h5
HIP59149	https://bldata.berkeley.edu/pipeline/AGBT16B_999_60/holding/spliced_blc0001020304050607_guppi_57695_56764_HIP59149_0042.gpuspec.0002.h5
HIP59161	https://bldata.berkeley.edu/pipeline/AGBT18B_999_27/holding/spliced_blc0001020304050607_guppi_58385_55381_HIP59161_0106.gpuspec.0002.h5
HIP59175	https://bldata.berkeley.edu/pipeline/AGBT18B_999_27/holding/spliced_blc0001020304050607_guppi_58385_56057_HIP59175_0108.gpuspec.0002.h5
HIP59193	https://bldata.berkeley.edu/pipeline/AGBT16A_999_217/holding/spliced_blc0001020304050607_guppi_57549_06232_HIP59193_0016.gpuspec.0002.h5
HIP59244	https://bldata.berkeley.edu/pipeline/AGBT18A_999_72/holding/spliced_blc1011121314151617_guppi_58267_12511_HIP59244_0054.gpuspec.0002.h5
HIP59346	https://bldata.berkeley.edu/pipeline/AGBT16B_999_60/holding/spliced_blc0001020304050607_guppi_57695_57454_HIP59346_0044.gpuspec.0002.h5
HIP59355	https://bldata.berkeley.edu/bl_tess/c_band/spliced_blc40414243444546o7o0515253545556o7o0616263646566o7o071727374757677_guppi_58803_11625_HIP59355_0022.gpuspec.0002.h5
HIP59357	https://bldata.berkeley.edu/pipeline/AGBT16A_999_238/holding/spliced_blc0001020304050607_guppi_57583_84861_Hip59357_0016.gpuspec.0002.h5
HIP59361	https://bldata.berkeley.edu/pipeline/AGBT18B_999_27/holding/spliced_blc0001020304050607_guppi_58385_56731_HIP59361_0110.gpuspec.0002.h5
HIP59362	https://bldata.berkeley.edu/pipeline/AGBT16A_999_217/holding/spliced_blc0001020304050607_guppi_57549_06945_HIP59362_0018.gpuspec.0002.h5
HIP59365	https://bldata.berkeley.edu/pipeline/AGBT16A_999_251/holding/spliced_blc0001020304050607_guppi_57636_75653_HIP59365_0050.gpuspec.0002.h5
HIP59369	https://bldata.berkeley.edu/pipeline/AGBT18A_999_72/holding/spliced_blc1011121314151617_guppi_58267_13186_HIP59369_0056.gpuspec.0002.h5
HIP59408	https://bldata.berkeley.edu/pipeline/AGBT16A_999_217/holding/spliced_blc0001020304050607_guppi_57549_04771_HIP59408_0012.gpuspec.0002.h5
HIP5942	https://bldata.berkeley.edu/pipeline/AGBT16B_999_34/holding/spliced_blc0001020304050607_guppi_57662_22462_HIP5942_0046.gpuspec.0002.h5
HIP59426	https://bldata.berkeley.edu/pipeline/AGBT16A_999_238/holding/spliced_blc0001020304050607_guppi_57583_85540_Hip59426_0018.gpuspec.0002.h5
HIP59428	https://bldata.berkeley.edu/pipeline/AGBT16A_999_217/holding/spliced_blc0001020304050607_guppi_57549_07653_HIP59428_0020.gpuspec.0002.h5
HIP59463	https://bldata.berkeley.edu/bl_tess/c_band/spliced_blc40414243444546o7o0515253545556o7o0616263646566o7o071727374757677_guppi_58744_17790_HIP59463_0089.gpuspec.0002.h5
HIP5947	https://bldata.berkeley.edu/pipeline/AGBT17A_999_58/holding/spliced_blc3031323334353637_guppi_57873_68857_HIP5947_0047.gpuspec.0002.h5
HIP59474	https://bldata.berkeley.edu/pipeline/AGBT16A_999_217/holding/spliced_blc0001020304050607_guppi_57549_05457_HIP59474_0014.gpuspec.0002.h5
HIP59537	https://bldata.berkeley.edu/pipeline/AGBT16A_999_238/holding/spliced_blc0001020304050607_guppi_57583_86220_Hip59537_0020.gpuspec.0002.h5
HIP59594	https://bldata.berkeley.edu/pipeline/AGBT16B_999_60/holding/spliced_blc0001020304050607_guppi_57695_62564_HIP59594_0058.gpuspec.0002.h5
HIP5965	https://bldata.berkeley.edu/pipeline/AGBT16B_999_34/holding/spliced_blc0001020304050607_guppi_57662_23178_HIP5965_0048.gpuspec.0002.h5
HIP59683	https://bldata.berkeley.edu/bl_tess/s_band/spliced_blc7071727374757677_guppi_58814_45424_HIP59683_0134.gpuspec.0002.h5
HIP59737	https://bldata.berkeley.edu/pipeline/AGBT16B_999_66/holding/spliced_blc0001020304050607_guppi_57701_55835_HIP59737_0046.gpuspec.0002.h5
HIP59739	https://bldata.berkeley.edu/pipeline/AGBT16B_999_66/holding/spliced_blc0001020304050607_guppi_57701_56529_HIP59739_0048.gpuspec.0002.h5
HIP5977	https://bldata.berkeley.edu/pipeline/AGBT17A_999_70/holding/spliced_blc0001020304050607_guppi_57899_57013_HIP5977_0010.gpuspec.0002.h5
HIP59833	https://bldata.berkeley.edu/pipeline/AGBT16A_999_188/holding/spliced_blc0001020304050607_guppi_57522_18089_HIP59833_0022.gpuspec.0002.h5
HIP59862	https://bldata.berkeley.edu/pipeline/AGBT16A_999_238/holding/spliced_blc0001020304050607_guppi_57584_02537_Hip59862_0028.gpuspec.0002.h5
HIP59877	https://bldata.berkeley.edu/pipeline/AGBT16A_999_188/holding/spliced_blc0001020304050607_guppi_57522_18787_HIP59877_0024.gpuspec.0002.h5
HIP59879	https://bldata.berkeley.edu/bl_tess/c_band/spliced_blc40414243444546o7o0515253545556o7o0616263646566o7o071727374757677_guppi_58803_12275_HIP59879_0024.gpuspec.0002.h5
HIP59883	https://bldata.berkeley.edu/pipeline/AGBT18B_999_27/holding/spliced_blc0001020304050607_guppi_58385_59569_HIP59883_0118.gpuspec.0002.h5
HIP59895	https://bldata.berkeley.edu/pipeline/AGBT16A_999_238/holding/spliced_blc0001020304050607_guppi_57584_00501_Hip59895_0022.gpuspec.0002.h5
HIP59903	https://bldata.berkeley.edu/pipeline/AGBT16A_999_238/holding/spliced_blc0001020304050607_guppi_57584_01179_Hip59903_0024.gpuspec.0002.h5
HIP59910	https://bldata.berkeley.edu/pipeline/AGBT16A_999_188/holding/spliced_blc0001020304050607_guppi_57522_19489_HIP59910_0026.gpuspec.0002.h5
HIP59911	https://bldata.berkeley.edu/pipeline/AGBT16B_999_76/holding/spliced_blc0001020304050607_guppi_57718_50189_HIP59911_0040.gpuspec.0002.h5
HIP59942	https://bldata.berkeley.edu/pipeline/AGBT16B_999_76/holding/spliced_blc0001020304050607_guppi_57718_50902_HIP59942_0042.gpuspec.0002.h5
HIP59956	https://bldata.berkeley.edu/pipeline/AGBT16B_999_66/holding/spliced_blc0001020304050607_guppi_57701_59994_HIP59956_0058.gpuspec.0002.h5
HIP59974	https://bldata.berkeley.edu/pipeline/AGBT16A_999_238/holding/spliced_blc0001020304050607_guppi_57584_01859_Hip59974_0026.gpuspec.0002.h5
HIP59986	https://bldata.berkeley.edu/pipeline/AGBT16B_999_76/holding/spliced_blc0001020304050607_guppi_57718_51614_HIP59986_0044.gpuspec.0002.h5
HIP5999	https://bldata.berkeley.edu/pipeline/AGBT16B_999_34/holding/spliced_blc0001020304050607_guppi_57662_21668_HIP5999_0044.gpuspec.0002.h5
HIP59992	https://bldata.berkeley.edu/pipeline/AGBT16B_999_66/holding/spliced_blc0001020304050607_guppi_57701_57219_HIP59992_0050.gpuspec.0002.h5
HIP60022	https://bldata.berkeley.edu/pipeline/AGBT16A_999_238/holding/spliced_blc0001020304050607_guppi_57584_05244_Hip60022_0036.gpuspec.0002.h5
HIP60047	https://bldata.berkeley.edu/pipeline/AGBT16A_999_217/holding/spliced_blc0001020304050607_guppi_57549_08397_HIP60047_0022.gpuspec.0002.h5
HIP60049	https://bldata.berkeley.edu/pipeline/AGBT17B_999_30/holding/spliced_blc1011121314151617_guppi_58008_63469_HIP60049_0025.gpuspec.0002.h5
HIP60060	https://bldata.berkeley.edu/pipeline/AGBT16A_999_238/holding/spliced_blc0001020304050607_guppi_57584_05923_Hip60060_0038.gpuspec.0002.h5
HIP60087	https://bldata.berkeley.edu/pipeline/AGBT16A_999_188/holding/spliced_blc0001020304050607_guppi_57522_20213_HIP60087_0028.gpuspec.0002.h5
HIP60130	https://bldata.berkeley.edu/pipeline/AGBT16B_999_58/holding/spliced_blc0001020304050607_guppi_57692_54156_HIP60130_0004.gpuspec.0002.h5
HIP60155	https://bldata.berkeley.edu/pipeline/AGBT16B_999_84/holding/spliced_blc0001020304050607_guppi_57726_49922_HIP60155_0032.gpuspec.0002.h5
HIP60160	https://bldata.berkeley.edu/pipeline/AGBT16B_999_66/holding/spliced_blc0001020304050607_guppi_57701_60674_HIP60160_0060.gpuspec.0002.h5
HIP60236	https://bldata.berkeley.edu/pipeline/AGBT16B_999_66/holding/spliced_blc0001020304050607_guppi_57701_61350_HIP60236_0062.gpuspec.0002.h5
HIP60237	https://bldata.berkeley.edu/pipeline/AGBT16B_999_84/holding/spliced_blc0001020304050607_guppi_57726_50602_HIP60237_0034.gpuspec.0002.h5
HIP60258	https://bldata.berkeley.edu/pipeline/AGBT18A_999_68/holding/spliced_blc0001020304050607_guppi_58260_06713_HIP60258_0030.gpuspec.0002.h5
HIP60272	https://bldata.berkeley.edu/pipeline/AGBT16A_999_188/holding/spliced_blc0001020304050607_guppi_57522_11359_HIP60272_0004.gpuspec.0002.h5
HIP60285	https://bldata.berkeley.edu/pipeline/AGBT17A_999_21/holding/spliced_blc0001020304050607_guppi_57823_22952_HIP60285_0003.gpuspec.0002.h5
HIP60290	https://bldata.berkeley.edu/pipeline/AGBT17B_999_61/holding/spliced_blc0001020304050607_guppi_58077_44447_HIP60290_0021.gpuspec.0002.h5
HIP603	https://bldata.berkeley.edu/pipeline/AGBT16A_999_189/holding/spliced_blc0001020304050607_guppi_57522_58730_HIP603_0012.gpuspec.0002.h5
HIP60301	https://bldata.berkeley.edu/pipeline/AGBT16A_999_217/holding/spliced_blc0001020304050607_guppi_57549_09097_HIP60301_0024.gpuspec.0002.h5
HIP60325	https://bldata.berkeley.edu/pipeline/AGBT16A_999_188/holding/spliced_blc0001020304050607_guppi_57522_12066_HIP60325_0006.gpuspec.0002.h5
HIP60347	https://bldata.berkeley.edu/pipeline/AGBT17B_999_61/holding/spliced_blc0001020304050607_guppi_58077_45110_HIP60347_0023.gpuspec.0002.h5
HIP60365	https://bldata.berkeley.edu/pipeline/AGBT16A_999_217/holding/spliced_blc0001020304050607_guppi_57549_09796_HIP60365_0026.gpuspec.0002.h5
HIP60411	https://bldata.berkeley.edu/pipeline/AGBT17A_999_21/holding/spliced_blc0001020304050607_guppi_57823_23738_HIP60411_0005.gpuspec.0002.h5
HIP60413	https://bldata.berkeley.edu/pipeline/AGBT17A_999_21/holding/spliced_blc0001020304050607_guppi_57823_24452_HIP60413_0007.gpuspec.0002.h5
HIP60416	https://bldata.berkeley.edu/pipeline/AGBT16B_999_11/holding/spliced_blc0001020304050607_guppi_57619_77148_Hip60416_0003.gpuspec.0002.h5
HIP60446	https://bldata.berkeley.edu/pipeline/AGBT17B_999_61/holding/spliced_blc0001020304050607_guppi_58077_45776_HIP60446_0025.gpuspec.0002.h5
HIP60475	https://bldata.berkeley.edu/pipeline/AGBT16B_999_58/holding/spliced_blc0001020304050607_guppi_57692_55539_HIP60475_0008.gpuspec.0002.h5
HIP60496	https://bldata.berkeley.edu/pipeline/AGBT18B_999_33/holding/spliced_blc0001020304050607_guppi_58404_45589_HIP60496_0054.gpuspec.0002.h5
HIP60510	https://bldata.berkeley.edu/pipeline/AGBT16A_999_188/holding/spliced_blc0001020304050607_guppi_57522_12774_HIP60510_0008.gpuspec.0002.h5
HIP60522	https://bldata.berkeley.edu/pipeline/AGBT17B_999_31/holding/spliced_blc1011121314151617_guppi_58010_49848_HIP60522_0046.gpuspec.0002.h5
HIP60523	https://bldata.berkeley.edu/pipeline/AGBT16B_999_11/holding/spliced_blc0001020304050607_guppi_57619_77819_Hip60523_0005.gpuspec.0002.h5
HIP60527	https://bldata.berkeley.edu/pipeline/AGBT17A_999_77/holding/spliced_blc0001020304050607_guppi_57908_82477_HIP60527_0043.gpuspec.0002.h5
HIP6055	https://bldata.berkeley.edu/pipeline/AGBT17A_999_70/holding/spliced_blc0001020304050607_guppi_57899_57710_HIP6055_0012.gpuspec.0002.h5
HIP60550	https://bldata.berkeley.edu/pipeline/AGBT16B_999_36/holding/spliced_blc0001020304050607_guppi_57665_66868_HIP60550_0052.gpuspec.0002.h5
HIP60571	https://bldata.berkeley.edu/pipeline/AGBT17B_999_31/holding/spliced_blc1011121314151617_guppi_58010_50504_HIP60571_0048.gpuspec.0002.h5
HIP60593	https://bldata.berkeley.edu/pipeline/AGBT18A_999_68/holding/spliced_blc0001020304050607_guppi_58260_07392_HIP60593_0032.gpuspec.0002.h5
HIP60595	https://bldata.berkeley.edu/pipeline/AGBT16B_999_84/holding/spliced_blc0001020304050607_guppi_57726_51278_HIP60595_0036.gpuspec.0002.h5
HIP60620	https://bldata.berkeley.edu/pipeline/AGBT16B_999_84/holding/spliced_blc0001020304050607_guppi_57726_53981_HIP60620_0044.gpuspec.0002.h5
HIP60643	https://bldata.berkeley.edu/pipeline/AGBT17B_999_31/holding/spliced_blc1011121314151617_guppi_58010_51167_HIP60643_0050.gpuspec.0002.h5
HIP60678	https://bldata.berkeley.edu/pipeline/AGBT16B_999_11/holding/spliced_blc0001020304050607_guppi_57619_78487_Hip60678_0007.gpuspec.0002.h5
HIP60810	https://bldata.berkeley.edu/pipeline/AGBT18A_999_68/holding/spliced_blc0001020304050607_guppi_58260_14564_HIP60810_0052.gpuspec.0002.h5
HIP60876	https://bldata.berkeley.edu/pipeline/AGBT16B_999_84/holding/spliced_blc0001020304050607_guppi_57726_51948_HIP60876_0038.gpuspec.0002.h5
HIP60878	https://bldata.berkeley.edu/pipeline/AGBT17B_999_61/holding/spliced_blc0001020304050607_guppi_58077_47872_HIP60878_0031.gpuspec.0002.h5
HIP609	https://bldata.berkeley.edu/pipeline/AGBT16A_999_189/holding/spliced_blc0001020304050607_guppi_57522_57378_HIP609_0008.gpuspec.0002.h5
HIP60902	https://bldata.berkeley.edu/pipeline/AGBT16B_999_84/holding/spliced_blc0001020304050607_guppi_57726_54691_HIP60902_0046.gpuspec.0002.h5
HIP60933	https://bldata.berkeley.edu/pipeline/AGBT16B_999_76/holding/spliced_blc0001020304050607_guppi_57718_52337_HIP60933_0046.gpuspec.0002.h5
HIP60946	https://bldata.berkeley.edu/pipeline/AGBT16B_999_36/holding/spliced_blc0001020304050607_guppi_57665_67538_HIP60946_0054.gpuspec.0002.h5
HIP60953	https://bldata.berkeley.edu/pipeline/AGBT16B_999_84/holding/spliced_blc0001020304050607_guppi_57726_55374_HIP60953_0048.gpuspec.0002.h5
HIP60978	https://bldata.berkeley.edu/pipeline/AGBT16B_999_36/holding/spliced_blc0001020304050607_guppi_57665_68216_HIP60978_0056.gpuspec.0002.h5
HIP61059	https://bldata.berkeley.edu/pipeline/AGBT16B_999_76/holding/spliced_blc0001020304050607_guppi_57718_53038_HIP61059_0048.gpuspec.0002.h5
HIP61072	https://bldata.berkeley.edu/pipeline/AGBT16A_999_213/holding/spliced_blc0001020304050607_guppi_57543_09023_HIP61072_0034.gpuspec.0002.h5
HIP61074	https://bldata.berkeley.edu/pipeline/AGBT16A_999_213/holding/spliced_blc0001020304050607_guppi_57543_09782_HIP61074_0036.gpuspec.0002.h5
HIP61114	https://bldata.berkeley.edu/pipeline/AGBT16A_999_213/holding/spliced_blc0001020304050607_guppi_57543_10527_HIP61114_0038.gpuspec.0002.h5
HIP6114	https://bldata.berkeley.edu/pipeline/AGBT17A_999_58/holding/spliced_blc3031323334353637_guppi_57873_73733_HIP6114_0061.gpuspec.0002.h5
HIP61148	https://bldata.berkeley.edu/pipeline/AGBT16B_999_42/holding/spliced_blc0001020304050607_guppi_57671_63963_HIP61148_0050.gpuspec.0002.h5
HIP61168	https://bldata.berkeley.edu/pipeline/AGBT16B_999_76/holding/spliced_blc0001020304050607_guppi_57718_53736_HIP61168_0050.gpuspec.0002.h5
HIP61203	https://bldata.berkeley.edu/pipeline/AGBT16B_999_11/holding/spliced_blc0001020304050607_guppi_57619_79169_Hip61203_0009.gpuspec.0002.h5
HIP61277	https://bldata.berkeley.edu/pipeline/AGBT17A_999_21/holding/spliced_blc0001020304050607_guppi_57823_25147_HIP61277_0009.gpuspec.0002.h5
HIP61278	https://bldata.berkeley.edu/bl_tess/s_band/spliced_blc7071727374757677_guppi_58814_31859_HIP61278_0090.gpuspec.0002.h5
HIP61335	https://bldata.berkeley.edu/pipeline/AGBT17A_999_21/holding/spliced_blc0001020304050607_guppi_57823_26594_HIP61335_0013.gpuspec.0002.h5
HIP61371	https://bldata.berkeley.edu/pipeline/AGBT16B_999_11/holding/spliced_blc0001020304050607_guppi_57619_79838_Hip61371_0011.gpuspec.0002.h5
HIP61396	https://bldata.berkeley.edu/bl_tess/c_band/spliced_blc40414243444546o7o0515253545556o7o0616263646566o7o071727374757677_guppi_58803_12913_HIP61396_0026.gpuspec.0002.h5
HIP61402	https://bldata.berkeley.edu/pipeline/AGBT16B_999_76/holding/spliced_blc0001020304050607_guppi_57718_54444_HIP61402_0052.gpuspec.0002.h5
HIP61407	https://bldata.berkeley.edu/pipeline/AGBT16B_999_11/holding/spliced_blc0001020304050607_guppi_57619_80516_Hip61407_0013.gpuspec.0002.h5
HIP61522	https://bldata.berkeley.edu/bl_tess/l_band/spliced_blc00010304050607_guppi_58873_22588_HIP61522_0085.gpuspec.0002.h5
HIP61545	https://bldata.berkeley.edu/pipeline/AGBT16B_999_76/holding/spliced_blc0001020304050607_guppi_57718_55150_HIP61545_0054.gpuspec.0002.h5
HIP61628	https://bldata.berkeley.edu/pipeline/AGBT16B_999_89/holding/spliced_blc0001020304050607_guppi_57734_48097_HIP61628_0046.gpuspec.0002.h5
HIP6163	https://bldata.berkeley.edu/pipeline/AGBT16B_999_34/holding/spliced_blc0001020304050607_guppi_57662_23893_HIP6163_0050.gpuspec.0002.h5
HIP61637	https://bldata.berkeley.edu/pipeline/AGBT16B_999_89/holding/spliced_blc0001020304050607_guppi_57734_48791_HIP61637_0048.gpuspec.0002.h5
HIP61641	https://bldata.berkeley.edu/pipeline/AGBT16B_999_89/holding/spliced_blc0001020304050607_guppi_57734_49484_HIP61641_0050.gpuspec.0002.h5
HIP61651	https://bldata.berkeley.edu/pipeline/AGBT16B_999_89/holding/spliced_blc0001020304050607_guppi_57734_46041_HIP61651_0040.gpuspec.0002.h5
HIP61694	https://bldata.berkeley.edu/pipeline/AGBT16B_999_76/holding/spliced_blc0001020304050607_guppi_57718_55848_HIP61694_0056.gpuspec.0002.h5
HIP61779	https://bldata.berkeley.edu/pipeline/AGBT18B_999_70/holding/spliced_blc0001020304050607_guppi_58452_58626_HIP61779_0029.gpuspec.0002.h5
HIP61800	https://bldata.berkeley.edu/pipeline/AGBT18B_999_70/holding/spliced_blc0001020304050607_guppi_58452_52258_HIP61800_0011.gpuspec.0002.h5
HIP61801	https://bldata.berkeley.edu/pipeline/AGBT16B_999_89/holding/spliced_blc0001020304050607_guppi_57734_46713_HIP61801_0042.gpuspec.0002.h5
HIP61837	https://bldata.berkeley.edu/pipeline/AGBT16B_999_23/holding/spliced_blc0001020304050607_guppi_57642_68288_Hip61837_0040.gpuspec.0002.h5
HIP61841	https://bldata.berkeley.edu/pipeline/AGBT16B_999_23/holding/spliced_blc0001020304050607_guppi_57642_68967_Hip61841_0042.gpuspec.0002.h5
HIP61875	https://bldata.berkeley.edu/pipeline/AGBT16B_999_15/holding/spliced_blc0001020304050607_guppi_57626_73777_Hip61875_0019.gpuspec.0002.h5
HIP61910	https://bldata.berkeley.edu/pipeline/AGBT16B_999_89/holding/spliced_blc0001020304050607_guppi_57734_47383_HIP61910_0044.gpuspec.0002.h5
HIP61911	https://bldata.berkeley.edu/pipeline/AGBT16B_999_23/holding/spliced_blc0001020304050607_guppi_57642_69644_Hip61911_0044.gpuspec.0002.h5
HIP61915	https://bldata.berkeley.edu/pipeline/AGBT18B_999_70/holding/spliced_blc0001020304050607_guppi_58452_52946_HIP61915_0013.gpuspec.0002.h5
HIP61920	https://bldata.berkeley.edu/pipeline/AGBT18B_999_70/holding/spliced_blc0001020304050607_guppi_58452_53639_HIP61920_0015.gpuspec.0002.h5
HIP61936	https://bldata.berkeley.edu/pipeline/AGBT16B_999_15/holding/spliced_blc0001020304050607_guppi_57626_74449_Hip61936_0021.gpuspec.0002.h5
HIP6194	https://bldata.berkeley.edu/pipeline/AGBT17A_999_70/holding/spliced_blc0001020304050607_guppi_57899_58402_HIP6194_0014.gpuspec.0002.h5
HIP61961	https://bldata.berkeley.edu/pipeline/AGBT18B_999_70/holding/spliced_blc0001020304050607_guppi_58452_59307_HIP61961_0031.gpuspec.0002.h5
HIP62016	https://bldata.berkeley.edu/pipeline/AGBT17A_999_69/holding/spliced_blc0001020304050607_guppi_57899_05996_HIP62016_0046.gpuspec.0002.h5
HIP62018	https://bldata.berkeley.edu/pipeline/AGBT18B_999_70/holding/spliced_blc0001020304050607_guppi_58452_59983_HIP62018_0033.gpuspec.0002.h5
HIP62022	https://bldata.berkeley.edu/pipeline/AGBT17A_999_69/holding/spliced_blc0001020304050607_guppi_57899_06670_HIP62022_0048.gpuspec.0002.h5
HIP62079	https://bldata.berkeley.edu/pipeline/AGBT16B_999_76/holding/spliced_blc0001020304050607_guppi_57718_56566_HIP62079_0058.gpuspec.0002.h5
HIP62091	https://bldata.berkeley.edu/pipeline/AGBT17A_999_69/holding/spliced_blc0001020304050607_guppi_57899_07343_HIP62091_0050.gpuspec.0002.h5
HIP62125	https://bldata.berkeley.edu/pipeline/AGBT16B_999_89/holding/spliced_blc0001020304050607_guppi_57734_50200_HIP62125_0052.gpuspec.0002.h5
HIP62161	https://bldata.berkeley.edu/pipeline/AGBT16B_999_76/holding/spliced_blc0001020304050607_guppi_57718_57249_HIP62161_0060.gpuspec.0002.h5
HIP62345	https://bldata.berkeley.edu/pipeline/AGBT16B_999_89/holding/spliced_blc0001020304050607_guppi_57734_50880_HIP62345_0054.gpuspec.0002.h5
HIP62361	https://bldata.berkeley.edu/pipeline/AGBT16B_999_15/holding/spliced_blc0001020304050607_guppi_57626_75116_Hip62361_0023.gpuspec.0002.h5
HIP62371	https://bldata.berkeley.edu/pipeline/AGBT16B_999_89/holding/spliced_blc0001020304050607_guppi_57734_52236_HIP62371_0058.gpuspec.0002.h5
HIP62395	https://bldata.berkeley.edu/pipeline/AGBT16B_999_89/holding/spliced_blc0001020304050607_guppi_57734_51560_HIP62395_0056.gpuspec.0002.h5
HIP62421	https://bldata.berkeley.edu/pipeline/AGBT16B_999_89/holding/spliced_blc0001020304050607_guppi_57734_52919_HIP62421_0060.gpuspec.0002.h5
HIP62457	https://bldata.berkeley.edu/pipeline/AGBT16B_999_103/holding/spliced_blc0001020304050607_guppi_57751_46635_HIP62457_0040.gpuspec.0002.h5
HIP62478	https://bldata.berkeley.edu/pipeline/AGBT16B_999_103/holding/spliced_blc0001020304050607_guppi_57751_47333_HIP62478_0042.gpuspec.0002.h5
HIP62509	https://bldata.berkeley.edu/pipeline/AGBT16B_999_103/holding/spliced_blc0001020304050607_guppi_57751_48028_HIP62509_0044.gpuspec.0002.h5
HIP62528	https://bldata.berkeley.edu/pipeline/AGBT16B_999_103/holding/spliced_blc0001020304050607_guppi_57751_44541_HIP62528_0034.gpuspec.0002.h5
HIP62529	https://bldata.berkeley.edu/pipeline/AGBT17A_999_21/holding/spliced_blc0001020304050607_guppi_57823_27297_HIP62529_0015.gpuspec.0002.h5
HIP62531	https://bldata.berkeley.edu/pipeline/AGBT16B_999_103/holding/spliced_blc0001020304050607_guppi_57751_45239_HIP62531_0036.gpuspec.0002.h5
HIP62541	https://bldata.berkeley.edu/pipeline/AGBT16B_999_103/holding/spliced_blc0001020304050607_guppi_57751_45936_HIP62541_0038.gpuspec.0002.h5
HIP62548	https://bldata.berkeley.edu/pipeline/AGBT18A_999_63/holding/spliced_blc3031323334353637_guppi_58254_15023_HIP62548_0056.gpuspec.0002.h5
HIP62559	https://bldata.berkeley.edu/pipeline/AGBT17A_999_21/holding/spliced_blc0001020304050607_guppi_57823_27984_HIP62559_0017.gpuspec.0002.h5
HIP62578	https://bldata.berkeley.edu/pipeline/AGBT16B_999_23/holding/spliced_blc0001020304050607_guppi_57642_72357_Hip62578_0052.gpuspec.0002.h5
HIP62605	https://bldata.berkeley.edu/pipeline/AGBT16B_999_89/holding/spliced_blc0001020304050607_guppi_57734_53602_HIP62605_0062.gpuspec.0002.h5
HIP62641	https://bldata.berkeley.edu/pipeline/AGBT18A_999_63/holding/spliced_blc3031323334353637_guppi_58254_15714_HIP62641_0058.gpuspec.0002.h5
HIP62648	https://bldata.berkeley.edu/pipeline/AGBT18A_999_63/holding/spliced_blc3031323334353637_guppi_58254_16407_HIP62648_0060.gpuspec.0002.h5
HIP62688	https://bldata.berkeley.edu/pipeline/AGBT16B_999_103/holding/spliced_blc0001020304050607_guppi_57751_48739_HIP62688_0046.gpuspec.0002.h5
HIP62754	https://bldata.berkeley.edu/pipeline/AGBT16B_999_52/holding/spliced_blc0001020304050607_guppi_57684_62393_HIP62754_0022.gpuspec.0002.h5
HIP62764	https://bldata.berkeley.edu/pipeline/AGBT17A_999_21/holding/spliced_blc0001020304050607_guppi_57823_28672_HIP62764_0019.gpuspec.0002.h5
HIP62771	https://bldata.berkeley.edu/pipeline/AGBT16B_999_23/holding/spliced_blc0001020304050607_guppi_57642_73028_Hip62771_0054.gpuspec.0002.h5
HIP62776	https://bldata.berkeley.edu/pipeline/AGBT17A_999_84/holding/spliced_blc0001020304050607_guppi_57926_82664_HIP62776_0003.gpuspec.0002.h5
HIP62781	https://bldata.berkeley.edu/pipeline/AGBT16B_999_23/holding/spliced_blc0001020304050607_guppi_57642_73696_Hip62781_0056.gpuspec.0002.h5
HIP62846	https://bldata.berkeley.edu/pipeline/AGBT16B_999_52/holding/spliced_blc0001020304050607_guppi_57684_63067_HIP62846_0024.gpuspec.0002.h5
HIP62908	https://bldata.berkeley.edu/pipeline/AGBT16B_999_15/holding/spliced_blc0001020304050607_guppi_57626_75847_Hip62908_0025.gpuspec.0002.h5
HIP62910	https://bldata.berkeley.edu/pipeline/AGBT16B_999_101/holding/spliced_blc0001020304050607_guppi_57749_49635_HIP62910_0009.gpuspec.0002.h5
HIP62963	https://bldata.berkeley.edu/pipeline/AGBT17A_999_84/holding/spliced_blc0001020304050607_guppi_57926_83331_HIP62963_0005.gpuspec.0002.h5
HIP63008	https://bldata.berkeley.edu/pipeline/AGBT16B_999_101/holding/spliced_blc0001020304050607_guppi_57749_47518_HIP63008_0003.gpuspec.0002.h5
HIP63071	https://bldata.berkeley.edu/bl_tess/l_band/spliced_blc0001020304050607_guppi_58873_32982_HIP63071_0117.gpuspec.0002.h5
HIP6308	https://bldata.berkeley.edu/pipeline/AGBT17A_999_70/holding/spliced_blc0001020304050607_guppi_57899_59085_HIP6308_0016.gpuspec.0002.h5
HIP63092	https://bldata.berkeley.edu/pipeline/AGBT16B_999_101/holding/spliced_blc0001020304050607_guppi_57749_48212_HIP63092_0005.gpuspec.0002.h5
HIP63099	https://bldata.berkeley.edu/pipeline/AGBT18A_999_14/holding/spliced_blc1011121314151617_guppi_58174_26168_HIP63099_0033.gpuspec.0002.h5
HIP63114	https://bldata.berkeley.edu/pipeline/AGBT16B_999_23/holding/spliced_blc0001020304050607_guppi_57642_70330_Hip63114_0046.gpuspec.0002.h5
HIP63116	https://bldata.berkeley.edu/pipeline/AGBT16B_999_107/holding/spliced_blc0001020304050607_guppi_57754_40427_HIP63116_0004.gpuspec.0002.h5
HIP63139	https://bldata.berkeley.edu/pipeline/AGBT18B_999_70/holding/spliced_blc0001020304050607_guppi_58452_54431_HIP63139_0017.gpuspec.0002.h5
HIP63149	https://bldata.berkeley.edu/pipeline/AGBT16B_999_107/holding/spliced_blc0001020304050607_guppi_57754_41127_HIP63149_0006.gpuspec.0002.h5
HIP63155	https://bldata.berkeley.edu/pipeline/AGBT17A_999_84/holding/spliced_blc0001020304050607_guppi_57926_83993_HIP63155_0007.gpuspec.0002.h5
HIP63163	https://bldata.berkeley.edu/pipeline/AGBT16B_999_15/holding/spliced_blc0001020304050607_guppi_57626_76505_Hip63163_0027.gpuspec.0002.h5
HIP63216	https://bldata.berkeley.edu/bl_tess/c_band/spliced_blc10111213141516o7o0212223242526o7o0313233343536o7o051525354555657_guppi_58860_65033_HIP63216_0092.gpuspec.0002.h5
HIP63245	https://bldata.berkeley.edu/pipeline/AGBT16B_999_15/holding/spliced_blc0001020304050607_guppi_57626_77164_Hip63245_0029.gpuspec.0002.h5
HIP63255	https://bldata.berkeley.edu/pipeline/AGBT16B_999_52/holding/spliced_blc0001020304050607_guppi_57684_63746_HIP63255_0026.gpuspec.0002.h5
HIP63262	https://bldata.berkeley.edu/pipeline/AGBT16B_999_101/holding/spliced_blc0001020304050607_guppi_57749_48904_HIP63262_0007.gpuspec.0002.h5
HIP63266	https://bldata.berkeley.edu/pipeline/AGBT18B_999_70/holding/spliced_blc0001020304050607_guppi_58452_55102_HIP63266_0019.gpuspec.0002.h5
HIP63269	https://bldata.berkeley.edu/pipeline/AGBT18A_999_14/holding/spliced_blc1011121314151617_guppi_58174_26831_HIP63269_0035.gpuspec.0002.h5
HIP63289	https://bldata.berkeley.edu/pipeline/AGBT16B_999_23/holding/spliced_blc0001020304050607_guppi_57642_70991_Hip63289_0048.gpuspec.0002.h5
HIP63303	https://bldata.berkeley.edu/pipeline/AGBT18B_999_70/holding/spliced_blc0001020304050607_guppi_58452_49133_HIP63303_0005.gpuspec.0002.h5
HIP63309	https://bldata.berkeley.edu/pipeline/AGBT16B_999_107/holding/spliced_blc0001020304050607_guppi_57754_44774_HIP63309_0016.gpuspec.0002.h5
HIP63341	https://bldata.berkeley.edu/pipeline/AGBT18A_999_14/holding/spliced_blc1011121314151617_guppi_58174_28293_HIP63341_0039.gpuspec.0002.h5
HIP63346	https://bldata.berkeley.edu/pipeline/AGBT16B_999_23/holding/spliced_blc0001020304050607_guppi_57642_71658_Hip63346_0050.gpuspec.0002.h5
HIP63348	https://bldata.berkeley.edu/pipeline/AGBT18A_999_14/holding/spliced_blc1011121314151617_guppi_58174_27491_HIP63348_0037.gpuspec.0002.h5
HIP63351	https://bldata.berkeley.edu/pipeline/AGBT18B_999_70/holding/spliced_blc0001020304050607_guppi_58452_50790_HIP63351_0007.gpuspec.0002.h5
HIP63363	https://bldata.berkeley.edu/pipeline/AGBT18B_999_70/holding/spliced_blc0001020304050607_guppi_58452_55767_HIP63363_0021.gpuspec.0002.h5
HIP63373	https://bldata.berkeley.edu/pipeline/AGBT16B_999_107/holding/spliced_blc0001020304050607_guppi_57754_45462_HIP63373_0018.gpuspec.0002.h5
HIP63418	https://bldata.berkeley.edu/pipeline/AGBT18B_999_70/holding/spliced_blc0001020304050607_guppi_58452_51531_HIP63418_0009.gpuspec.0002.h5
HIP6342	https://bldata.berkeley.edu/pipeline/AGBT17A_999_70/holding/spliced_blc0001020304050607_guppi_57899_59779_HIP6342_0018.gpuspec.0002.h5
HIP63428	https://bldata.berkeley.edu/pipeline/AGBT16B_999_107/holding/spliced_blc0001020304050607_guppi_57754_46149_HIP63428_0020.gpuspec.0002.h5
HIP63461	https://bldata.berkeley.edu/pipeline/AGBT16B_999_107/holding/spliced_blc0001020304050607_guppi_57754_41825_HIP63461_0008.gpuspec.0002.h5
HIP63481	https://bldata.berkeley.edu/pipeline/AGBT18A_999_14/holding/spliced_blc1011121314151617_guppi_58174_29023_HIP63481_0041.gpuspec.0002.h5
HIP63529	https://bldata.berkeley.edu/pipeline/AGBT18A_999_14/holding/spliced_blc1011121314151617_guppi_58174_29818_HIP63529_0043.gpuspec.0002.h5
HIP6354	https://bldata.berkeley.edu/pipeline/AGBT17A_999_70/holding/spliced_blc0001020304050607_guppi_57899_60470_HIP6354_0020.gpuspec.0002.h5
HIP63579	https://bldata.berkeley.edu/bl_tess/l_band/spliced_blc0001020304050607_guppi_58873_31694_HIP63579_0113.gpuspec.0002.h5
HIP63581	https://bldata.berkeley.edu/pipeline/AGBT16B_999_107/holding/spliced_blc0001020304050607_guppi_57754_42546_HIP63581_0010.gpuspec.0002.h5
HIP63614	https://bldata.berkeley.edu/bl_tess/x_band/spliced_blc00010203040506o7o0111213141516o7o021222324252627_guppi_58808_61816_HIP63614_0053.gpuspec.0002.h5
HIP63619	https://bldata.berkeley.edu/pipeline/AGBT16B_999_107/holding/spliced_blc0001020304050607_guppi_57754_43278_HIP63619_0012.gpuspec.0002.h5
HIP63644	https://bldata.berkeley.edu/pipeline/AGBT16B_999_107/holding/spliced_blc0001020304050607_guppi_57754_44005_HIP63644_0014.gpuspec.0002.h5
HIP63680	https://bldata.berkeley.edu/pipeline/AGBT16B_999_121/holding/spliced_blc0001020304050607_guppi_57773_44457_HIP63680_0004.gpuspec.0002.h5
HIP63715	https://bldata.berkeley.edu/pipeline/AGBT17A_999_07/holding/spliced_blc0001020304050607_guppi_57802_31360_HIP63715_0010.gpuspec.0002.h5
HIP63734	https://bldata.berkeley.edu/pipeline/AGBT16B_999_107/holding/spliced_blc0001020304050607_guppi_57754_46874_HIP63734_0022.gpuspec.0002.h5
HIP63754	https://bldata.berkeley.edu/pipeline/AGBT16B_999_107/holding/spliced_blc0001020304050607_guppi_57754_47550_HIP63754_0024.gpuspec.0002.h5
HIP63775	https://bldata.berkeley.edu/pipeline/AGBT16B_999_107/holding/spliced_blc0001020304050607_guppi_57754_48226_HIP63775_0026.gpuspec.0002.h5
HIP6382	https://bldata.berkeley.edu/pipeline/AGBT17A_999_61/holding/spliced_blc3031323334353637_guppi_57879_67067_HIP6382_0033.gpuspec.0002.h5
HIP63857	https://bldata.berkeley.edu/pipeline/AGBT17A_999_07/holding/spliced_blc0001020304050607_guppi_57802_35791_HIP63857_0022.gpuspec.0002.h5
HIP63882	https://bldata.berkeley.edu/pipeline/AGBT17A_999_07/holding/spliced_blc0001020304050607_guppi_57802_36520_HIP63882_0024.gpuspec.0002.h5
HIP63927	https://bldata.berkeley.edu/pipeline/AGBT17A_999_07/holding/spliced_blc0001020304050607_guppi_57802_32075_HIP63927_0012.gpuspec.0002.h5
HIP63999	https://bldata.berkeley.edu/pipeline/AGBT17A_999_07/holding/spliced_blc0001020304050607_guppi_57802_37960_HIP63999_0028.gpuspec.0002.h5
HIP64012	https://bldata.berkeley.edu/pipeline/AGBT17A_999_07/holding/spliced_blc0001020304050607_guppi_57802_38672_HIP64012_0030.gpuspec.0002.h5
HIP64024	https://bldata.berkeley.edu/bl_tess/l_band/spliced_blc0001020304050607_guppi_58873_32337_HIP64024_0115.gpuspec.0002.h5
HIP64028	https://bldata.berkeley.edu/pipeline/AGBT17A_999_07/holding/spliced_blc0001020304050607_guppi_57802_37239_HIP64028_0026.gpuspec.0002.h5
HIP64081	https://bldata.berkeley.edu/pipeline/AGBT17A_999_84/holding/spliced_blc0001020304050607_guppi_57926_84707_HIP64081_0009.gpuspec.0002.h5
HIP64084	https://bldata.berkeley.edu/pipeline/AGBT17A_999_84/holding/spliced_blc0001020304050607_guppi_57926_85382_HIP64084_0011.gpuspec.0002.h5
HIP64088	https://bldata.berkeley.edu/pipeline/AGBT16B_999_52/holding/spliced_blc0001020304050607_guppi_57684_65097_HIP64088_0030.gpuspec.0002.h5
HIP64128	https://bldata.berkeley.edu/pipeline/AGBT16B_999_52/holding/spliced_blc0001020304050607_guppi_57684_65775_HIP64128_0032.gpuspec.0002.h5
HIP64142	https://bldata.berkeley.edu/pipeline/AGBT17A_999_84/holding/spliced_blc0001020304050607_guppi_57926_86057_HIP64142_0013.gpuspec.0002.h5
HIP64168	https://bldata.berkeley.edu/pipeline/AGBT17B_999_61/holding/spliced_blc0001020304050607_guppi_58077_48557_HIP64168_0033.gpuspec.0002.h5
HIP64208	https://bldata.berkeley.edu/pipeline/AGBT16B_999_53/holding/spliced_blc0001020304050607_guppi_57685_68479_HIP64208_0004.gpuspec.0002.h5
HIP64211	https://bldata.berkeley.edu/pipeline/AGBT17A_999_07/holding/spliced_blc0001020304050607_guppi_57802_42306_HIP64211_0040.gpuspec.0002.h5
HIP64218	https://bldata.berkeley.edu/pipeline/AGBT17A_999_07/holding/spliced_blc0001020304050607_guppi_57802_33565_HIP64218_0016.gpuspec.0002.h5
HIP64232	https://bldata.berkeley.edu/pipeline/AGBT17A_999_07/holding/spliced_blc0001020304050607_guppi_57802_40121_HIP64232_0034.gpuspec.0002.h5
HIP64266	https://bldata.berkeley.edu/pipeline/AGBT17B_999_61/holding/spliced_blc0001020304050607_guppi_58077_49881_HIP64266_0037.gpuspec.0002.h5
HIP64273	https://bldata.berkeley.edu/pipeline/AGBT16B_999_53/holding/spliced_blc0001020304050607_guppi_57685_69151_HIP64273_0006.gpuspec.0002.h5
HIP64318	https://bldata.berkeley.edu/pipeline/AGBT17A_999_13/holding/spliced_blc0001020304050607_guppi_57809_30718_HIP64318_0016.gpuspec.0002.h5
HIP64326	https://bldata.berkeley.edu/pipeline/AGBT17A_999_07/holding/spliced_blc0001020304050607_guppi_57802_34253_HIP64326_0018.gpuspec.0002.h5
HIP64389	https://bldata.berkeley.edu/pipeline/AGBT16B_999_53/holding/spliced_blc0001020304050607_guppi_57685_69826_HIP64389_0008.gpuspec.0002.h5
HIP64405	https://bldata.berkeley.edu/pipeline/AGBT17A_999_07/holding/spliced_blc0001020304050607_guppi_57802_40833_HIP64405_0036.gpuspec.0002.h5
HIP64407	https://bldata.berkeley.edu/pipeline/AGBT17A_999_07/holding/spliced_blc0001020304050607_guppi_57802_34939_HIP64407_0020.gpuspec.0002.h5
HIP64451	https://bldata.berkeley.edu/pipeline/AGBT16B_999_53/holding/spliced_blc0001020304050607_guppi_57685_71180_HIP64451_0012.gpuspec.0002.h5
HIP64453	https://bldata.berkeley.edu/pipeline/AGBT17A_999_07/holding/spliced_blc0001020304050607_guppi_57802_43009_HIP64453_0042.gpuspec.0002.h5
HIP64454	https://bldata.berkeley.edu/pipeline/AGBT16B_999_53/holding/spliced_blc0001020304050607_guppi_57685_71866_HIP64454_0014.gpuspec.0002.h5
HIP64464	https://bldata.berkeley.edu/pipeline/AGBT18B_999_70/holding/spliced_blc0001020304050607_guppi_58452_56544_HIP64464_0023.gpuspec.0002.h5
HIP64483	https://bldata.berkeley.edu/pipeline/AGBT17A_999_07/holding/spliced_blc0001020304050607_guppi_57802_43706_HIP64483_0044.gpuspec.0002.h5
HIP64498	https://bldata.berkeley.edu/pipeline/AGBT17A_999_13/holding/spliced_blc0001020304050607_guppi_57809_32086_HIP64498_0020.gpuspec.0002.h5
HIP64500	https://bldata.berkeley.edu/pipeline/AGBT16B_999_52/holding/spliced_blc0001020304050607_guppi_57684_66474_HIP64500_0034.gpuspec.0002.h5
HIP64510	https://bldata.berkeley.edu/pipeline/AGBT17A_999_07/holding/spliced_blc0001020304050607_guppi_57802_41543_HIP64510_0038.gpuspec.0002.h5
HIP64527	https://bldata.berkeley.edu/bl_tess/x_band/spliced_blc00010203040506o7o0111213141516o7o021222324252627_guppi_58810_07935_HIP64527_0016.gpuspec.0002.h5
HIP64571	https://bldata.berkeley.edu/pipeline/AGBT17A_999_13/holding/spliced_blc0001020304050607_guppi_57809_32775_HIP64571_0022.gpuspec.0002.h5
HIP64575	https://bldata.berkeley.edu/pipeline/AGBT17A_999_13/holding/spliced_blc0001020304050607_guppi_57809_33465_HIP64575_0024.gpuspec.0002.h5
HIP64593	https://bldata.berkeley.edu/pipeline/AGBT18B_999_70/holding/spliced_blc0001020304050607_guppi_58452_57235_HIP64593_0025.gpuspec.0002.h5
HIP64600	https://bldata.berkeley.edu/pipeline/AGBT16A_999_208/holding/spliced_blc0001020304050607_guppi_57537_16965_HIP64600_0028.gpuspec.0002.h5
HIP64604	https://bldata.berkeley.edu/pipeline/AGBT16A_999_208/holding/spliced_blc0001020304050607_guppi_57537_08434_HIP64604_0004.gpuspec.0002.h5
HIP64605	https://bldata.berkeley.edu/pipeline/AGBT16B_999_52/holding/spliced_blc0001020304050607_guppi_57684_67138_HIP64605_0036.gpuspec.0002.h5
HIP64606	https://bldata.berkeley.edu/pipeline/AGBT16A_999_208/holding/spliced_blc0001020304050607_guppi_57537_10535_HIP64606_0010.gpuspec.0002.h5
HIP64636	https://bldata.berkeley.edu/pipeline/AGBT16B_999_52/holding/spliced_blc0001020304050607_guppi_57684_67800_HIP64636_0038.gpuspec.0002.h5
HIP64639	https://bldata.berkeley.edu/pipeline/AGBT16A_999_208/holding/spliced_blc0001020304050607_guppi_57537_09127_HIP64639_0006.gpuspec.0002.h5
HIP64655	https://bldata.berkeley.edu/bl_tess/s_band/spliced_blc7071727374757677_guppi_58814_32489_HIP64655_0092.gpuspec.0002.h5
HIP64668	https://bldata.berkeley.edu/pipeline/AGBT16A_999_208/holding/spliced_blc0001020304050607_guppi_57537_09830_HIP64668_0008.gpuspec.0002.h5
HIP64679	https://bldata.berkeley.edu/pipeline/AGBT16B_999_53/holding/spliced_blc0001020304050607_guppi_57685_75223_HIP64679_0003.gpuspec.0002.h5
HIP64689	https://bldata.berkeley.edu/pipeline/AGBT16A_999_208/holding/spliced_blc0001020304050607_guppi_57537_11248_HIP64689_0012.gpuspec.0002.h5
HIP64692	https://bldata.berkeley.edu/pipeline/AGBT18B_999_70/holding/spliced_blc0001020304050607_guppi_58452_57925_HIP64692_0027.gpuspec.0002.h5
HIP64704	https://bldata.berkeley.edu/pipeline/AGBT17A_999_13/holding/spliced_blc0001020304050607_guppi_57809_34865_HIP64704_0028.gpuspec.0002.h5
HIP64706	https://bldata.berkeley.edu/pipeline/AGBT17A_999_13/holding/spliced_blc0001020304050607_guppi_57809_35561_HIP64706_0030.gpuspec.0002.h5
HIP64726	https://bldata.berkeley.edu/pipeline/AGBT17A_999_13/holding/spliced_blc0001020304050607_guppi_57809_28666_HIP64726_0010.gpuspec.0002.h5
HIP64733	https://bldata.berkeley.edu/pipeline/AGBT17A_999_13/holding/spliced_blc0001020304050607_guppi_57809_29338_HIP64733_0012.gpuspec.0002.h5
HIP64760	https://bldata.berkeley.edu/pipeline/AGBT16B_999_53/holding/spliced_blc0001020304050607_guppi_57685_75895_HIP64760_0005.gpuspec.0002.h5
HIP64782	https://bldata.berkeley.edu/pipeline/AGBT16A_999_208/holding/spliced_blc0001020304050607_guppi_57537_11965_HIP64782_0014.gpuspec.0002.h5
HIP64794	https://bldata.berkeley.edu/pipeline/AGBT17A_999_13/holding/spliced_blc0001020304050607_guppi_57809_36253_HIP64794_0032.gpuspec.0002.h5
HIP64795	https://bldata.berkeley.edu/pipeline/AGBT17A_999_13/holding/spliced_blc0001020304050607_guppi_57809_30012_HIP64795_0014.gpuspec.0002.h5
HIP64838	https://bldata.berkeley.edu/pipeline/AGBT17A_999_13/holding/spliced_blc0001020304050607_guppi_57809_34151_HIP64838_0026.gpuspec.0002.h5
HIP64856	https://bldata.berkeley.edu/bl_tess/c_band/spliced_blc10111213141516o7o0212223242526o7o0313233343536o7o051525354555657_guppi_58860_65670_HIP64856_0094.gpuspec.0002.h5
HIP64861	https://bldata.berkeley.edu/bl_tess/l_band/spliced_blc0001020304050607_guppi_58873_16803_HIP64861_0067.gpuspec.0002.h5
HIP6489	https://bldata.berkeley.edu/pipeline/AGBT16B_999_34/holding/spliced_blc0001020304050607_guppi_57662_24621_HIP6489_0052.gpuspec.0002.h5
HIP649	https://bldata.berkeley.edu/pipeline/AGBT16A_999_189/holding/spliced_blc0001020304050607_guppi_57522_62865_HIP649_0024.gpuspec.0002.h5
HIP65057	https://bldata.berkeley.edu/pipeline/AGBT18B_999_30/holding/spliced_blc0001020304050607_guppi_58402_67632_HIP65057_0009.gpuspec.0002.h5
HIP65062	https://bldata.berkeley.edu/pipeline/AGBT18B_999_30/holding/spliced_blc0001020304050607_guppi_58402_68291_HIP65062_0011.gpuspec.0002.h5
HIP65076	https://bldata.berkeley.edu/pipeline/AGBT17B_999_33/holding/spliced_blc2021222324252627_guppi_58014_60422_HIP65076_0022.gpuspec.0002.h5
HIP65090	https://bldata.berkeley.edu/pipeline/AGBT17A_999_13/holding/spliced_blc0001020304050607_guppi_57809_36947_HIP65090_0034.gpuspec.0002.h5
HIP65095	https://bldata.berkeley.edu/pipeline/AGBT18B_999_30/holding/spliced_blc0001020304050607_guppi_58402_68957_HIP65095_0013.gpuspec.0002.h5
HIP65114	https://bldata.berkeley.edu/pipeline/AGBT17A_999_16/holding/spliced_blc0001020304050607_guppi_57812_25634_HIP65114_0003.gpuspec.0002.h5
HIP65119	https://bldata.berkeley.edu/pipeline/AGBT17A_999_16/holding/spliced_blc0001020304050607_guppi_57812_29841_HIP65119_0015.gpuspec.0002.h5
HIP65120	https://bldata.berkeley.edu/pipeline/AGBT17A_999_13/holding/spliced_blc0001020304050607_guppi_57809_39031_HIP65120_0040.gpuspec.0002.h5
HIP65121	https://bldata.berkeley.edu/pipeline/AGBT17A_999_16/holding/spliced_blc0001020304050607_guppi_57812_30532_HIP65121_0017.gpuspec.0002.h5
HIP65133	https://bldata.berkeley.edu/pipeline/AGBT17A_999_13/holding/spliced_blc0001020304050607_guppi_57809_39716_HIP65133_0042.gpuspec.0002.h5
HIP65148	https://bldata.berkeley.edu/pipeline/AGBT17A_999_16/holding/spliced_blc0001020304050607_guppi_57812_31924_HIP65148_0021.gpuspec.0002.h5
HIP65198	https://bldata.berkeley.edu/pipeline/AGBT17A_999_16/holding/spliced_blc0001020304050607_guppi_57812_31222_HIP65198_0019.gpuspec.0002.h5
HIP65227	https://bldata.berkeley.edu/pipeline/AGBT17A_999_16/holding/spliced_blc0001020304050607_guppi_57812_26334_HIP65227_0005.gpuspec.0002.h5
HIP65228	https://bldata.berkeley.edu/pipeline/AGBT18A_999_68/holding/spliced_blc0001020304050607_guppi_58260_04626_HIP65228_0024.gpuspec.0002.h5
HIP65262	https://bldata.berkeley.edu/pipeline/AGBT17A_999_16/holding/spliced_blc0001020304050607_guppi_57812_27794_HIP65262_0009.gpuspec.0002.h5
HIP65265	https://bldata.berkeley.edu/pipeline/AGBT17A_999_16/holding/spliced_blc0001020304050607_guppi_57812_32609_HIP65265_0023.gpuspec.0002.h5
HIP65274	https://bldata.berkeley.edu/pipeline/AGBT17A_999_16/holding/spliced_blc0001020304050607_guppi_57812_27029_HIP65274_0007.gpuspec.0002.h5
HIP65287	https://bldata.berkeley.edu/pipeline/AGBT17B_999_33/holding/spliced_blc2021222324252627_guppi_58014_61091_HIP65287_0024.gpuspec.0002.h5
HIP65292	https://bldata.berkeley.edu/pipeline/AGBT17A_999_13/holding/spliced_blc0001020304050607_guppi_57809_40400_HIP65292_0044.gpuspec.0002.h5
HIP65304	https://bldata.berkeley.edu/pipeline/AGBT17A_999_13/holding/spliced_blc0001020304050607_guppi_57809_37638_HIP65304_0036.gpuspec.0002.h5
HIP65308	https://bldata.berkeley.edu/pipeline/AGBT17A_999_13/holding/spliced_blc0001020304050607_guppi_57809_38324_HIP65308_0038.gpuspec.0002.h5
HIP65345	https://bldata.berkeley.edu/pipeline/AGBT17A_999_16/holding/spliced_blc0001020304050607_guppi_57812_34094_HIP65345_0027.gpuspec.0002.h5
HIP65429	https://bldata.berkeley.edu/bl_tess/l_band/spliced_blc0001020304050607_guppi_58873_15522_HIP65429_0063.gpuspec.0002.h5
HIP65430	https://bldata.berkeley.edu/pipeline/AGBT16A_999_213/holding/spliced_blc0001020304050607_guppi_57543_12010_HIP65430_0042.gpuspec.0002.h5
HIP65434	https://bldata.berkeley.edu/pipeline/AGBT17A_999_21/holding/spliced_blc0001020304050607_guppi_57823_29414_HIP65434_0021.gpuspec.0002.h5
HIP65443	https://bldata.berkeley.edu/pipeline/AGBT17A_999_95/holding/spliced_blc0001020304050607_guppi_57954_84218_HIP65443_0013.gpuspec.0002.h5
HIP65451	https://bldata.berkeley.edu/pipeline/AGBT16A_999_213/holding/spliced_blc0001020304050607_guppi_57543_12765_HIP65451_0044.gpuspec.0002.h5
HIP65456	https://bldata.berkeley.edu/pipeline/AGBT17A_999_16/holding/spliced_blc0001020304050607_guppi_57812_34804_HIP65456_0029.gpuspec.0002.h5
HIP65458	https://bldata.berkeley.edu/pipeline/AGBT17A_999_16/holding/spliced_blc0001020304050607_guppi_57812_35500_HIP65458_0031.gpuspec.0002.h5
HIP65496	https://bldata.berkeley.edu/pipeline/AGBT17A_999_69/holding/spliced_blc0001020304050607_guppi_57899_08057_HIP65496_0052.gpuspec.0002.h5
HIP65541	https://bldata.berkeley.edu/pipeline/AGBT17A_999_95/holding/spliced_blc0001020304050607_guppi_57954_84951_HIP65541_0015.gpuspec.0002.h5
HIP65542	https://bldata.berkeley.edu/pipeline/AGBT17A_999_16/holding/spliced_blc0001020304050607_guppi_57812_28474_HIP65542_0011.gpuspec.0002.h5
HIP65545	https://bldata.berkeley.edu/pipeline/AGBT17A_999_16/holding/spliced_blc0001020304050607_guppi_57812_36289_HIP65545_0033.gpuspec.0002.h5
HIP65563	https://bldata.berkeley.edu/pipeline/AGBT17A_999_16/holding/spliced_blc0001020304050607_guppi_57812_29150_HIP65563_0013.gpuspec.0002.h5
HIP65572	https://bldata.berkeley.edu/bl_tess/l_band/spliced_blc0001020304050607_guppi_58873_17434_HIP65572_0069.gpuspec.0002.h5
HIP65578	https://bldata.berkeley.edu/pipeline/AGBT17A_999_69/holding/spliced_blc0001020304050607_guppi_57899_08733_HIP65578_0054.gpuspec.0002.h5
HIP65590	https://bldata.berkeley.edu/pipeline/AGBT17A_999_95/holding/spliced_blc0001020304050607_guppi_57955_04159_HIP65590_0031.gpuspec.0002.h5
HIP65599	https://bldata.berkeley.edu/pipeline/AGBT17A_999_69/holding/spliced_blc0001020304050607_guppi_57899_09407_HIP65599_0056.gpuspec.0002.h5
HIP6560	https://bldata.berkeley.edu/pipeline/AGBT17A_999_61/holding/spliced_blc3031323334353637_guppi_57879_69147_HIP6560_0039.gpuspec.0002.h5
HIP65603	https://bldata.berkeley.edu/pipeline/AGBT17B_999_33/holding/spliced_blc2021222324252627_guppi_58014_61754_HIP65603_0026.gpuspec.0002.h5
HIP65612	https://bldata.berkeley.edu/pipeline/AGBT17A_999_95/holding/spliced_blc0001020304050607_guppi_57954_85680_HIP65612_0017.gpuspec.0002.h5
HIP65616	https://bldata.berkeley.edu/bl_tess/x_band/spliced_blc00010203040506o7o0111213141516o7o021222324252627_guppi_58808_61173_HIP65616_0051.gpuspec.0002.h5
HIP65651	https://bldata.berkeley.edu/pipeline/AGBT17A_999_16/holding/spliced_blc0001020304050607_guppi_57812_36977_HIP65651_0035.gpuspec.0002.h5
HIP65653	https://bldata.berkeley.edu/pipeline/AGBT17A_999_95/holding/spliced_blc0001020304050607_guppi_57955_04837_HIP65653_0033.gpuspec.0002.h5
HIP65654	https://bldata.berkeley.edu/pipeline/AGBT17A_999_27/holding/spliced_blc0001020304050607_guppi_57830_22191_HIP65654_0003.gpuspec.0002.h5
HIP65660	https://bldata.berkeley.edu/pipeline/AGBT17A_999_95/holding/spliced_blc0001020304050607_guppi_57955_02791_HIP65660_0027.gpuspec.0002.h5
HIP65672	https://bldata.berkeley.edu/bl_tess/s_band/spliced_blc7071727374757677_guppi_58814_38941_HIP65672_0112.gpuspec.0002.h5
HIP65677	https://bldata.berkeley.edu/pipeline/AGBT17A_999_21/holding/spliced_blc0001020304050607_guppi_57823_30087_HIP65677_0023.gpuspec.0002.h5
HIP65678	https://bldata.berkeley.edu/pipeline/AGBT16B_999_25/holding/spliced_blc0001020304050607_guppi_57650_54910_Hip65678_0004.gpuspec.0002.h5
HIP65683	https://bldata.berkeley.edu/pipeline/AGBT17A_999_27/holding/spliced_blc0001020304050607_guppi_57830_24232_HIP65683_0009.gpuspec.0002.h5
HIP65690	https://bldata.berkeley.edu/pipeline/AGBT16B_999_15/holding/spliced_blc0001020304050607_guppi_57626_77924_Hip65690_0031.gpuspec.0002.h5
HIP65698	https://bldata.berkeley.edu/pipeline/AGBT17A_999_21/holding/spliced_blc0001020304050607_guppi_57823_30758_HIP65698_0025.gpuspec.0002.h5
HIP65704	https://bldata.berkeley.edu/pipeline/AGBT17A_999_27/holding/spliced_blc0001020304050607_guppi_57830_22870_HIP65704_0005.gpuspec.0002.h5
HIP65708	https://bldata.berkeley.edu/pipeline/AGBT17A_999_16/holding/spliced_blc0001020304050607_guppi_57812_37664_HIP65708_0037.gpuspec.0002.h5
HIP65728	https://bldata.berkeley.edu/pipeline/AGBT16B_999_15/holding/spliced_blc0001020304050607_guppi_57626_78595_Hip65728_0033.gpuspec.0002.h5
HIP65736	https://bldata.berkeley.edu/pipeline/AGBT17A_999_95/holding/spliced_blc0001020304050607_guppi_57955_01426_HIP65736_0023.gpuspec.0002.h5
HIP65789	https://bldata.berkeley.edu/pipeline/AGBT17A_999_27/holding/spliced_blc0001020304050607_guppi_57830_24917_HIP65789_0011.gpuspec.0002.h5
HIP65797	https://bldata.berkeley.edu/pipeline/AGBT16B_999_15/holding/spliced_blc0001020304050607_guppi_57626_79270_Hip65797_0035.gpuspec.0002.h5
HIP65816	https://bldata.berkeley.edu/pipeline/AGBT17A_999_27/holding/spliced_blc0001020304050607_guppi_57830_23550_HIP65816_0007.gpuspec.0002.h5
HIP6586	https://bldata.berkeley.edu/pipeline/AGBT17A_999_61/holding/spliced_blc3031323334353637_guppi_57879_69823_HIP6586_0041.gpuspec.0002.h5
HIP65892	https://bldata.berkeley.edu/pipeline/AGBT17A_999_95/holding/spliced_blc0001020304050607_guppi_57955_05509_HIP65892_0035.gpuspec.0002.h5
HIP65907	https://bldata.berkeley.edu/pipeline/AGBT18A_999_68/holding/spliced_blc0001020304050607_guppi_58260_11090_HIP65907_0042.gpuspec.0002.h5
HIP65935	https://bldata.berkeley.edu/pipeline/AGBT18A_999_68/holding/spliced_blc0001020304050607_guppi_58260_11775_HIP65935_0044.gpuspec.0002.h5
HIP65944	https://bldata.berkeley.edu/pipeline/AGBT17A_999_27/holding/spliced_blc0001020304050607_guppi_57830_26334_HIP65944_0015.gpuspec.0002.h5
HIP65946	https://bldata.berkeley.edu/pipeline/AGBT16B_999_25/holding/spliced_blc0001020304050607_guppi_57650_55588_Hip65946_0006.gpuspec.0002.h5
HIP65948	https://bldata.berkeley.edu/pipeline/AGBT17A_999_27/holding/spliced_blc0001020304050607_guppi_57830_28453_HIP65948_0021.gpuspec.0002.h5
HIP65960	https://bldata.berkeley.edu/pipeline/AGBT18B_999_30/holding/spliced_blc0001020304050607_guppi_58402_66282_HIP65960_0005.gpuspec.0002.h5
HIP65982	https://bldata.berkeley.edu/pipeline/AGBT17B_999_61/holding/spliced_blc0001020304050607_guppi_58077_50573_HIP65982_0039.gpuspec.0002.h5
HIP65983	https://bldata.berkeley.edu/pipeline/AGBT17A_999_27/holding/spliced_blc0001020304050607_guppi_57830_32702_HIP65983_0033.gpuspec.0002.h5
HIP65995	https://bldata.berkeley.edu/pipeline/AGBT17A_999_27/holding/spliced_blc0001020304050607_guppi_57830_30544_HIP65995_0027.gpuspec.0002.h5
HIP66009	https://bldata.berkeley.edu/pipeline/AGBT17A_999_27/holding/spliced_blc0001020304050607_guppi_57830_29154_HIP66009_0023.gpuspec.0002.h5
HIP66011	https://bldata.berkeley.edu/bl_tess/c_band/spliced_blc10111213141516o7o0212223242526o7o0313233343536o7o051525354555657_guppi_58860_66307_HIP66011_0096.gpuspec.0002.h5
HIP66059	https://bldata.berkeley.edu/pipeline/AGBT18A_999_68/holding/spliced_blc0001020304050607_guppi_58260_05993_HIP66059_0028.gpuspec.0002.h5
HIP66062	https://bldata.berkeley.edu/bl_tess/s_band/spliced_blc0001020304050607_guppi_58811_74759_HIP66062_0090.gpuspec.0002.h5
HIP66080	https://bldata.berkeley.edu/pipeline/AGBT17A_999_27/holding/spliced_blc0001020304050607_guppi_57830_29854_HIP66080_0025.gpuspec.0002.h5
HIP66093	https://bldata.berkeley.edu/pipeline/AGBT18A_999_68/holding/spliced_blc0001020304050607_guppi_58260_12490_HIP66093_0046.gpuspec.0002.h5
HIP66130	https://bldata.berkeley.edu/pipeline/AGBT18B_999_30/holding/spliced_blc0001020304050607_guppi_58402_66967_HIP66130_0007.gpuspec.0002.h5
HIP66133	https://bldata.berkeley.edu/pipeline/AGBT16B_999_15/holding/spliced_blc0001020304050607_guppi_57626_79974_Hip66133_0037.gpuspec.0002.h5
HIP66179	https://bldata.berkeley.edu/pipeline/AGBT17A_999_27/holding/spliced_blc0001020304050607_guppi_57830_31938_HIP66179_0031.gpuspec.0002.h5
HIP66180	https://bldata.berkeley.edu/pipeline/AGBT17A_999_27/holding/spliced_blc0001020304050607_guppi_57830_27039_HIP66180_0017.gpuspec.0002.h5
HIP66192	https://bldata.berkeley.edu/pipeline/AGBT16B_999_25/holding/spliced_blc0001020304050607_guppi_57650_56272_Hip66192_0008.gpuspec.0002.h5
HIP66195	https://bldata.berkeley.edu/bl_tess/l_band/spliced_blc40414243444547_guppi_58844_31808_HIP66195_0093.gpuspec.0002.h5
HIP66203	https://bldata.berkeley.edu/pipeline/AGBT17A_999_27/holding/spliced_blc0001020304050607_guppi_57830_33382_HIP66203_0035.gpuspec.0002.h5
HIP66208	https://bldata.berkeley.edu/pipeline/AGBT18B_999_30/holding/spliced_blc0001020304050607_guppi_58402_74346_HIP66208_0029.gpuspec.0002.h5
HIP66214	https://bldata.berkeley.edu/pipeline/AGBT16B_999_15/holding/spliced_blc0001020304050607_guppi_57626_80649_Hip66214_0039.gpuspec.0002.h5
HIP66248	https://bldata.berkeley.edu/pipeline/AGBT17A_999_27/holding/spliced_blc0001020304050607_guppi_57830_27742_HIP66248_0019.gpuspec.0002.h5
HIP66263	https://bldata.berkeley.edu/bl_tess/l_band/spliced_blc4041424344454647_guppi_58844_33730_HIP66263_0099.gpuspec.0002.h5
HIP66277	https://bldata.berkeley.edu/pipeline/AGBT17A_999_30/holding/spliced_blc0001020304050607_guppi_57837_24398_HIP66277_0013.gpuspec.0002.h5
HIP66293	https://bldata.berkeley.edu/pipeline/AGBT17B_999_61/holding/spliced_blc0001020304050607_guppi_58077_51229_HIP66293_0041.gpuspec.0002.h5
HIP66308	https://bldata.berkeley.edu/bl_tess/x_band/spliced_blc00010203040506o7o0111213141516o0222324252627_guppi_58806_46297_HIP66308_0137.gpuspec.0002.h5
HIP66318	https://bldata.berkeley.edu/pipeline/AGBT17A_999_30/holding/spliced_blc0001020304050607_guppi_57837_25133_HIP66318_0015.gpuspec.0002.h5
HIP66340	https://bldata.berkeley.edu/pipeline/AGBT16B_999_15/holding/spliced_blc0001020304050607_guppi_57626_81335_Hip66340_0041.gpuspec.0002.h5
HIP66348	https://bldata.berkeley.edu/pipeline/AGBT17A_999_30/holding/spliced_blc0001020304050607_guppi_57837_22308_HIP66348_0007.gpuspec.0002.h5
HIP66367	https://bldata.berkeley.edu/pipeline/AGBT17B_999_61/holding/spliced_blc0001020304050607_guppi_58077_51889_HIP66367_0043.gpuspec.0002.h5
HIP66368	https://bldata.berkeley.edu/pipeline/AGBT17A_999_30/holding/spliced_blc0001020304050607_guppi_57837_25870_HIP66368_0017.gpuspec.0002.h5
HIP66423	https://bldata.berkeley.edu/pipeline/AGBT17A_999_27/holding/spliced_blc0001020304050607_guppi_57830_34055_HIP66423_0037.gpuspec.0002.h5
HIP66456	https://bldata.berkeley.edu/bl_tess/s_band/spliced_blc0001020304050607_guppi_58811_75393_HIP66456_0092.gpuspec.0002.h5
HIP66509	https://bldata.berkeley.edu/pipeline/AGBT17A_999_30/holding/spliced_blc0001020304050607_guppi_57837_22994_HIP66509_0009.gpuspec.0002.h5
HIP66520	https://bldata.berkeley.edu/bl_tess/c_band/spliced_blc0001020304050607o01213141516o7o0212223242526o7o031323334353637_guppi_58936_55090_HIP66520_0118.rawspec.0000.h5
HIP6654	https://bldata.berkeley.edu/pipeline/AGBT16B_999_34/holding/spliced_blc0001020304050607_guppi_57662_26738_HIP6654_0058.gpuspec.0002.h5
HIP66570	https://bldata.berkeley.edu/bl_tess/l_band/spliced_blc4041424344454647_guppi_58844_31162_HIP66570_0091.gpuspec.0002.h5
HIP66626	https://bldata.berkeley.edu/pipeline/AGBT17A_999_30/holding/spliced_blc0001020304050607_guppi_57837_26611_HIP66626_0019.gpuspec.0002.h5
HIP66634	https://bldata.berkeley.edu/pipeline/AGBT16B_999_15/holding/spliced_blc0001020304050607_guppi_57626_82018_Hip66634_0043.gpuspec.0002.h5
HIP66694	https://bldata.berkeley.edu/pipeline/AGBT17A_999_30/holding/spliced_blc0001020304050607_guppi_57837_27315_HIP66694_0021.gpuspec.0002.h5
HIP66727	https://bldata.berkeley.edu/pipeline/AGBT17A_999_30/holding/spliced_blc0001020304050607_guppi_57837_23674_HIP66727_0011.gpuspec.0002.h5
HIP66741	https://bldata.berkeley.edu/pipeline/AGBT17A_999_30/holding/spliced_blc0001020304050607_guppi_57837_29533_HIP66741_0023.gpuspec.0002.h5
HIP6685	https://bldata.berkeley.edu/pipeline/AGBT17A_999_61/holding/spliced_blc3031323334353637_guppi_57879_67730_HIP6685_0035.gpuspec.0002.h5
HIP66883	https://bldata.berkeley.edu/pipeline/AGBT17A_999_30/holding/spliced_blc0001020304050607_guppi_57837_30231_HIP66883_0025.gpuspec.0002.h5
HIP6689	https://bldata.berkeley.edu/pipeline/AGBT17A_999_61/holding/spliced_blc3031323334353637_guppi_57879_71177_HIP6689_0045.gpuspec.0002.h5
HIP66940	https://bldata.berkeley.edu/pipeline/AGBT17B_999_33/holding/spliced_blc2021222324252627_guppi_58014_70981_HIP66940_0052.gpuspec.0002.h5
HIP67005	https://bldata.berkeley.edu/pipeline/AGBT17B_999_33/holding/spliced_blc2021222324252627_guppi_58014_71645_HIP67005_0054.gpuspec.0002.h5
HIP67022	https://bldata.berkeley.edu/pipeline/AGBT17B_999_33/holding/spliced_blc2021222324252627_guppi_58014_72302_HIP67022_0056.gpuspec.0002.h5
HIP67023	https://bldata.berkeley.edu/pipeline/AGBT16B_999_25/holding/spliced_blc0001020304050607_guppi_57650_56975_Hip67023_0010.gpuspec.0002.h5
HIP67045	https://bldata.berkeley.edu/pipeline/AGBT16B_999_25/holding/spliced_blc0001020304050607_guppi_57650_57660_Hip67045_0012.gpuspec.0002.h5
HIP6705	https://bldata.berkeley.edu/pipeline/AGBT16B_999_34/holding/spliced_blc0001020304050607_guppi_57662_25318_HIP6705_0054.gpuspec.0002.h5
HIP67058	https://bldata.berkeley.edu/bl_tess/l_band/spliced_blc4041424344454647_guppi_58844_30521_HIP67058_0089.gpuspec.0002.h5
HIP6711	https://bldata.berkeley.edu/pipeline/AGBT17A_999_61/holding/spliced_blc3031323334353637_guppi_57879_70498_HIP6711_0043.gpuspec.0002.h5
HIP6712	https://bldata.berkeley.edu/pipeline/AGBT16B_999_34/holding/spliced_blc0001020304050607_guppi_57662_27420_HIP6712_0060.gpuspec.0002.h5
HIP67120	https://bldata.berkeley.edu/pipeline/AGBT16A_999_213/holding/spliced_blc0001020304050607_guppi_57543_13494_HIP67120_0046.gpuspec.0002.h5
HIP67129	https://bldata.berkeley.edu/pipeline/AGBT16B_999_25/holding/spliced_blc0001020304050607_guppi_57650_58344_Hip67129_0014.gpuspec.0002.h5
HIP67142	https://bldata.berkeley.edu/pipeline/AGBT17A_999_30/holding/spliced_blc0001020304050607_guppi_57837_30929_HIP67142_0027.gpuspec.0002.h5
HIP67157	https://bldata.berkeley.edu/pipeline/AGBT16A_999_211/holding/spliced_blc0001020304050607_guppi_57541_14448_HIP67157_0008.gpuspec.0002.h5
HIP6716	https://bldata.berkeley.edu/pipeline/AGBT16A_999_232/holding/spliced_blc0001020304050607_guppi_57573_46810_HIP6716_0010.gpuspec.0002.h5
HIP67174	https://bldata.berkeley.edu/pipeline/AGBT17A_999_30/holding/spliced_blc0001020304050607_guppi_57837_32321_HIP67174_0031.gpuspec.0002.h5
HIP6718	https://bldata.berkeley.edu/pipeline/AGBT16A_999_172/holding/spliced_blc0001020304050607_guppi_57511_62932_HIP6718_0009.gpuspec.0002.h5
HIP67196	https://bldata.berkeley.edu/pipeline/AGBT18B_999_30/holding/spliced_blc0001020304050607_guppi_58402_71643_HIP67196_0021.gpuspec.0002.h5
HIP67213	https://bldata.berkeley.edu/pipeline/AGBT17A_999_30/holding/spliced_blc0001020304050607_guppi_57837_31617_HIP67213_0029.gpuspec.0002.h5
HIP67215	https://bldata.berkeley.edu/bl_tess/l_band/spliced_blc00010203040607_guppi_58873_14241_HIP67215_0059.gpuspec.0002.h5
HIP67239	https://bldata.berkeley.edu/pipeline/AGBT17A_999_30/holding/spliced_blc0001020304050607_guppi_57837_33022_HIP67239_0033.gpuspec.0002.h5
HIP67246	https://bldata.berkeley.edu/pipeline/AGBT18A_999_72/holding/spliced_blc1011121314151617_guppi_58267_09718_HIP67246_0046.gpuspec.0002.h5
HIP67273	https://bldata.berkeley.edu/bl_tess/s_band/spliced_blc0001020304050607_guppi_58811_84444_HIP67273_0120.gpuspec.0002.h5
HIP67282	https://bldata.berkeley.edu/pipeline/AGBT16A_999_211/holding/spliced_blc0001020304050607_guppi_57541_15174_HIP67282_0010.gpuspec.0002.h5
HIP67289	https://bldata.berkeley.edu/pipeline/AGBT16A_999_211/holding/spliced_blc0001020304050607_guppi_57541_15865_HIP67289_0012.gpuspec.0002.h5
HIP67291	https://bldata.berkeley.edu/pipeline/AGBT18A_999_72/holding/spliced_blc1011121314151617_guppi_58267_10385_HIP67291_0048.gpuspec.0002.h5
HIP67313	https://bldata.berkeley.edu/pipeline/AGBT17A_999_30/holding/spliced_blc0001020304050607_guppi_57837_34451_HIP67313_0037.gpuspec.0002.h5
HIP67315	https://bldata.berkeley.edu/pipeline/AGBT16A_999_213/holding/spliced_blc0001020304050607_guppi_57543_15628_HIP67315_0052.gpuspec.0002.h5
HIP67319	https://bldata.berkeley.edu/pipeline/AGBT17A_999_30/holding/spliced_blc0001020304050607_guppi_57837_35137_HIP67319_0039.gpuspec.0002.h5
HIP67333	https://bldata.berkeley.edu/pipeline/AGBT16A_999_211/holding/spliced_blc0001020304050607_guppi_57541_16555_HIP67333_0014.gpuspec.0002.h5
HIP67344	https://bldata.berkeley.edu/pipeline/AGBT16A_999_213/holding/spliced_blc0001020304050607_guppi_57543_16336_HIP67344_0054.gpuspec.0002.h5
HIP67369	https://bldata.berkeley.edu/pipeline/AGBT16A_999_213/holding/spliced_blc0001020304050607_guppi_57543_17047_HIP67369_0056.gpuspec.0002.h5
HIP6737	https://bldata.berkeley.edu/pipeline/AGBT17A_999_61/holding/spliced_blc3031323334353637_guppi_57879_68393_HIP6737_0037.gpuspec.0002.h5
HIP67373	https://bldata.berkeley.edu/pipeline/AGBT17A_999_30/holding/spliced_blc0001020304050607_guppi_57837_35821_HIP67373_0041.gpuspec.0002.h5
HIP67377	https://bldata.berkeley.edu/pipeline/AGBT16A_999_211/holding/spliced_blc0001020304050607_guppi_57541_17295_HIP67377_0016.gpuspec.0002.h5
HIP67379	https://bldata.berkeley.edu/pipeline/AGBT16A_999_211/holding/spliced_blc0001020304050607_guppi_57541_17991_HIP67379_0018.gpuspec.0002.h5
HIP67383	https://bldata.berkeley.edu/pipeline/AGBT17A_999_30/holding/spliced_blc0001020304050607_guppi_57837_33717_HIP67383_0035.gpuspec.0002.h5
HIP67430	https://bldata.berkeley.edu/pipeline/AGBT18A_999_72/holding/spliced_blc1011121314151617_guppi_58267_11050_HIP67430_0050.gpuspec.0002.h5
HIP67444	https://bldata.berkeley.edu/pipeline/AGBT17A_999_34/holding/spliced_blc0001020304050607_guppi_57841_19188_HIP67444_0003.gpuspec.0002.h5
HIP67449	https://bldata.berkeley.edu/pipeline/AGBT16A_999_211/holding/spliced_blc0001020304050607_guppi_57541_18685_HIP67449_0020.gpuspec.0002.h5
HIP67470	https://bldata.berkeley.edu/pipeline/AGBT17A_999_34/holding/spliced_blc0001020304050607_guppi_57841_21839_HIP67470_0010.gpuspec.0002.h5
HIP67493	https://bldata.berkeley.edu/pipeline/AGBT18A_999_63/holding/spliced_blc3031323334353637_guppi_58254_08823_HIP67493_0038.gpuspec.0002.h5
HIP67495	https://bldata.berkeley.edu/pipeline/AGBT17A_999_34/holding/spliced_blc0001020304050607_guppi_57841_22527_HIP67495_0012.gpuspec.0002.h5
HIP67498	https://bldata.berkeley.edu/pipeline/AGBT18A_999_63/holding/spliced_blc3031323334353637_guppi_58254_10847_HIP67498_0044.gpuspec.0002.h5
HIP67501	https://bldata.berkeley.edu/pipeline/AGBT18A_999_63/holding/spliced_blc3031323334353637_guppi_58254_09486_HIP67501_0040.gpuspec.0002.h5
HIP67520	https://bldata.berkeley.edu/pipeline/AGBT18A_999_63/holding/spliced_blc3031323334353637_guppi_58254_10148_HIP67520_0042.gpuspec.0002.h5
HIP67580	https://bldata.berkeley.edu/pipeline/AGBT17A_999_34/holding/spliced_blc0001020304050607_guppi_57841_19886_HIP67580_0005.gpuspec.0002.h5
HIP67609	https://bldata.berkeley.edu/bl_tess/c_band/spliced_blc10111213141516o7o0212223242526o7o0313233343536o7o051525354555657_guppi_58860_63099_HIP67609_0086.gpuspec.0002.h5
HIP67628	https://bldata.berkeley.edu/pipeline/AGBT18B_999_30/holding/spliced_blc0001020304050607_guppi_58402_72311_HIP67628_0023.gpuspec.0002.h5
HIP67651	https://bldata.berkeley.edu/pipeline/AGBT18A_999_63/holding/spliced_blc3031323334353637_guppi_58254_11511_HIP67651_0046.gpuspec.0002.h5
HIP67657	https://bldata.berkeley.edu/pipeline/AGBT17A_999_34/holding/spliced_blc0001020304050607_guppi_57841_23214_HIP67657_0014.gpuspec.0002.h5
HIP67719	https://bldata.berkeley.edu/pipeline/AGBT18A_999_63/holding/spliced_blc3031323334353637_guppi_58254_13559_HIP67719_0052.gpuspec.0002.h5
HIP67750	https://bldata.berkeley.edu/pipeline/AGBT18A_999_63/holding/spliced_blc3031323334353637_guppi_58254_14238_HIP67750_0054.gpuspec.0002.h5
HIP67762	https://bldata.berkeley.edu/pipeline/AGBT18A_999_63/holding/spliced_blc3031323334353637_guppi_58254_12173_HIP67762_0048.gpuspec.0002.h5
HIP67865	https://bldata.berkeley.edu/pipeline/AGBT17A_999_95/holding/spliced_blc0001020304050607_guppi_57955_06241_HIP67865_0037.gpuspec.0002.h5
HIP67952	https://bldata.berkeley.edu/pipeline/AGBT16A_999_166/holding/spliced_blc0001020304050607_guppi_57508_15421_HIP67952_0004.gpuspec.0002.h5
HIP67996	https://bldata.berkeley.edu/pipeline/AGBT17A_999_95/holding/spliced_blc0001020304050607_guppi_57955_06922_HIP67996_0039.gpuspec.0002.h5
HIP68052	https://bldata.berkeley.edu/pipeline/AGBT16A_999_166/holding/spliced_blc0001020304050607_guppi_57508_16781_HIP68052_0008.gpuspec.0002.h5
HIP68093	https://bldata.berkeley.edu/pipeline/AGBT17A_999_95/holding/spliced_blc0001020304050607_guppi_57955_07599_HIP68093_0041.gpuspec.0002.h5
HIP68104	https://bldata.berkeley.edu/bl_tess/s_band/spliced_blc7071727374757677_guppi_58814_39581_HIP68104_0114.gpuspec.0002.h5
HIP68204	https://bldata.berkeley.edu/pipeline/AGBT18B_999_30/holding/spliced_blc0001020304050607_guppi_58402_69636_HIP68204_0015.gpuspec.0002.h5
HIP68230	https://bldata.berkeley.edu/pipeline/AGBT18B_999_30/holding/spliced_blc0001020304050607_guppi_58402_70307_HIP68230_0017.gpuspec.0002.h5
HIP68241	https://bldata.berkeley.edu/pipeline/AGBT16B_999_111/holding/spliced_blc0001020304050607_guppi_57757_50193_HIP68241_0004.gpuspec.0002.h5
HIP68258	https://bldata.berkeley.edu/pipeline/AGBT16B_999_111/holding/spliced_blc0001020304050607_guppi_57757_52252_HIP68258_0010.gpuspec.0002.h5
HIP68262	https://bldata.berkeley.edu/pipeline/AGBT18A_999_72/holding/spliced_blc1011121314151617_guppi_58267_05540_HIP68262_0034.gpuspec.0002.h5
HIP68268	https://bldata.berkeley.edu/pipeline/AGBT16A_999_211/holding/spliced_blc0001020304050607_guppi_57541_19408_HIP68268_0022.gpuspec.0002.h5
HIP6829	https://bldata.berkeley.edu/pipeline/AGBT17A_999_61/holding/spliced_blc3031323334353637_guppi_57879_71860_HIP6829_0047.gpuspec.0002.h5
HIP68303	https://bldata.berkeley.edu/pipeline/AGBT16A_999_211/holding/spliced_blc0001020304050607_guppi_57541_20104_HIP68303_0024.gpuspec.0002.h5
HIP68332	https://bldata.berkeley.edu/pipeline/AGBT16B_999_25/holding/spliced_blc0001020304050607_guppi_57650_59061_Hip68332_0016.gpuspec.0002.h5
HIP68361	https://bldata.berkeley.edu/pipeline/AGBT18B_999_30/holding/spliced_blc0001020304050607_guppi_58402_70977_HIP68361_0019.gpuspec.0002.h5
HIP68370	https://bldata.berkeley.edu/pipeline/AGBT16B_999_111/holding/spliced_blc0001020304050607_guppi_57757_52939_HIP68370_0012.gpuspec.0002.h5
HIP68376	https://bldata.berkeley.edu/pipeline/AGBT16B_999_111/holding/spliced_blc0001020304050607_guppi_57757_50878_HIP68376_0006.gpuspec.0002.h5
HIP68393	https://bldata.berkeley.edu/pipeline/AGBT16B_999_111/holding/spliced_blc0001020304050607_guppi_57757_56506_HIP68393_0022.gpuspec.0002.h5
HIP68396	https://bldata.berkeley.edu/pipeline/AGBT16B_999_111/holding/spliced_blc0001020304050607_guppi_57757_57190_HIP68396_0024.gpuspec.0002.h5
HIP68428	https://bldata.berkeley.edu/pipeline/AGBT18A_999_72/holding/spliced_blc1011121314151617_guppi_58267_06239_HIP68428_0036.gpuspec.0002.h5
HIP68440	https://bldata.berkeley.edu/pipeline/AGBT16B_999_111/holding/spliced_blc0001020304050607_guppi_57757_53622_HIP68440_0014.gpuspec.0002.h5
HIP68466	https://bldata.berkeley.edu/pipeline/AGBT16B_999_111/holding/spliced_blc0001020304050607_guppi_57757_54372_HIP68466_0016.gpuspec.0002.h5
HIP6848	https://bldata.berkeley.edu/pipeline/AGBT17A_999_63/holding/spliced_blc3031323334353637_guppi_57884_59062_HIP6848_0023.gpuspec.0002.h5
HIP68483	https://bldata.berkeley.edu/pipeline/AGBT16B_999_111/holding/spliced_blc0001020304050607_guppi_57757_51558_HIP68483_0008.gpuspec.0002.h5
HIP6850	https://bldata.berkeley.edu/pipeline/AGBT17A_999_61/holding/spliced_blc3031323334353637_guppi_57879_72536_HIP6850_0049.gpuspec.0002.h5
HIP68503	https://bldata.berkeley.edu/pipeline/AGBT16B_999_25/holding/spliced_blc0001020304050607_guppi_57650_59745_Hip68503_0018.gpuspec.0002.h5
HIP68547	https://bldata.berkeley.edu/pipeline/AGBT16B_999_111/holding/spliced_blc0001020304050607_guppi_57757_58617_HIP68547_0028.gpuspec.0002.h5
HIP68553	https://bldata.berkeley.edu/pipeline/AGBT16B_999_25/holding/spliced_blc0001020304050607_guppi_57650_60427_Hip68553_0020.gpuspec.0002.h5
HIP68573	https://bldata.berkeley.edu/pipeline/AGBT16B_999_111/holding/spliced_blc0001020304050607_guppi_57757_57872_HIP68573_0026.gpuspec.0002.h5
HIP6858	https://bldata.berkeley.edu/pipeline/AGBT17A_999_63/holding/spliced_blc3031323334353637_guppi_57884_59732_HIP6858_0025.gpuspec.0002.h5
HIP68589	https://bldata.berkeley.edu/bl_tess/c_band/spliced_blc10111213141516o7o0212223242526o7o0313233343536o7o051525354555657_guppi_58860_63729_HIP68589_0088.gpuspec.0002.h5
HIP68593	https://bldata.berkeley.edu/pipeline/AGBT16B_999_111/holding/spliced_blc0001020304050607_guppi_57757_55056_HIP68593_0018.gpuspec.0002.h5
HIP68621	https://bldata.berkeley.edu/pipeline/AGBT16B_999_72/holding/spliced_blc0001020304050607_guppi_57713_67393_HIP68621_0006.gpuspec.0002.h5
HIP68664	https://bldata.berkeley.edu/pipeline/AGBT16B_999_72/holding/spliced_blc0001020304050607_guppi_57713_68781_HIP68664_0010.gpuspec.0002.h5
HIP68668	https://bldata.berkeley.edu/pipeline/AGBT17A_999_95/holding/spliced_blc0001020304050607_guppi_57955_08308_HIP68668_0043.gpuspec.0002.h5
HIP68691	https://bldata.berkeley.edu/pipeline/AGBT16B_999_111/holding/spliced_blc0001020304050607_guppi_57757_55738_HIP68691_0020.gpuspec.0002.h5
HIP68718	https://bldata.berkeley.edu/pipeline/AGBT17A_999_95/holding/spliced_blc0001020304050607_guppi_57955_08988_HIP68718_0045.gpuspec.0002.h5
HIP68734	https://bldata.berkeley.edu/pipeline/AGBT18A_999_72/holding/spliced_blc1011121314151617_guppi_58267_06937_HIP68734_0038.gpuspec.0002.h5
HIP68778	https://bldata.berkeley.edu/pipeline/AGBT16B_999_72/holding/spliced_blc0001020304050607_guppi_57713_68080_HIP68778_0008.gpuspec.0002.h5
HIP68794	https://bldata.berkeley.edu/pipeline/AGBT17A_999_95/holding/spliced_blc0001020304050607_guppi_57955_09666_HIP68794_0047.gpuspec.0002.h5
HIP68808	https://bldata.berkeley.edu/pipeline/AGBT16A_999_211/holding/spliced_blc0001020304050607_guppi_57541_20793_HIP68808_0026.gpuspec.0002.h5
HIP68855	https://bldata.berkeley.edu/pipeline/AGBT16A_999_166/holding/spliced_blc0001020304050607_guppi_57508_19536_HIP68855_0016.gpuspec.0002.h5
HIP68881	https://bldata.berkeley.edu/pipeline/AGBT16A_999_166/holding/spliced_blc0001020304050607_guppi_57508_20218_HIP68881_0018.gpuspec.0002.h5
HIP68917	https://bldata.berkeley.edu/pipeline/AGBT18A_999_72/holding/spliced_blc1011121314151617_guppi_58267_07672_HIP68917_0040.gpuspec.0002.h5
HIP68936	https://bldata.berkeley.edu/pipeline/AGBT16A_999_166/holding/spliced_blc0001020304050607_guppi_57508_18153_HIP68936_0012.gpuspec.0002.h5
HIP68974	https://bldata.berkeley.edu/pipeline/AGBT18A_999_72/holding/spliced_blc1011121314151617_guppi_58267_08336_HIP68974_0042.gpuspec.0002.h5
HIP68983	https://bldata.berkeley.edu/pipeline/AGBT18A_999_14/holding/spliced_blc1011121314151617_guppi_58174_32761_HIP68983_0051.gpuspec.0002.h5
HIP69	https://bldata.berkeley.edu/pipeline/AGBT17B_999_15/holding/spliced_blc2021222324252627_guppi_57992_28342_HIP69_0009.gpuspec.0002.h5
HIP69039	https://bldata.berkeley.edu/pipeline/AGBT16A_999_166/holding/spliced_blc0001020304050607_guppi_57508_21585_HIP69039_0022.gpuspec.0002.h5
HIP69040	https://bldata.berkeley.edu/pipeline/AGBT16B_999_72/holding/spliced_blc0001020304050607_guppi_57713_69459_HIP69040_0012.gpuspec.0002.h5
HIP69047	https://bldata.berkeley.edu/pipeline/AGBT17A_999_95/holding/spliced_blc0001020304050607_guppi_57955_10398_HIP69047_0049.gpuspec.0002.h5
HIP69064	https://bldata.berkeley.edu/bl_tess/c_band/spliced_blc40414243444546o7o0515253545556o7o0616263646566o7o071727374757677_guppi_58803_16768_HIP69064_0038.gpuspec.0002.h5
HIP69066	https://bldata.berkeley.edu/pipeline/AGBT16A_999_166/holding/spliced_blc0001020304050607_guppi_57508_22275_HIP69066_0024.gpuspec.0002.h5
HIP69073	https://bldata.berkeley.edu/pipeline/AGBT16A_999_166/holding/spliced_blc0001020304050607_guppi_57508_20905_HIP69073_0020.gpuspec.0002.h5
HIP69084	https://bldata.berkeley.edu/pipeline/AGBT18A_999_72/holding/spliced_blc1011121314151617_guppi_58267_08999_HIP69084_0044.gpuspec.0002.h5
HIP69085	https://bldata.berkeley.edu/pipeline/AGBT17B_999_33/holding/spliced_blc2021222324252627_guppi_58014_65485_HIP69085_0036.gpuspec.0002.h5
HIP69102	https://bldata.berkeley.edu/pipeline/AGBT17A_999_95/holding/spliced_blc0001020304050607_guppi_57955_11079_HIP69102_0051.gpuspec.0002.h5
HIP69121	https://bldata.berkeley.edu/pipeline/AGBT17B_999_33/holding/spliced_blc2021222324252627_guppi_58014_66174_HIP69121_0038.gpuspec.0002.h5
HIP6914	https://bldata.berkeley.edu/pipeline/AGBT16A_999_172/holding/spliced_blc0001020304050607_guppi_57511_62254_HIP6914_0007.gpuspec.0002.h5
HIP6915	https://bldata.berkeley.edu/pipeline/AGBT16B_999_48/holding/spliced_blc0001020304050607_guppi_57680_18001_HIP6915_0046.gpuspec.0002.h5
HIP69161	https://bldata.berkeley.edu/bl_tess/s_band/spliced_blc0001020304050607_guppi_58811_85086_HIP69161_0122.gpuspec.0002.h5
HIP69171	https://bldata.berkeley.edu/pipeline/AGBT16A_999_166/holding/spliced_blc0001020304050607_guppi_57508_22962_HIP69171_0026.gpuspec.0002.h5
HIP69252	https://bldata.berkeley.edu/pipeline/AGBT16B_999_72/holding/spliced_blc0001020304050607_guppi_57713_70138_HIP69252_0014.gpuspec.0002.h5
HIP69283	https://bldata.berkeley.edu/pipeline/AGBT17A_999_95/holding/spliced_blc0001020304050607_guppi_57955_11756_HIP69283_0053.gpuspec.0002.h5
HIP69322	https://bldata.berkeley.edu/pipeline/AGBT16B_999_25/holding/spliced_blc0001020304050607_guppi_57650_61111_Hip69322_0022.gpuspec.0002.h5
HIP69345	https://bldata.berkeley.edu/pipeline/AGBT17A_999_34/holding/spliced_blc0001020304050607_guppi_57841_26021_HIP69345_0022.gpuspec.0002.h5
HIP69391	https://bldata.berkeley.edu/pipeline/AGBT17A_999_34/holding/spliced_blc0001020304050607_guppi_57841_23919_HIP69391_0016.gpuspec.0002.h5
HIP69418	https://bldata.berkeley.edu/pipeline/AGBT17A_999_34/holding/spliced_blc0001020304050607_guppi_57841_24606_HIP69418_0018.gpuspec.0002.h5
HIP69442	https://bldata.berkeley.edu/pipeline/AGBT16B_999_25/holding/spliced_blc0001020304050607_guppi_57650_61805_Hip69442_0024.gpuspec.0002.h5
HIP69488	https://bldata.berkeley.edu/pipeline/AGBT16B_999_25/holding/spliced_blc0001020304050607_guppi_57650_62505_Hip69488_0026.gpuspec.0002.h5
HIP69498	https://bldata.berkeley.edu/pipeline/AGBT17A_999_84/holding/spliced_blc0001020304050607_guppi_57927_05386_HIP69498_0028.gpuspec.0002.h5
HIP6951	https://bldata.berkeley.edu/pipeline/AGBT16A_999_232/holding/spliced_blc0001020304050607_guppi_57573_47486_HIP6951_0012.gpuspec.0002.h5
HIP69551	https://bldata.berkeley.edu/pipeline/AGBT17A_999_34/holding/spliced_blc0001020304050607_guppi_57841_26744_HIP69551_0024.gpuspec.0002.h5
HIP69587	https://bldata.berkeley.edu/pipeline/AGBT17A_999_84/holding/spliced_blc0001020304050607_guppi_57927_06064_HIP69587_0030.gpuspec.0002.h5
HIP69607	https://bldata.berkeley.edu/pipeline/AGBT17A_999_34/holding/spliced_blc0001020304050607_guppi_57841_27465_HIP69607_0026.gpuspec.0002.h5
HIP69631	https://bldata.berkeley.edu/pipeline/AGBT17A_999_84/holding/spliced_blc0001020304050607_guppi_57927_06740_HIP69631_0032.gpuspec.0002.h5
HIP69641	https://bldata.berkeley.edu/pipeline/AGBT18A_999_68/holding/spliced_blc0001020304050607_guppi_58260_08941_HIP69641_0036.gpuspec.0002.h5
HIP6965	https://bldata.berkeley.edu/pipeline/AGBT16B_999_19/holding/spliced_blc0001020304050607_guppi_57634_31371_Hip6965_0046.gpuspec.0002.h5
HIP6966	https://bldata.berkeley.edu/pipeline/AGBT16B_999_48/holding/spliced_blc0001020304050607_guppi_57680_16566_HIP6966_0042.gpuspec.0002.h5
HIP69665	https://bldata.berkeley.edu/pipeline/AGBT16B_999_25/holding/spliced_blc0001020304050607_guppi_57650_63227_Hip69665_0028.gpuspec.0002.h5
HIP69684	https://bldata.berkeley.edu/pipeline/AGBT17A_999_34/holding/spliced_blc0001020304050607_guppi_57841_25290_HIP69684_0020.gpuspec.0002.h5
HIP69731	https://bldata.berkeley.edu/pipeline/AGBT16A_999_166/holding/spliced_blc0001020304050607_guppi_57508_23676_HIP69731_0028.gpuspec.0002.h5
HIP69743	https://bldata.berkeley.edu/pipeline/AGBT17A_999_84/holding/spliced_blc0001020304050607_guppi_57927_07493_HIP69743_0034.gpuspec.0002.h5
HIP6975	https://bldata.berkeley.edu/pipeline/AGBT16B_999_48/holding/spliced_blc0001020304050607_guppi_57680_17264_HIP6975_0044.gpuspec.0002.h5
HIP69775	https://bldata.berkeley.edu/pipeline/AGBT17A_999_40/holding/spliced_blc0001020304050607_guppi_57849_30334_HIP69775_0074.gpuspec.0002.h5
HIP69776	https://bldata.berkeley.edu/pipeline/AGBT17A_999_84/holding/spliced_blc0001020304050607_guppi_57927_08207_HIP69776_0036.gpuspec.0002.h5
HIP69827	https://bldata.berkeley.edu/pipeline/AGBT16B_999_25/holding/spliced_blc0001020304050607_guppi_57650_65268_Hip69827_0034.gpuspec.0002.h5
HIP69831	https://bldata.berkeley.edu/pipeline/AGBT17A_999_34/holding/spliced_blc0001020304050607_guppi_57841_30357_HIP69831_0034.gpuspec.0002.h5
HIP69851	https://bldata.berkeley.edu/pipeline/AGBT16A_999_166/holding/spliced_blc0001020304050607_guppi_57508_24352_HIP69851_0030.gpuspec.0002.h5
HIP69855	https://bldata.berkeley.edu/bl_tess/c_band/spliced_blc10111213141516o7o0212223242526o7o0313233343536o7o051525354555657_guppi_58860_64367_HIP69855_0090.gpuspec.0002.h5
HIP69862	https://bldata.berkeley.edu/pipeline/AGBT18A_999_68/holding/spliced_blc0001020304050607_guppi_58260_09653_HIP69862_0038.gpuspec.0002.h5
HIP69866	https://bldata.berkeley.edu/pipeline/AGBT16A_999_166/holding/spliced_blc0001020304050607_guppi_57508_18819_HIP69866_0014.gpuspec.0002.h5
HIP69876	https://bldata.berkeley.edu/pipeline/AGBT17A_999_40/holding/spliced_blc0001020304050607_guppi_57849_32532_HIP69876_0080.gpuspec.0002.h5
HIP69878	https://bldata.berkeley.edu/pipeline/AGBT17A_999_40/holding/spliced_blc0001020304050607_guppi_57849_28037_HIP69878_0068.gpuspec.0002.h5
HIP69886	https://bldata.berkeley.edu/pipeline/AGBT17A_999_84/holding/spliced_blc0001020304050607_guppi_57927_08919_HIP69886_0038.gpuspec.0002.h5
HIP69893	https://bldata.berkeley.edu/pipeline/AGBT16A_999_170/holding/spliced_blc0001020304050607_guppi_57511_17880_HIP69893_0004.gpuspec.0002.h5
HIP69919	https://bldata.berkeley.edu/pipeline/AGBT18A_999_68/holding/spliced_blc0001020304050607_guppi_58260_10362_HIP69919_0040.gpuspec.0002.h5
HIP69933	https://bldata.berkeley.edu/pipeline/AGBT17A_999_40/holding/spliced_blc0001020304050607_guppi_57849_31038_HIP69933_0076.gpuspec.0002.h5
HIP69963	https://bldata.berkeley.edu/pipeline/AGBT17A_999_40/holding/spliced_blc0001020304050607_guppi_57849_28776_HIP69963_0070.gpuspec.0002.h5
HIP70029	https://bldata.berkeley.edu/pipeline/AGBT17A_999_40/holding/spliced_blc0001020304050607_guppi_57849_29515_HIP70029_0072.gpuspec.0002.h5
HIP70049	https://bldata.berkeley.edu/pipeline/AGBT17A_999_40/holding/spliced_blc0001020304050607_guppi_57849_34753_HIP70049_0086.gpuspec.0002.h5
HIP70068	https://bldata.berkeley.edu/pipeline/AGBT16B_999_51/holding/spliced_blc0001020304050607_guppi_57683_67016_HIP70068_0004.gpuspec.0002.h5
HIP70088	https://bldata.berkeley.edu/pipeline/AGBT16B_999_51/holding/spliced_blc0001020304050607_guppi_57683_67684_HIP70088_0006.gpuspec.0002.h5
HIP70109	https://bldata.berkeley.edu/pipeline/AGBT17A_999_40/holding/spliced_blc0001020304050607_guppi_57849_33237_HIP70109_0082.gpuspec.0002.h5
HIP70121	https://bldata.berkeley.edu/pipeline/AGBT17A_999_45/holding/spliced_blc0001020304050607_guppi_57860_14849_HIP70121_0003.gpuspec.0002.h5
HIP70122	https://bldata.berkeley.edu/pipeline/AGBT17A_999_34/holding/spliced_blc0001020304050607_guppi_57841_31052_HIP70122_0036.gpuspec.0002.h5
HIP70127	https://bldata.berkeley.edu/pipeline/AGBT17A_999_40/holding/spliced_blc0001020304050607_guppi_57849_36934_HIP70127_0092.gpuspec.0002.h5
HIP70142	https://bldata.berkeley.edu/pipeline/AGBT17A_999_84/holding/spliced_blc0001020304050607_guppi_57927_09655_HIP70142_0040.gpuspec.0002.h5
HIP70144	https://bldata.berkeley.edu/pipeline/AGBT16B_999_25/holding/spliced_blc0001020304050607_guppi_57650_65955_Hip70144_0036.gpuspec.0002.h5
HIP70153	https://bldata.berkeley.edu/pipeline/AGBT16A_999_170/holding/spliced_blc0001020304050607_guppi_57511_20815_HIP70153_0012.gpuspec.0002.h5
HIP70156	https://bldata.berkeley.edu/pipeline/AGBT16A_999_170/holding/spliced_blc0001020304050607_guppi_57511_21543_HIP70156_0014.gpuspec.0002.h5
HIP70181	https://bldata.berkeley.edu/pipeline/AGBT16A_999_170/holding/spliced_blc0001020304050607_guppi_57511_19255_HIP70181_0008.gpuspec.0002.h5
HIP70183	https://bldata.berkeley.edu/pipeline/AGBT17A_999_40/holding/spliced_blc0001020304050607_guppi_57849_35452_HIP70183_0088.gpuspec.0002.h5
HIP70216	https://bldata.berkeley.edu/pipeline/AGBT17A_999_45/holding/spliced_blc0001020304050607_guppi_57860_17011_HIP70216_0009.gpuspec.0002.h5
HIP7023	https://bldata.berkeley.edu/pipeline/AGBT16B_999_19/holding/spliced_blc0001020304050607_guppi_57634_32072_Hip7023_0048.gpuspec.0002.h5
HIP70230	https://bldata.berkeley.edu/pipeline/AGBT17A_999_40/holding/spliced_blc0001020304050607_guppi_57849_37640_HIP70230_0094.gpuspec.0002.h5
HIP70235	https://bldata.berkeley.edu/pipeline/AGBT17A_999_45/holding/spliced_blc0001020304050607_guppi_57860_15534_HIP70235_0005.gpuspec.0002.h5
HIP70240	https://bldata.berkeley.edu/pipeline/AGBT17A_999_40/holding/spliced_blc0001020304050607_guppi_57849_33948_HIP70240_0084.gpuspec.0002.h5
HIP70253	https://bldata.berkeley.edu/pipeline/AGBT16B_999_51/holding/spliced_blc0001020304050607_guppi_57683_68355_HIP70253_0008.gpuspec.0002.h5
HIP70255	https://bldata.berkeley.edu/pipeline/AGBT16B_999_25/holding/spliced_blc0001020304050607_guppi_57650_66637_Hip70255_0038.gpuspec.0002.h5
HIP70297	https://bldata.berkeley.edu/pipeline/AGBT17A_999_84/holding/spliced_blc0001020304050607_guppi_57927_10372_HIP70297_0042.gpuspec.0002.h5
HIP70298	https://bldata.berkeley.edu/pipeline/AGBT17A_999_34/holding/spliced_blc0001020304050607_guppi_57841_31740_HIP70298_0038.gpuspec.0002.h5
HIP70302	https://bldata.berkeley.edu/pipeline/AGBT17A_999_40/holding/spliced_blc0001020304050607_guppi_57849_36154_HIP70302_0090.gpuspec.0002.h5
HIP70322	https://bldata.berkeley.edu/pipeline/AGBT17A_999_45/holding/spliced_blc0001020304050607_guppi_57860_17699_HIP70322_0011.gpuspec.0002.h5
HIP70334	https://bldata.berkeley.edu/pipeline/AGBT17A_999_84/holding/spliced_blc0001020304050607_guppi_57927_11079_HIP70334_0044.gpuspec.0002.h5
HIP70341	https://bldata.berkeley.edu/pipeline/AGBT16A_999_193/holding/spliced_blc0001020304050607_guppi_57525_15533_HIP70341_0008.gpuspec.0002.h5
HIP70353	https://bldata.berkeley.edu/pipeline/AGBT16A_999_193/holding/spliced_blc0001020304050607_guppi_57525_16292_HIP70353_0010.gpuspec.0002.h5
HIP70384	https://bldata.berkeley.edu/pipeline/AGBT16A_999_170/holding/spliced_blc0001020304050607_guppi_57511_24324_HIP70384_0022.gpuspec.0002.h5
HIP70386	https://bldata.berkeley.edu/pipeline/AGBT17A_999_45/holding/spliced_blc0001020304050607_guppi_57860_18380_HIP70386_0013.gpuspec.0002.h5
HIP7043	https://bldata.berkeley.edu/pipeline/AGBT16B_999_34/holding/spliced_blc0001020304050607_guppi_57662_26007_HIP7043_0056.gpuspec.0002.h5
HIP70434	https://bldata.berkeley.edu/pipeline/AGBT16A_999_170/holding/spliced_blc0001020304050607_guppi_57511_22276_HIP70434_0016.gpuspec.0002.h5
HIP70438	https://bldata.berkeley.edu/pipeline/AGBT16A_999_170/holding/spliced_blc0001020304050607_guppi_57511_22957_HIP70438_0018.gpuspec.0002.h5
HIP70443	https://bldata.berkeley.edu/pipeline/AGBT16A_999_170/holding/spliced_blc0001020304050607_guppi_57511_23636_HIP70443_0020.gpuspec.0002.h5
HIP70461	https://bldata.berkeley.edu/pipeline/AGBT16A_999_170/holding/spliced_blc0001020304050607_guppi_57511_25692_HIP70461_0026.gpuspec.0002.h5
HIP70485	https://bldata.berkeley.edu/pipeline/AGBT16B_999_25/holding/spliced_blc0001020304050607_guppi_57650_63889_Hip70485_0030.gpuspec.0002.h5
HIP70490	https://bldata.berkeley.edu/pipeline/AGBT16A_999_193/holding/spliced_blc0001020304050607_guppi_57525_14028_HIP70490_0004.gpuspec.0002.h5
HIP7050	https://bldata.berkeley.edu/pipeline/AGBT17A_999_63/holding/spliced_blc3031323334353637_guppi_57884_60483_HIP7050_0027.gpuspec.0002.h5
HIP70500	https://bldata.berkeley.edu/pipeline/AGBT18A_999_14/holding/spliced_blc1011121314151617_guppi_58174_34864_HIP70500_0057.gpuspec.0002.h5
HIP7053	https://bldata.berkeley.edu/pipeline/AGBT17A_999_70/holding/spliced_blc0001020304050607_guppi_57899_61867_HIP7053_0024.gpuspec.0002.h5
HIP70609	https://bldata.berkeley.edu/pipeline/AGBT16A_999_193/holding/spliced_blc0001020304050607_guppi_57525_14749_HIP70609_0006.gpuspec.0002.h5
HIP70618	https://bldata.berkeley.edu/pipeline/AGBT16B_999_25/holding/spliced_blc0001020304050607_guppi_57650_64555_Hip70618_0032.gpuspec.0002.h5
HIP70677	https://bldata.berkeley.edu/pipeline/AGBT17A_999_45/holding/spliced_blc0001020304050607_guppi_57860_19220_HIP70677_0015.gpuspec.0002.h5
HIP7069	https://bldata.berkeley.edu/pipeline/AGBT16B_999_48/holding/spliced_blc0001020304050607_guppi_57680_18693_HIP7069_0048.gpuspec.0002.h5
HIP7071	https://bldata.berkeley.edu/pipeline/AGBT16B_999_48/holding/spliced_blc0001020304050607_guppi_57680_19384_HIP7071_0050.gpuspec.0002.h5
HIP70712	https://bldata.berkeley.edu/pipeline/AGBT18A_999_14/holding/spliced_blc1011121314151617_guppi_58174_35602_HIP70712_0059.gpuspec.0002.h5
HIP70714	https://bldata.berkeley.edu/pipeline/AGBT17A_999_45/holding/spliced_blc0001020304050607_guppi_57860_19901_HIP70714_0017.gpuspec.0002.h5
HIP70739	https://bldata.berkeley.edu/pipeline/AGBT17A_999_45/holding/spliced_blc0001020304050607_guppi_57860_20581_HIP70739_0019.gpuspec.0002.h5
HIP70888	https://bldata.berkeley.edu/pipeline/AGBT16A_999_170/holding/spliced_blc0001020304050607_guppi_57511_26379_HIP70888_0028.gpuspec.0002.h5
HIP70906	https://bldata.berkeley.edu/pipeline/AGBT17A_999_45/holding/spliced_blc0001020304050607_guppi_57860_21298_HIP70906_0021.gpuspec.0002.h5
HIP70916	https://bldata.berkeley.edu/pipeline/AGBT16A_999_234/holding/spliced_blc0001020304050607_guppi_57578_08708_Hip70916_0040.gpuspec.0002.h5
HIP70937	https://bldata.berkeley.edu/pipeline/AGBT17A_999_45/holding/spliced_blc0001020304050607_guppi_57860_21980_HIP70937_0023.gpuspec.0002.h5
HIP70980	https://bldata.berkeley.edu/pipeline/AGBT16A_999_166/holding/spliced_blc0001020304050607_guppi_57508_25020_HIP70980_0032.gpuspec.0002.h5
HIP70997	https://bldata.berkeley.edu/pipeline/AGBT16B_999_88/holding/spliced_blc0001020304050607_guppi_57732_54315_HIP70997_0004.gpuspec.0002.h5
HIP710	https://bldata.berkeley.edu/pipeline/AGBT16A_999_189/holding/spliced_blc0001020304050607_guppi_57522_59406_HIP710_0014.gpuspec.0002.h5
HIP71051	https://bldata.berkeley.edu/pipeline/AGBT16B_999_88/holding/spliced_blc0001020304050607_guppi_57732_55039_HIP71051_0006.gpuspec.0002.h5
HIP71065	https://bldata.berkeley.edu/bl_tess/c_band/spliced_blc40414243444546o7o0515253545556o7o0616263646566o7o071727374757677_guppi_58803_17414_HIP71065_0040.gpuspec.0002.h5
HIP71070	https://bldata.berkeley.edu/pipeline/AGBT16A_999_234/holding/spliced_blc0001020304050607_guppi_57578_09423_Hip71070_0042.gpuspec.0002.h5
HIP71072	https://bldata.berkeley.edu/pipeline/AGBT16A_999_234/holding/spliced_blc0001020304050607_guppi_57578_10136_Hip71072_0044.gpuspec.0002.h5
HIP7109	https://bldata.berkeley.edu/pipeline/AGBT16B_999_19/holding/spliced_blc0001020304050607_guppi_57634_32771_Hip7109_0050.gpuspec.0002.h5
HIP71106	https://bldata.berkeley.edu/pipeline/AGBT16B_999_88/holding/spliced_blc0001020304050607_guppi_57732_55761_HIP71106_0008.gpuspec.0002.h5
HIP71141	https://bldata.berkeley.edu/pipeline/AGBT16B_999_88/holding/spliced_blc0001020304050607_guppi_57732_56493_HIP71141_0010.gpuspec.0002.h5
HIP71144	https://bldata.berkeley.edu/pipeline/AGBT16A_999_222/holding/spliced_blc0001020304050607_guppi_57556_12838_HIP71144_0002.gpuspec.0002.h5
HIP71177	https://bldata.berkeley.edu/pipeline/AGBT16A_999_230/holding/spliced_blc0001020304050607_guppi_57570_09119_HIP71177_0003.gpuspec.0002.h5
HIP71195	https://bldata.berkeley.edu/pipeline/AGBT17A_999_45/holding/spliced_blc0001020304050607_guppi_57860_22662_HIP71195_0025.gpuspec.0002.h5
HIP71199	https://bldata.berkeley.edu/pipeline/AGBT16A_999_193/holding/spliced_blc0001020304050607_guppi_57525_17757_HIP71199_0014.gpuspec.0002.h5
HIP71205	https://bldata.berkeley.edu/pipeline/AGBT16A_999_230/holding/spliced_blc0001020304050607_guppi_57570_09812_HIP71205_0005.gpuspec.0002.h5
HIP71227	https://bldata.berkeley.edu/pipeline/AGBT16B_999_88/holding/spliced_blc0001020304050607_guppi_57732_57201_HIP71227_0012.gpuspec.0002.h5
HIP71259	https://bldata.berkeley.edu/pipeline/AGBT16A_999_193/holding/spliced_blc0001020304050607_guppi_57525_19834_HIP71259_0020.gpuspec.0002.h5
HIP71270	https://bldata.berkeley.edu/pipeline/AGBT16A_999_193/holding/spliced_blc0001020304050607_guppi_57525_18438_HIP71270_0016.gpuspec.0002.h5
HIP71318	https://bldata.berkeley.edu/pipeline/AGBT16A_999_230/holding/spliced_blc0001020304050607_guppi_57570_10501_HIP71318_0007.gpuspec.0002.h5
HIP71322	https://bldata.berkeley.edu/pipeline/AGBT17A_999_84/holding/spliced_blc0001020304050607_guppi_57927_00411_HIP71322_0015.gpuspec.0002.h5
HIP71360	https://bldata.berkeley.edu/pipeline/AGBT16A_999_193/holding/spliced_blc0001020304050607_guppi_57525_20527_HIP71360_0022.gpuspec.0002.h5
HIP71377	https://bldata.berkeley.edu/pipeline/AGBT16A_999_193/holding/spliced_blc0001020304050607_guppi_57525_21210_HIP71377_0024.gpuspec.0002.h5
HIP71379	https://bldata.berkeley.edu/pipeline/AGBT16A_999_193/holding/spliced_blc0001020304050607_guppi_57525_19121_HIP71379_0018.gpuspec.0002.h5
HIP71387	https://bldata.berkeley.edu/pipeline/AGBT17A_999_84/holding/spliced_blc0001020304050607_guppi_57927_01082_HIP71387_0017.gpuspec.0002.h5
HIP71413	https://bldata.berkeley.edu/pipeline/AGBT16A_999_222/holding/spliced_blc0001020304050607_guppi_57556_13536_HIP71413_0004.gpuspec.0002.h5
HIP71426	https://bldata.berkeley.edu/pipeline/AGBT17A_999_84/holding/spliced_blc0001020304050607_guppi_57927_11852_HIP71426_0046.gpuspec.0002.h5
HIP71428	https://bldata.berkeley.edu/pipeline/AGBT16A_999_222/holding/spliced_blc0001020304050607_guppi_57556_14237_HIP71428_0006.gpuspec.0002.h5
HIP71461	https://bldata.berkeley.edu/pipeline/AGBT17A_999_84/holding/spliced_blc0001020304050607_guppi_57927_01754_HIP71461_0019.gpuspec.0002.h5
HIP7152	https://bldata.berkeley.edu/pipeline/AGBT16A_999_232/holding/spliced_blc0001020304050607_guppi_57573_48159_HIP7152_0014.gpuspec.0002.h5
HIP71523	https://bldata.berkeley.edu/pipeline/AGBT17A_999_84/holding/spliced_blc0001020304050607_guppi_57927_12541_HIP71523_0048.gpuspec.0002.h5
HIP71540	https://bldata.berkeley.edu/pipeline/AGBT17A_999_84/holding/spliced_blc0001020304050607_guppi_57927_13227_HIP71540_0050.gpuspec.0002.h5
HIP71559	https://bldata.berkeley.edu/pipeline/AGBT16A_999_242/holding/spliced_blc0001020304050607_guppi_57591_00596_Hip71559_0002.gpuspec.0002.h5
HIP71566	https://bldata.berkeley.edu/pipeline/AGBT16A_999_242/holding/spliced_blc0001020304050607_guppi_57591_01274_Hip71566_0004.gpuspec.0002.h5
HIP71684	https://bldata.berkeley.edu/pipeline/AGBT16A_999_242/holding/spliced_blc0001020304050607_guppi_57591_03146_Hip71684_0003.gpuspec.0002.h5
HIP71687	https://bldata.berkeley.edu/pipeline/AGBT16A_999_222/holding/spliced_blc0001020304050607_guppi_57556_16348_HIP71687_0012.gpuspec.0002.h5
HIP71716	https://bldata.berkeley.edu/pipeline/AGBT16B_999_101/holding/spliced_blc0001020304050607_guppi_57749_42720_HIP71716_0040.gpuspec.0002.h5
HIP7172	https://bldata.berkeley.edu/pipeline/AGBT16B_999_48/holding/spliced_blc0001020304050607_guppi_57680_20082_HIP7172_0052.gpuspec.0002.h5
HIP71728	https://bldata.berkeley.edu/pipeline/AGBT16A_999_222/holding/spliced_blc0001020304050607_guppi_57556_14939_HIP71728_0008.gpuspec.0002.h5
HIP71729	https://bldata.berkeley.edu/pipeline/AGBT16A_999_222/holding/spliced_blc0001020304050607_guppi_57556_17043_HIP71729_0014.gpuspec.0002.h5
HIP71751	https://bldata.berkeley.edu/pipeline/AGBT16A_999_222/holding/spliced_blc0001020304050607_guppi_57556_15635_HIP71751_0010.gpuspec.0002.h5
HIP71799	https://bldata.berkeley.edu/pipeline/AGBT16B_999_101/holding/spliced_blc0001020304050607_guppi_57749_43399_HIP71799_0042.gpuspec.0002.h5
HIP71827	https://bldata.berkeley.edu/pipeline/AGBT16B_999_101/holding/spliced_blc0001020304050607_guppi_57749_44078_HIP71827_0044.gpuspec.0002.h5
HIP71838	https://bldata.berkeley.edu/pipeline/AGBT16A_999_242/holding/spliced_blc0001020304050607_guppi_57591_05966_Hip71838_0011.gpuspec.0002.h5
HIP71851	https://bldata.berkeley.edu/pipeline/AGBT16A_999_230/holding/spliced_blc0001020304050607_guppi_57570_17229_HIP71851_0011.gpuspec.0002.h5
HIP71867	https://bldata.berkeley.edu/pipeline/AGBT16A_999_242/holding/spliced_blc0001020304050607_guppi_57591_06658_Hip71867_0013.gpuspec.0002.h5
HIP71872	https://bldata.berkeley.edu/pipeline/AGBT16A_999_217/holding/spliced_blc0001020304050607_guppi_57549_10593_HIP71872_0028.gpuspec.0002.h5
HIP71896	https://bldata.berkeley.edu/pipeline/AGBT16A_999_238/holding/spliced_blc0001020304050607_guppi_57584_10954_Hip71896_0052.gpuspec.0002.h5
HIP71899	https://bldata.berkeley.edu/pipeline/AGBT16A_999_230/holding/spliced_blc0001020304050607_guppi_57570_15862_HIP71899_0007.gpuspec.0002.h5
HIP71904	https://bldata.berkeley.edu/pipeline/AGBT16A_999_242/holding/spliced_blc0001020304050607_guppi_57591_08200_Hip71904_0003.gpuspec.0002.h5
HIP71917	https://bldata.berkeley.edu/pipeline/AGBT16B_999_88/holding/spliced_blc0001020304050607_guppi_57732_62940_HIP71917_0028.gpuspec.0002.h5
HIP71954	https://bldata.berkeley.edu/pipeline/AGBT16B_999_88/holding/spliced_blc0001020304050607_guppi_57732_63650_HIP71954_0030.gpuspec.0002.h5
HIP71981	https://bldata.berkeley.edu/pipeline/AGBT16A_999_230/holding/spliced_blc0001020304050607_guppi_57570_17916_HIP71981_0013.gpuspec.0002.h5
HIP71989	https://bldata.berkeley.edu/pipeline/AGBT16A_999_217/holding/spliced_blc0001020304050607_guppi_57549_11312_HIP71989_0030.gpuspec.0002.h5
HIP72015	https://bldata.berkeley.edu/pipeline/AGBT16B_999_115/holding/spliced_blc0001020304050607_guppi_57761_50638_HIP72015_0010.gpuspec.0002.h5
HIP72043	https://bldata.berkeley.edu/pipeline/AGBT17A_999_07/holding/spliced_blc0001020304050607_guppi_57802_29077_HIP72043_0005.gpuspec.0002.h5
HIP72116	https://bldata.berkeley.edu/pipeline/AGBT17A_999_07/holding/spliced_blc0001020304050607_guppi_57802_29771_HIP72116_0007.gpuspec.0002.h5
HIP72152	https://bldata.berkeley.edu/pipeline/AGBT16A_999_238/holding/spliced_blc0001020304050607_guppi_57584_11625_Hip72152_0054.gpuspec.0002.h5
HIP7217	https://bldata.berkeley.edu/pipeline/AGBT17A_999_70/holding/spliced_blc0001020304050607_guppi_57899_65394_HIP7217_0030.gpuspec.0002.h5
HIP72193	https://bldata.berkeley.edu/pipeline/AGBT16A_999_217/holding/spliced_blc0001020304050607_guppi_57549_12014_HIP72193_0032.gpuspec.0002.h5
HIP72275	https://bldata.berkeley.edu/pipeline/AGBT16B_999_115/holding/spliced_blc0001020304050607_guppi_57761_51324_HIP72275_0012.gpuspec.0002.h5
HIP72307	https://bldata.berkeley.edu/pipeline/AGBT16A_999_238/holding/spliced_blc0001020304050607_guppi_57584_08878_Hip72307_0046.gpuspec.0002.h5
HIP72325	https://bldata.berkeley.edu/pipeline/AGBT16A_999_217/holding/spliced_blc0001020304050607_guppi_57549_12719_HIP72325_0034.gpuspec.0002.h5
HIP72337	https://bldata.berkeley.edu/pipeline/AGBT17A_999_73/holding/spliced_blc0001020304050607_guppi_57902_20342_HIP72337_0046.gpuspec.0002.h5
HIP72365	https://bldata.berkeley.edu/pipeline/AGBT17A_999_73/holding/spliced_blc0001020304050607_guppi_57902_21021_HIP72365_0048.gpuspec.0002.h5
HIP72382	https://bldata.berkeley.edu/pipeline/AGBT17A_999_73/holding/spliced_blc0001020304050607_guppi_57902_21703_HIP72382_0050.gpuspec.0002.h5
HIP72389	https://bldata.berkeley.edu/pipeline/AGBT16A_999_238/holding/spliced_blc0001020304050607_guppi_57584_12295_Hip72389_0056.gpuspec.0002.h5
HIP72428	https://bldata.berkeley.edu/pipeline/AGBT16B_999_115/holding/spliced_blc0001020304050607_guppi_57761_52007_HIP72428_0014.gpuspec.0002.h5
HIP7248	https://bldata.berkeley.edu/pipeline/AGBT17A_999_58/holding/spliced_blc3031323334353637_guppi_57873_74403_HIP7248_0063.gpuspec.0002.h5
HIP72496	https://bldata.berkeley.edu/pipeline/AGBT16B_999_115/holding/spliced_blc0001020304050607_guppi_57761_52706_HIP72496_0016.gpuspec.0002.h5
HIP72524	https://bldata.berkeley.edu/pipeline/AGBT16A_999_217/holding/spliced_blc0001020304050607_guppi_57549_13419_HIP72524_0036.gpuspec.0002.h5
HIP72526	https://bldata.berkeley.edu/pipeline/AGBT16A_999_217/holding/spliced_blc0001020304050607_guppi_57549_14131_HIP72526_0038.gpuspec.0002.h5
HIP72531	https://bldata.berkeley.edu/pipeline/AGBT16B_999_115/holding/spliced_blc0001020304050607_guppi_57761_53386_HIP72531_0018.gpuspec.0002.h5
HIP72573	https://bldata.berkeley.edu/bl_tess/c_band/spliced_blc40414243444546o7o0515253545556o7o0616263646566o7o071727374757677_guppi_58803_14199_HIP72573_0030.gpuspec.0002.h5
HIP72581	https://bldata.berkeley.edu/bl_tess/x_band/spliced_blc00010203040506o7o0111213141516o7o021222324252627_guppi_58806_28794_HIP72581_0077.gpuspec.0002.h5
HIP72606	https://bldata.berkeley.edu/pipeline/AGBT16B_999_115/holding/spliced_blc0001020304050607_guppi_57761_54065_HIP72606_0020.gpuspec.0002.h5
HIP7278	https://bldata.berkeley.edu/pipeline/AGBT17A_999_70/holding/spliced_blc0001020304050607_guppi_57899_67504_HIP7278_0036.gpuspec.0002.h5
HIP72809	https://bldata.berkeley.edu/pipeline/AGBT18A_999_49/holding/spliced_blc0001020304050607_guppi_58232_37497_HIP72809_0036.gpuspec.0002.h5
HIP72817	https://bldata.berkeley.edu/bl_tess/c_band/spliced_blc40414243444546o7o0515253545556o7o0616263646566o7o071727374757677_guppi_58803_14832_HIP72817_0032.gpuspec.0002.h5
HIP72818	https://bldata.berkeley.edu/bl_tess/c_band/spliced_blc40414243444546o7o0515253545556o7o0616263646566o7o071727374757677_guppi_58803_15472_HIP72818_0034.gpuspec.0002.h5
HIP72824	https://bldata.berkeley.edu/pipeline/AGBT16A_999_217/holding/spliced_blc0001020304050607_guppi_57549_14828_HIP72824_0040.gpuspec.0002.h5
HIP7300	https://bldata.berkeley.edu/pipeline/AGBT16B_999_48/holding/spliced_blc0001020304050607_guppi_57680_20785_HIP7300_0054.gpuspec.0002.h5
HIP73004	https://bldata.berkeley.edu/pipeline/AGBT16B_999_91/holding/spliced_blc0001020304050607_guppi_57738_54550_HIP73004_0003.gpuspec.0002.h5
HIP73046	https://bldata.berkeley.edu/pipeline/AGBT16B_999_106/holding/spliced_blc0001020304050607_guppi_57753_53162_HIP73046_0010.gpuspec.0002.h5
HIP73047	https://bldata.berkeley.edu/pipeline/AGBT16A_999_238/holding/spliced_blc0001020304050607_guppi_57584_09542_Hip73047_0048.gpuspec.0002.h5
HIP73081	https://bldata.berkeley.edu/pipeline/AGBT18A_999_49/holding/spliced_blc0001020304050607_guppi_58232_38164_HIP73081_0038.gpuspec.0002.h5
HIP73103	https://bldata.berkeley.edu/pipeline/AGBT18A_999_49/holding/spliced_blc0001020304050607_guppi_58232_38830_HIP73103_0040.gpuspec.0002.h5
HIP73125	https://bldata.berkeley.edu/pipeline/AGBT16B_999_91/holding/spliced_blc0001020304050607_guppi_57738_55247_HIP73125_0005.gpuspec.0002.h5
HIP73243	https://bldata.berkeley.edu/pipeline/AGBT16B_999_91/holding/spliced_blc0001020304050607_guppi_57738_55940_HIP73243_0007.gpuspec.0002.h5
HIP73248	https://bldata.berkeley.edu/pipeline/AGBT16B_999_106/holding/spliced_blc0001020304050607_guppi_57753_53875_HIP73248_0012.gpuspec.0002.h5
HIP7333	https://bldata.berkeley.edu/pipeline/AGBT17A_999_63/holding/spliced_blc3031323334353637_guppi_57884_61150_HIP7333_0029.gpuspec.0002.h5
HIP73382	https://bldata.berkeley.edu/pipeline/AGBT16A_999_217/holding/spliced_blc0001020304050607_guppi_57549_16231_HIP73382_0044.gpuspec.0002.h5
HIP73406	https://bldata.berkeley.edu/pipeline/AGBT17B_999_61/holding/spliced_blc0001020304050607_guppi_58077_52610_HIP73406_0045.gpuspec.0002.h5
HIP73412	https://bldata.berkeley.edu/pipeline/AGBT18A_999_49/holding/spliced_blc0001020304050607_guppi_58232_29399_HIP73412_0012.gpuspec.0002.h5
HIP73419	https://bldata.berkeley.edu/pipeline/AGBT16B_999_91/holding/spliced_blc0001020304050607_guppi_57738_56642_HIP73419_0009.gpuspec.0002.h5
HIP73455	https://bldata.berkeley.edu/pipeline/AGBT18A_999_49/holding/spliced_blc0001020304050607_guppi_58232_30061_HIP73455_0014.gpuspec.0002.h5
HIP73462	https://bldata.berkeley.edu/pipeline/AGBT17B_999_61/holding/spliced_blc0001020304050607_guppi_58077_53276_HIP73462_0047.gpuspec.0002.h5
HIP73509	https://bldata.berkeley.edu/pipeline/AGBT16B_999_91/holding/spliced_blc0001020304050607_guppi_57738_63219_HIP73509_0009.gpuspec.0002.h5
HIP7352	https://bldata.berkeley.edu/pipeline/AGBT17A_999_70/holding/spliced_blc0001020304050607_guppi_57899_68198_HIP7352_0038.gpuspec.0002.h5
HIP73528	https://bldata.berkeley.edu/pipeline/AGBT16B_999_91/holding/spliced_blc0001020304050607_guppi_57738_57331_HIP73528_0011.gpuspec.0002.h5
HIP73529	https://bldata.berkeley.edu/pipeline/AGBT17B_999_61/holding/spliced_blc0001020304050607_guppi_58077_53944_HIP73529_0049.gpuspec.0002.h5
HIP73530	https://bldata.berkeley.edu/pipeline/AGBT16B_999_91/holding/spliced_blc0001020304050607_guppi_57738_60990_HIP73530_0003.gpuspec.0002.h5
HIP73544	https://bldata.berkeley.edu/pipeline/AGBT16B_999_91/holding/spliced_blc0001020304050607_guppi_57738_63907_HIP73544_0011.gpuspec.0002.h5
HIP73592	https://bldata.berkeley.edu/pipeline/AGBT16B_999_91/holding/spliced_blc0001020304050607_guppi_57738_58122_HIP73592_0013.gpuspec.0002.h5
HIP73596	https://bldata.berkeley.edu/pipeline/AGBT16B_999_106/holding/spliced_blc0001020304050607_guppi_57753_54577_HIP73596_0014.gpuspec.0002.h5
HIP73617	https://bldata.berkeley.edu/pipeline/AGBT16B_999_91/holding/spliced_blc0001020304050607_guppi_57738_64590_HIP73617_0013.gpuspec.0002.h5
HIP7368	https://bldata.berkeley.edu/pipeline/AGBT17A_999_70/holding/spliced_blc0001020304050607_guppi_57899_68892_HIP7368_0040.gpuspec.0002.h5
HIP73709	https://bldata.berkeley.edu/pipeline/AGBT16B_999_91/holding/spliced_blc0001020304050607_guppi_57738_65955_HIP73709_0017.gpuspec.0002.h5
HIP73715	https://bldata.berkeley.edu/pipeline/AGBT16A_999_238/holding/spliced_blc0001020304050607_guppi_57584_10217_Hip73715_0050.gpuspec.0002.h5
HIP73723	https://bldata.berkeley.edu/pipeline/AGBT16B_999_91/holding/spliced_blc0001020304050607_guppi_57738_61692_HIP73723_0005.gpuspec.0002.h5
HIP73800	https://bldata.berkeley.edu/pipeline/AGBT16B_999_91/holding/spliced_blc0001020304050607_guppi_57738_66639_HIP73800_0019.gpuspec.0002.h5
HIP73843	https://bldata.berkeley.edu/pipeline/AGBT16B_999_106/holding/spliced_blc0001020304050607_guppi_57753_62144_HIP73843_0004.gpuspec.0002.h5
HIP73859	https://bldata.berkeley.edu/pipeline/AGBT16B_999_106/holding/spliced_blc0001020304050607_guppi_57753_62829_HIP73859_0006.gpuspec.0002.h5
HIP7391	https://bldata.berkeley.edu/pipeline/AGBT16B_999_48/holding/spliced_blc0001020304050607_guppi_57680_22226_HIP7391_0058.gpuspec.0002.h5
HIP73918	https://bldata.berkeley.edu/pipeline/AGBT16B_999_106/holding/spliced_blc0001020304050607_guppi_57753_55273_HIP73918_0016.gpuspec.0002.h5
HIP73925	https://bldata.berkeley.edu/pipeline/AGBT17A_999_73/holding/spliced_blc0001020304050607_guppi_57902_24555_HIP73925_0058.gpuspec.0002.h5
HIP73941	https://bldata.berkeley.edu/pipeline/AGBT16B_999_91/holding/spliced_blc0001020304050607_guppi_57738_62393_HIP73941_0007.gpuspec.0002.h5
HIP73953	https://bldata.berkeley.edu/pipeline/AGBT16B_999_91/holding/spliced_blc0001020304050607_guppi_57738_67368_HIP73953_0021.gpuspec.0002.h5
HIP73965	https://bldata.berkeley.edu/pipeline/AGBT17A_999_73/holding/spliced_blc0001020304050607_guppi_57902_23109_HIP73965_0054.gpuspec.0002.h5
HIP74007	https://bldata.berkeley.edu/pipeline/AGBT16B_999_91/holding/spliced_blc0001020304050607_guppi_57738_68046_HIP74007_0023.gpuspec.0002.h5
HIP74020	https://bldata.berkeley.edu/pipeline/AGBT16B_999_106/holding/spliced_blc0001020304050607_guppi_57753_63513_HIP74020_0008.gpuspec.0002.h5
HIP74029	https://bldata.berkeley.edu/pipeline/AGBT16B_999_106/holding/spliced_blc0001020304050607_guppi_57753_55989_HIP74029_0018.gpuspec.0002.h5
HIP74032	https://bldata.berkeley.edu/pipeline/AGBT16B_999_106/holding/spliced_blc0001020304050607_guppi_57753_61393_HIP74032_0002.gpuspec.0002.h5
HIP74051	https://bldata.berkeley.edu/pipeline/AGBT16B_999_106/holding/spliced_blc0001020304050607_guppi_57753_64192_HIP74051_0010.gpuspec.0002.h5
HIP74055	https://bldata.berkeley.edu/pipeline/AGBT18A_999_49/holding/spliced_blc0001020304050607_guppi_58232_30723_HIP74055_0016.gpuspec.0002.h5
HIP74067	https://bldata.berkeley.edu/pipeline/AGBT17A_999_16/holding/spliced_blc0001020304050607_guppi_57812_38410_HIP74067_0039.gpuspec.0002.h5
HIP74088	https://bldata.berkeley.edu/pipeline/AGBT16B_999_115/holding/spliced_blc0001020304050607_guppi_57761_54777_HIP74088_0022.gpuspec.0002.h5
HIP74106	https://bldata.berkeley.edu/pipeline/AGBT16B_999_106/holding/spliced_blc0001020304050607_guppi_57753_64869_HIP74106_0012.gpuspec.0002.h5
HIP74150	https://bldata.berkeley.edu/pipeline/AGBT16B_999_115/holding/spliced_blc0001020304050607_guppi_57761_55469_HIP74150_0024.gpuspec.0002.h5
HIP74164	https://bldata.berkeley.edu/pipeline/AGBT16B_999_106/holding/spliced_blc0001020304050607_guppi_57753_66236_HIP74164_0016.gpuspec.0002.h5
HIP74170	https://bldata.berkeley.edu/pipeline/AGBT16B_999_106/holding/spliced_blc0001020304050607_guppi_57753_65547_HIP74170_0014.gpuspec.0002.h5
HIP74178	https://bldata.berkeley.edu/pipeline/AGBT17A_999_73/holding/spliced_blc0001020304050607_guppi_57902_23799_HIP74178_0056.gpuspec.0002.h5
HIP74182	https://bldata.berkeley.edu/pipeline/AGBT16B_999_115/holding/spliced_blc0001020304050607_guppi_57761_56162_HIP74182_0026.gpuspec.0002.h5
HIP74209	https://bldata.berkeley.edu/pipeline/AGBT16B_999_91/holding/spliced_blc0001020304050607_guppi_57738_68724_HIP74209_0025.gpuspec.0002.h5
HIP7422	https://bldata.berkeley.edu/pipeline/AGBT17A_999_63/holding/spliced_blc3031323334353637_guppi_57884_56273_HIP7422_0015.gpuspec.0002.h5
HIP74222	https://bldata.berkeley.edu/pipeline/AGBT16B_999_115/holding/spliced_blc0001020304050607_guppi_57761_56882_HIP74222_0028.gpuspec.0002.h5
HIP74223	https://bldata.berkeley.edu/bl_tess/l_band/spliced_blc4041424344454647_guppi_58844_29852_HIP74223_0087.gpuspec.0002.h5
HIP7423	https://bldata.berkeley.edu/pipeline/AGBT17A_999_63/holding/spliced_blc3031323334353637_guppi_57884_61818_HIP7423_0031.gpuspec.0002.h5
HIP74259	https://bldata.berkeley.edu/pipeline/AGBT16B_999_115/holding/spliced_blc0001020304050607_guppi_57761_57572_HIP74259_0030.gpuspec.0002.h5
HIP74267	https://bldata.berkeley.edu/pipeline/AGBT17A_999_16/holding/spliced_blc0001020304050607_guppi_57812_39094_HIP74267_0041.gpuspec.0002.h5
HIP7427	https://bldata.berkeley.edu/pipeline/AGBT17A_999_58/holding/spliced_blc3031323334353637_guppi_57873_54926_HIP7427_0007.gpuspec.0002.h5
HIP74284	https://bldata.berkeley.edu/pipeline/AGBT16A_999_191/holding/spliced_blc0001020304050607_guppi_57523_22755_HIP74284_0004.gpuspec.0002.h5
HIP74292	https://bldata.berkeley.edu/pipeline/AGBT16B_999_106/holding/spliced_blc0001020304050607_guppi_57753_66913_HIP74292_0018.gpuspec.0002.h5
HIP74304	https://bldata.berkeley.edu/pipeline/AGBT16A_999_191/holding/spliced_blc0001020304050607_guppi_57523_27054_HIP74304_0016.gpuspec.0002.h5
HIP74315	https://bldata.berkeley.edu/pipeline/AGBT16A_999_191/holding/spliced_blc0001020304050607_guppi_57523_23457_HIP74315_0006.gpuspec.0002.h5
HIP74327	https://bldata.berkeley.edu/pipeline/AGBT16B_999_106/holding/spliced_blc0001020304050607_guppi_57753_67587_HIP74327_0020.gpuspec.0002.h5
HIP74328	https://bldata.berkeley.edu/pipeline/AGBT16A_999_191/holding/spliced_blc0001020304050607_guppi_57523_27733_HIP74328_0018.gpuspec.0002.h5
HIP74342	https://bldata.berkeley.edu/pipeline/AGBT16A_999_191/holding/spliced_blc0001020304050607_guppi_57523_29125_HIP74342_0022.gpuspec.0002.h5
HIP74368	https://bldata.berkeley.edu/pipeline/AGBT16B_999_52/holding/spliced_blc0001020304050607_guppi_57684_70643_HIP74368_0046.gpuspec.0002.h5
HIP74370	https://bldata.berkeley.edu/pipeline/AGBT16B_999_52/holding/spliced_blc0001020304050607_guppi_57684_71317_HIP74370_0048.gpuspec.0002.h5
HIP74374	https://bldata.berkeley.edu/pipeline/AGBT16A_999_191/holding/spliced_blc0001020304050607_guppi_57523_29807_HIP74374_0024.gpuspec.0002.h5
HIP74390	https://bldata.berkeley.edu/pipeline/AGBT16A_999_191/holding/spliced_blc0001020304050607_guppi_57523_28416_HIP74390_0020.gpuspec.0002.h5
HIP74409	https://bldata.berkeley.edu/bl_tess/c_band/spliced_blc10111213141516o7o0212223242526o7o0313233343536o7o051525354555657_guppi_58860_61791_HIP74409_0082.gpuspec.0002.h5
HIP74430	https://bldata.berkeley.edu/pipeline/AGBT16A_999_191/holding/spliced_blc0001020304050607_guppi_57523_24955_HIP74430_0010.gpuspec.0002.h5
HIP74439	https://bldata.berkeley.edu/pipeline/AGBT16A_999_191/holding/spliced_blc0001020304050607_guppi_57523_24142_HIP74439_0008.gpuspec.0002.h5
HIP74457	https://bldata.berkeley.edu/pipeline/AGBT16A_999_191/holding/spliced_blc0001020304050607_guppi_57523_30483_HIP74457_0026.gpuspec.0002.h5
HIP74525	https://bldata.berkeley.edu/pipeline/AGBT16A_999_191/holding/spliced_blc0001020304050607_guppi_57523_25680_HIP74525_0012.gpuspec.0002.h5
HIP74560	https://bldata.berkeley.edu/pipeline/AGBT16A_999_191/holding/spliced_blc0001020304050607_guppi_57523_26356_HIP74560_0014.gpuspec.0002.h5
HIP74585	https://bldata.berkeley.edu/pipeline/AGBT16A_999_242/holding/spliced_blc0001020304050607_guppi_57591_08940_Hip74585_0005.gpuspec.0002.h5
HIP74588	https://bldata.berkeley.edu/pipeline/AGBT17A_999_16/holding/spliced_blc0001020304050607_guppi_57812_41277_HIP74588_0047.gpuspec.0002.h5
HIP74590	https://bldata.berkeley.edu/pipeline/AGBT16A_999_242/holding/spliced_blc0001020304050607_guppi_57591_09637_Hip74590_0007.gpuspec.0002.h5
HIP74594	https://bldata.berkeley.edu/pipeline/AGBT16B_999_29/holding/spliced_blc0001020304050607_guppi_57657_73233_Hip74594_0004.gpuspec.0002.h5
HIP74613	https://bldata.berkeley.edu/pipeline/AGBT16B_999_29/holding/spliced_blc0001020304050607_guppi_57657_73916_Hip74613_0006.gpuspec.0002.h5
HIP74639	https://bldata.berkeley.edu/pipeline/AGBT17A_999_16/holding/spliced_blc0001020304050607_guppi_57812_41986_HIP74639_0049.gpuspec.0002.h5
HIP74671	https://bldata.berkeley.edu/pipeline/AGBT16B_999_29/holding/spliced_blc0001020304050607_guppi_57657_74599_Hip74671_0008.gpuspec.0002.h5
HIP74679	https://bldata.berkeley.edu/pipeline/AGBT17A_999_16/holding/spliced_blc0001020304050607_guppi_57812_43442_HIP74679_0053.gpuspec.0002.h5
HIP74708	https://bldata.berkeley.edu/pipeline/AGBT17A_999_16/holding/spliced_blc0001020304050607_guppi_57812_44127_HIP74708_0055.gpuspec.0002.h5
HIP74828	https://bldata.berkeley.edu/pipeline/AGBT16A_999_191/holding/spliced_blc0001020304050607_guppi_57523_31209_HIP74828_0028.gpuspec.0002.h5
HIP74866	https://bldata.berkeley.edu/pipeline/AGBT16B_999_52/holding/spliced_blc0001020304050607_guppi_57684_72703_HIP74866_0052.gpuspec.0002.h5
HIP7488	https://bldata.berkeley.edu/pipeline/AGBT17A_999_63/holding/spliced_blc3031323334353637_guppi_57884_63827_HIP7488_0037.gpuspec.0002.h5
HIP74913	https://bldata.berkeley.edu/bl_tess/s_band/spliced_blc0001020304050607_guppi_58811_86393_HIP74913_0126.gpuspec.0002.h5
HIP74932	https://bldata.berkeley.edu/pipeline/AGBT16A_999_242/holding/spliced_blc0001020304050607_guppi_57591_10320_Hip74932_0009.gpuspec.0002.h5
HIP74976	https://bldata.berkeley.edu/pipeline/AGBT16B_999_52/holding/spliced_blc0001020304050607_guppi_57684_71988_HIP74976_0050.gpuspec.0002.h5
HIP7500	https://bldata.berkeley.edu/pipeline/AGBT17A_999_70/holding/spliced_blc0001020304050607_guppi_57899_66088_HIP7500_0032.gpuspec.0002.h5
HIP75014	https://bldata.berkeley.edu/pipeline/AGBT17B_999_30/holding/spliced_blc1011121314151617_guppi_58008_66323_HIP75014_0033.gpuspec.0002.h5
HIP75037	https://bldata.berkeley.edu/pipeline/AGBT17B_999_54/holding/spliced_blc0001020304050607_guppi_58064_64615_HIP75037_0010.gpuspec.0002.h5
HIP75038	https://bldata.berkeley.edu/pipeline/AGBT17A_999_21/holding/spliced_blc0001020304050607_guppi_57823_35873_HIP75038_0039.gpuspec.0002.h5
HIP75042	https://bldata.berkeley.edu/pipeline/AGBT17B_999_54/holding/spliced_blc0001020304050607_guppi_58064_65265_HIP75042_0012.gpuspec.0002.h5
HIP75060	https://bldata.berkeley.edu/pipeline/AGBT17A_999_21/holding/spliced_blc0001020304050607_guppi_57823_40048_HIP75060_0051.gpuspec.0002.h5
HIP75076	https://bldata.berkeley.edu/pipeline/AGBT17A_999_21/holding/spliced_blc0001020304050607_guppi_57823_36557_HIP75076_0041.gpuspec.0002.h5
HIP75133	https://bldata.berkeley.edu/pipeline/AGBT17B_999_30/holding/spliced_blc1011121314151617_guppi_58008_66988_HIP75133_0035.gpuspec.0002.h5
HIP75158	https://bldata.berkeley.edu/pipeline/AGBT17A_999_21/holding/spliced_blc0001020304050607_guppi_57823_37242_HIP75158_0043.gpuspec.0002.h5
HIP75168	https://bldata.berkeley.edu/pipeline/AGBT17B_999_30/holding/spliced_blc1011121314151617_guppi_58008_67656_HIP75168_0037.gpuspec.0002.h5
HIP7518	https://bldata.berkeley.edu/pipeline/AGBT16B_999_48/holding/spliced_blc0001020304050607_guppi_57680_22913_HIP7518_0060.gpuspec.0002.h5
HIP75180	https://bldata.berkeley.edu/pipeline/AGBT17A_999_84/holding/spliced_blc0001020304050607_guppi_57927_15301_HIP75180_0056.gpuspec.0002.h5
HIP75198	https://bldata.berkeley.edu/pipeline/AGBT16A_999_238/holding/spliced_blc0001020304050607_guppi_57584_13031_Hip75198_0058.gpuspec.0002.h5
HIP75208	https://bldata.berkeley.edu/pipeline/AGBT17A_999_21/holding/spliced_blc0001020304050607_guppi_57823_40754_HIP75208_0053.gpuspec.0002.h5
HIP75311	https://bldata.berkeley.edu/pipeline/AGBT17A_999_21/holding/spliced_blc0001020304050607_guppi_57823_37923_HIP75311_0045.gpuspec.0002.h5
HIP75370	https://bldata.berkeley.edu/bl_tess/c_band/spliced_blc10111213141516o7o0212223242526o7o0313233343536o7o051525354555657_guppi_58860_62429_HIP75370_0084.gpuspec.0002.h5
HIP75371	https://bldata.berkeley.edu/pipeline/AGBT16B_999_10/holding/spliced_blc0001020304050607_guppi_57618_84396_Hip75371_0005.gpuspec.0002.h5
HIP75385	https://bldata.berkeley.edu/pipeline/AGBT17A_999_21/holding/spliced_blc0001020304050607_guppi_57823_38604_HIP75385_0047.gpuspec.0002.h5
HIP75387	https://bldata.berkeley.edu/pipeline/AGBT16B_999_29/holding/spliced_blc0001020304050607_guppi_57657_75292_Hip75387_0010.gpuspec.0002.h5
HIP754	https://bldata.berkeley.edu/pipeline/AGBT17B_999_15/holding/spliced_blc2021222324252627_guppi_57992_33779_HIP754_0025.gpuspec.0002.h5
HIP75407	https://bldata.berkeley.edu/pipeline/AGBT16B_999_52/holding/spliced_blc0001020304050607_guppi_57684_73369_HIP75407_0054.gpuspec.0002.h5
HIP75426	https://bldata.berkeley.edu/pipeline/AGBT16B_999_29/holding/spliced_blc0001020304050607_guppi_57657_75978_Hip75426_0012.gpuspec.0002.h5
HIP75428	https://bldata.berkeley.edu/pipeline/AGBT16A_999_238/holding/spliced_blc0001020304050607_guppi_57584_13723_Hip75428_0060.gpuspec.0002.h5
HIP75429	https://bldata.berkeley.edu/pipeline/AGBT16B_999_29/holding/spliced_blc0001020304050607_guppi_57657_76664_Hip75429_0014.gpuspec.0002.h5
HIP75499	https://bldata.berkeley.edu/pipeline/AGBT16B_999_52/holding/spliced_blc0001020304050607_guppi_57684_74034_HIP75499_0056.gpuspec.0002.h5
HIP75531	https://bldata.berkeley.edu/pipeline/AGBT16B_999_10/holding/spliced_blc0001020304050607_guppi_57618_85095_Hip75531_0007.gpuspec.0002.h5
HIP75536	https://bldata.berkeley.edu/pipeline/AGBT16B_999_73/holding/spliced_blc0001020304050607_guppi_57714_66020_HIP75536_0008.gpuspec.0002.h5
HIP75593	https://bldata.berkeley.edu/pipeline/AGBT17A_999_45/holding/spliced_blc0001020304050607_guppi_57860_24076_HIP75593_0029.gpuspec.0002.h5
HIP75602	https://bldata.berkeley.edu/pipeline/AGBT17B_999_32/holding/spliced_blc1011121314151617_guppi_58013_80799_HIP75602_0015.gpuspec.0002.h5
HIP75619	https://bldata.berkeley.edu/pipeline/AGBT17A_999_21/holding/spliced_blc0001020304050607_guppi_57823_39280_HIP75619_0049.gpuspec.0002.h5
HIP75622	https://bldata.berkeley.edu/pipeline/AGBT17A_999_45/holding/spliced_blc0001020304050607_guppi_57860_25495_HIP75622_0033.gpuspec.0002.h5
HIP75631	https://bldata.berkeley.edu/pipeline/AGBT17B_999_54/holding/spliced_blc0001020304050607_guppi_58064_72034_HIP75631_0032.gpuspec.0002.h5
HIP75651	https://bldata.berkeley.edu/pipeline/AGBT17B_999_32/holding/spliced_blc1011121314151617_guppi_58013_79378_HIP75651_0011.gpuspec.0002.h5
HIP75671	https://bldata.berkeley.edu/pipeline/AGBT17A_999_45/holding/spliced_blc0001020304050607_guppi_57860_26175_HIP75671_0035.gpuspec.0002.h5
HIP75676	https://bldata.berkeley.edu/pipeline/AGBT17B_999_54/holding/spliced_blc0001020304050607_guppi_58064_72712_HIP75676_0034.gpuspec.0002.h5
HIP75678	https://bldata.berkeley.edu/pipeline/AGBT17B_999_54/holding/spliced_blc0001020304050607_guppi_58064_69970_HIP75678_0026.gpuspec.0002.h5
HIP75684	https://bldata.berkeley.edu/pipeline/AGBT17A_999_45/holding/spliced_blc0001020304050607_guppi_57860_26854_HIP75684_0037.gpuspec.0002.h5
HIP75685	https://bldata.berkeley.edu/pipeline/AGBT17B_999_32/holding/spliced_blc1011121314151617_guppi_58013_80046_HIP75685_0013.gpuspec.0002.h5
HIP75695	https://bldata.berkeley.edu/pipeline/AGBT17B_999_32/holding/spliced_blc1011121314151617_guppi_58013_81488_HIP75695_0017.gpuspec.0002.h5
HIP7570	https://bldata.berkeley.edu/pipeline/AGBT17A_999_70/holding/spliced_blc0001020304050607_guppi_57899_66777_HIP7570_0034.gpuspec.0002.h5
HIP75712	https://bldata.berkeley.edu/pipeline/AGBT17B_999_32/holding/spliced_blc1011121314151617_guppi_58013_82180_HIP75712_0019.gpuspec.0002.h5
HIP75717	https://bldata.berkeley.edu/pipeline/AGBT17B_999_32/holding/spliced_blc1011121314151617_guppi_58013_77388_HIP75717_0005.gpuspec.0002.h5
HIP75728	https://bldata.berkeley.edu/pipeline/AGBT17A_999_45/holding/spliced_blc0001020304050607_guppi_57860_24757_HIP75728_0031.gpuspec.0002.h5
HIP75764	https://bldata.berkeley.edu/pipeline/AGBT17B_999_54/holding/spliced_blc0001020304050607_guppi_58064_70625_HIP75764_0028.gpuspec.0002.h5
HIP7580	https://bldata.berkeley.edu/pipeline/AGBT16B_999_98/holding/spliced_blc0001020304050607_guppi_57745_84250_HIP7580_0004.gpuspec.0002.h5
HIP75820	https://bldata.berkeley.edu/pipeline/AGBT17B_999_32/holding/spliced_blc1011121314151617_guppi_58013_78046_HIP75820_0007.gpuspec.0002.h5
HIP75857	https://bldata.berkeley.edu/pipeline/AGBT16B_999_10/holding/spliced_blc0001020304050607_guppi_57618_85786_Hip75857_0009.gpuspec.0002.h5
HIP75869	https://bldata.berkeley.edu/pipeline/AGBT17A_999_48/holding/spliced_blc0001020304050607_guppi_57862_18905_HIP75869_0003.gpuspec.0002.h5
HIP75870	https://bldata.berkeley.edu/pipeline/AGBT17B_999_54/holding/spliced_blc0001020304050607_guppi_58064_67293_HIP75870_0018.gpuspec.0002.h5
HIP75913	https://bldata.berkeley.edu/pipeline/AGBT17A_999_48/holding/spliced_blc0001020304050607_guppi_57862_19590_HIP75913_0005.gpuspec.0002.h5
HIP75931	https://bldata.berkeley.edu/pipeline/AGBT16B_999_29/holding/spliced_blc0001020304050607_guppi_57657_79467_Hip75931_0022.gpuspec.0002.h5
HIP75935	https://bldata.berkeley.edu/pipeline/AGBT16B_999_29/holding/spliced_blc0001020304050607_guppi_57657_80150_Hip75935_0024.gpuspec.0002.h5
HIP75960	https://bldata.berkeley.edu/pipeline/AGBT17B_999_30/holding/spliced_blc1011121314151617_guppi_58008_68356_HIP75960_0039.gpuspec.0002.h5
HIP75969	https://bldata.berkeley.edu/pipeline/AGBT16B_999_29/holding/spliced_blc0001020304050607_guppi_57657_77363_Hip75969_0016.gpuspec.0002.h5
HIP75971	https://bldata.berkeley.edu/pipeline/AGBT17A_999_48/holding/spliced_blc0001020304050607_guppi_57862_25394_HIP75971_0021.gpuspec.0002.h5
HIP75983	https://bldata.berkeley.edu/bl_tess/s_band/spliced_blc0001020304050607_guppi_58812_01264_HIP75983_0130.gpuspec.0002.h5
HIP76003	https://bldata.berkeley.edu/pipeline/AGBT16B_999_29/holding/spliced_blc0001020304050607_guppi_57657_80833_Hip76003_0026.gpuspec.0002.h5
HIP76049	https://bldata.berkeley.edu/pipeline/AGBT17B_999_30/holding/spliced_blc1011121314151617_guppi_58008_69019_HIP76049_0041.gpuspec.0002.h5
HIP76051	https://bldata.berkeley.edu/pipeline/AGBT17A_999_48/holding/spliced_blc0001020304050607_guppi_57862_26086_HIP76051_0023.gpuspec.0002.h5
HIP76052	https://bldata.berkeley.edu/pipeline/AGBT17A_999_48/holding/spliced_blc0001020304050607_guppi_57862_26779_HIP76052_0025.gpuspec.0002.h5
HIP76058	https://bldata.berkeley.edu/pipeline/AGBT16B_999_29/holding/spliced_blc0001020304050607_guppi_57657_78050_Hip76058_0018.gpuspec.0002.h5
HIP76123	https://bldata.berkeley.edu/pipeline/AGBT17A_999_48/holding/spliced_blc0001020304050607_guppi_57862_29618_HIP76123_0033.gpuspec.0002.h5
HIP76131	https://bldata.berkeley.edu/pipeline/AGBT17A_999_48/holding/spliced_blc0001020304050607_guppi_57862_27495_HIP76131_0027.gpuspec.0002.h5
HIP76138	https://bldata.berkeley.edu/pipeline/AGBT17A_999_13/holding/spliced_blc0001020304050607_guppi_57809_25742_HIP76138_0003.gpuspec.0002.h5
HIP76151	https://bldata.berkeley.edu/pipeline/AGBT16B_999_29/holding/spliced_blc0001020304050607_guppi_57657_78738_Hip76151_0020.gpuspec.0002.h5
HIP76156	https://bldata.berkeley.edu/pipeline/AGBT17B_999_54/holding/spliced_blc0001020304050607_guppi_58064_73389_HIP76156_0036.gpuspec.0002.h5
HIP76166	https://bldata.berkeley.edu/pipeline/AGBT16B_999_55/holding/spliced_blc1011121314151617_guppi_57689_74062_HIP76166_0028.gpuspec.0002.h5
HIP76168	https://bldata.berkeley.edu/pipeline/AGBT17B_999_30/holding/spliced_blc1011121314151617_guppi_58008_69678_HIP76168_0043.gpuspec.0002.h5
HIP76186	https://bldata.berkeley.edu/pipeline/AGBT17A_999_48/holding/spliced_blc0001020304050607_guppi_57862_20273_HIP76186_0007.gpuspec.0002.h5
HIP76198	https://bldata.berkeley.edu/pipeline/AGBT17A_999_48/holding/spliced_blc0001020304050607_guppi_57862_28199_HIP76198_0029.gpuspec.0002.h5
HIP76212	https://bldata.berkeley.edu/pipeline/AGBT17A_999_52/holding/spliced_blc0001020304050607_guppi_57868_15472_HIP76212_0009.gpuspec.0002.h5
HIP76239	https://bldata.berkeley.edu/pipeline/AGBT16B_999_55/holding/spliced_blc1011121314151617_guppi_57689_76062_HIP76239_0034.gpuspec.0002.h5
HIP76243	https://bldata.berkeley.edu/pipeline/AGBT17A_999_13/holding/spliced_blc0001020304050607_guppi_57809_26440_HIP76243_0005.gpuspec.0002.h5
HIP76250	https://bldata.berkeley.edu/pipeline/AGBT17A_999_52/holding/spliced_blc0001020304050607_guppi_57868_16148_HIP76250_0011.gpuspec.0002.h5
HIP76251	https://bldata.berkeley.edu/pipeline/AGBT17A_999_52/holding/spliced_blc0001020304050607_guppi_57868_16826_HIP76251_0013.gpuspec.0002.h5
HIP76269	https://bldata.berkeley.edu/pipeline/AGBT17A_999_13/holding/spliced_blc0001020304050607_guppi_57809_27137_HIP76269_0007.gpuspec.0002.h5
HIP76272	https://bldata.berkeley.edu/pipeline/AGBT17B_999_54/holding/spliced_blc0001020304050607_guppi_58064_71284_HIP76272_0030.gpuspec.0002.h5
HIP76309	https://bldata.berkeley.edu/pipeline/AGBT16B_999_55/holding/spliced_blc1011121314151617_guppi_57689_76726_HIP76309_0036.gpuspec.0002.h5
HIP76349	https://bldata.berkeley.edu/pipeline/AGBT17A_999_48/holding/spliced_blc0001020304050607_guppi_57862_28896_HIP76349_0031.gpuspec.0002.h5
HIP7644	https://bldata.berkeley.edu/pipeline/AGBT16B_999_48/holding/spliced_blc0001020304050607_guppi_57680_21480_HIP7644_0056.gpuspec.0002.h5
HIP76452	https://bldata.berkeley.edu/pipeline/AGBT16B_999_101/holding/spliced_blc0001020304050607_guppi_57749_44838_HIP76452_0046.gpuspec.0002.h5
HIP76468	https://bldata.berkeley.edu/pipeline/AGBT17A_999_52/holding/spliced_blc0001020304050607_guppi_57868_17522_HIP76468_0015.gpuspec.0002.h5
HIP76487	https://bldata.berkeley.edu/pipeline/AGBT17A_999_52/holding/spliced_blc0001020304050607_guppi_57868_20230_HIP76487_0023.gpuspec.0002.h5
HIP76502	https://bldata.berkeley.edu/pipeline/AGBT17A_999_52/holding/spliced_blc0001020304050607_guppi_57868_21595_HIP76502_0027.gpuspec.0002.h5
HIP7653	https://bldata.berkeley.edu/pipeline/AGBT17A_999_70/holding/spliced_blc0001020304050607_guppi_57899_70273_HIP7653_0044.gpuspec.0002.h5
HIP76543	https://bldata.berkeley.edu/pipeline/AGBT17B_999_30/holding/spliced_blc1011121314151617_guppi_58008_70369_HIP76543_0045.gpuspec.0002.h5
HIP76553	https://bldata.berkeley.edu/pipeline/AGBT17A_999_52/holding/spliced_blc0001020304050607_guppi_57868_22275_HIP76553_0029.gpuspec.0002.h5
HIP76599	https://bldata.berkeley.edu/pipeline/AGBT17A_999_52/holding/spliced_blc0001020304050607_guppi_57868_22958_HIP76599_0031.gpuspec.0002.h5
HIP76604	https://bldata.berkeley.edu/pipeline/AGBT18A_999_49/holding/spliced_blc0001020304050607_guppi_58232_35446_HIP76604_0030.gpuspec.0002.h5
HIP76635	https://bldata.berkeley.edu/pipeline/AGBT17A_999_52/holding/spliced_blc0001020304050607_guppi_57868_18202_HIP76635_0017.gpuspec.0002.h5
HIP76641	https://bldata.berkeley.edu/pipeline/AGBT16B_999_35/holding/spliced_blc0001020304050607_guppi_57664_82280_HIP76641_0034.gpuspec.0002.h5
HIP76653	https://bldata.berkeley.edu/pipeline/AGBT16B_999_35/holding/spliced_blc0001020304050607_guppi_57664_82981_HIP76653_0036.gpuspec.0002.h5
HIP76655	https://bldata.berkeley.edu/bl_tess/s_band/spliced_blc0001020304050607_guppi_58812_00632_HIP76655_0128.gpuspec.0002.h5
HIP76691	https://bldata.berkeley.edu/pipeline/AGBT17A_999_52/holding/spliced_blc0001020304050607_guppi_57868_18879_HIP76691_0019.gpuspec.0002.h5
HIP76700	https://bldata.berkeley.edu/pipeline/AGBT17B_999_30/holding/spliced_blc1011121314151617_guppi_58008_71033_HIP76700_0047.gpuspec.0002.h5
HIP76704	https://bldata.berkeley.edu/pipeline/AGBT16B_999_35/holding/spliced_blc0001020304050607_guppi_57664_83683_HIP76704_0038.gpuspec.0002.h5
HIP76765	https://bldata.berkeley.edu/pipeline/AGBT17B_999_92/holding/spliced_blc3031323334353637_guppi_58110_53415_HIP76765_0013.gpuspec.0002.h5
HIP76773	https://bldata.berkeley.edu/pipeline/AGBT16B_999_101/holding/spliced_blc0001020304050607_guppi_57749_45509_HIP76773_0048.gpuspec.0002.h5
HIP76780	https://bldata.berkeley.edu/pipeline/AGBT17B_999_92/holding/spliced_blc3031323334353637_guppi_58110_54081_HIP76780_0015.gpuspec.0002.h5
HIP76786	https://bldata.berkeley.edu/bl_tess/c_band/spliced_blc10111213141516o7o0212223242526o7o0313233343536o7o051525354555657_guppi_58860_61148_HIP76786_0080.gpuspec.0002.h5
HIP76814	https://bldata.berkeley.edu/pipeline/AGBT16B_999_101/holding/spliced_blc0001020304050607_guppi_57749_46187_HIP76814_0050.gpuspec.0002.h5
HIP76818	https://bldata.berkeley.edu/pipeline/AGBT17B_999_92/holding/spliced_blc3031323334353637_guppi_58110_54746_HIP76818_0017.gpuspec.0002.h5
HIP7684	https://bldata.berkeley.edu/pipeline/AGBT17A_999_63/holding/spliced_blc3031323334353637_guppi_57884_56942_HIP7684_0017.gpuspec.0002.h5
HIP76892	https://bldata.berkeley.edu/pipeline/AGBT17A_999_73/holding/spliced_blc0001020304050607_guppi_57902_04980_HIP76892_0003.gpuspec.0002.h5
HIP76910	https://bldata.berkeley.edu/pipeline/AGBT17B_999_30/holding/spliced_blc1011121314151617_guppi_58008_71693_HIP76910_0049.gpuspec.0002.h5
HIP76913	https://bldata.berkeley.edu/pipeline/AGBT17A_999_73/holding/spliced_blc0001020304050607_guppi_57902_05658_HIP76913_0005.gpuspec.0002.h5
HIP77037	https://bldata.berkeley.edu/pipeline/AGBT16B_999_35/holding/spliced_blc0001020304050607_guppi_57664_71569_HIP77037_0004.gpuspec.0002.h5
HIP77050	https://bldata.berkeley.edu/pipeline/AGBT17A_999_73/holding/spliced_blc0001020304050607_guppi_57902_09029_HIP77050_0015.gpuspec.0002.h5
HIP77055	https://bldata.berkeley.edu/pipeline/AGBT17B_999_33/holding/spliced_blc2021222324252627_guppi_58014_68915_HIP77055_0046.gpuspec.0002.h5
HIP77083	https://bldata.berkeley.edu/pipeline/AGBT17A_999_73/holding/spliced_blc0001020304050607_guppi_57902_09702_HIP77083_0017.gpuspec.0002.h5
HIP77115	https://bldata.berkeley.edu/pipeline/AGBT18A_999_49/holding/spliced_blc0001020304050607_guppi_58232_36103_HIP77115_0032.gpuspec.0002.h5
HIP77192	https://bldata.berkeley.edu/pipeline/AGBT16B_999_35/holding/spliced_blc0001020304050607_guppi_57664_72287_HIP77192_0006.gpuspec.0002.h5
HIP77202	https://bldata.berkeley.edu/pipeline/AGBT17A_999_73/holding/spliced_blc0001020304050607_guppi_57902_07023_HIP77202_0009.gpuspec.0002.h5
HIP77214	https://bldata.berkeley.edu/pipeline/AGBT17A_999_73/holding/spliced_blc0001020304050607_guppi_57902_07693_HIP77214_0011.gpuspec.0002.h5
HIP77218	https://bldata.berkeley.edu/pipeline/AGBT17A_999_73/holding/spliced_blc0001020304050607_guppi_57902_10376_HIP77218_0019.gpuspec.0002.h5
HIP77227	https://bldata.berkeley.edu/pipeline/AGBT17A_999_73/holding/spliced_blc0001020304050607_guppi_57902_06327_HIP77227_0007.gpuspec.0002.h5
HIP77244	https://bldata.berkeley.edu/pipeline/AGBT17A_999_73/holding/spliced_blc0001020304050607_guppi_57902_08362_HIP77244_0013.gpuspec.0002.h5
HIP77290	https://bldata.berkeley.edu/pipeline/AGBT18A_999_49/holding/spliced_blc0001020304050607_guppi_58232_36769_HIP77290_0034.gpuspec.0002.h5
HIP7730	https://bldata.berkeley.edu/pipeline/AGBT16B_999_98/holding/spliced_blc0001020304050607_guppi_57745_84924_HIP7730_0006.gpuspec.0002.h5
HIP77438	https://bldata.berkeley.edu/pipeline/AGBT16B_999_35/holding/spliced_blc0001020304050607_guppi_57664_72995_HIP77438_0008.gpuspec.0002.h5
HIP77627	https://bldata.berkeley.edu/pipeline/AGBT17A_999_73/holding/spliced_blc0001020304050607_guppi_57902_11049_HIP77627_0021.gpuspec.0002.h5
HIP77629	https://bldata.berkeley.edu/pipeline/AGBT16B_999_55/holding/spliced_blc1011121314151617_guppi_57689_75393_HIP77629_0032.gpuspec.0002.h5
HIP77632	https://bldata.berkeley.edu/pipeline/AGBT16B_999_73/holding/spliced_blc0001020304050607_guppi_57714_68787_HIP77632_0016.gpuspec.0002.h5
HIP77652	https://bldata.berkeley.edu/pipeline/AGBT16B_999_35/holding/spliced_blc0001020304050607_guppi_57664_73703_HIP77652_0010.gpuspec.0002.h5
HIP77695	https://bldata.berkeley.edu/pipeline/AGBT16B_999_35/holding/spliced_blc0001020304050607_guppi_57664_74397_HIP77695_0012.gpuspec.0002.h5
HIP77714	https://bldata.berkeley.edu/pipeline/AGBT16B_999_35/holding/spliced_blc0001020304050607_guppi_57664_75087_HIP77714_0014.gpuspec.0002.h5
HIP7772	https://bldata.berkeley.edu/pipeline/AGBT16B_999_98/holding/spliced_blc0001020304050607_guppi_57745_85602_HIP7772_0008.gpuspec.0002.h5
HIP77767	https://bldata.berkeley.edu/pipeline/AGBT17A_999_82/holding/spliced_blc3031323334353637_guppi_57915_17956_HIP77767_0003.gpuspec.0002.h5
HIP77787	https://bldata.berkeley.edu/pipeline/AGBT17A_999_73/holding/spliced_blc0001020304050607_guppi_57902_11722_HIP77787_0023.gpuspec.0002.h5
HIP77831	https://bldata.berkeley.edu/pipeline/AGBT16B_999_75/holding/spliced_blc0001020304050607_guppi_57715_65310_HIP77831_0010.gpuspec.0002.h5
HIP77836	https://bldata.berkeley.edu/pipeline/AGBT17A_999_73/holding/spliced_blc0001020304050607_guppi_57902_12392_HIP77836_0025.gpuspec.0002.h5
HIP77864	https://bldata.berkeley.edu/pipeline/AGBT17A_999_73/holding/spliced_blc0001020304050607_guppi_57902_15234_HIP77864_0033.gpuspec.0002.h5
HIP77876	https://bldata.berkeley.edu/pipeline/AGBT17A_999_73/holding/spliced_blc0001020304050607_guppi_57902_15907_HIP77876_0035.gpuspec.0002.h5
HIP77885	https://bldata.berkeley.edu/pipeline/AGBT17B_999_33/holding/spliced_blc2021222324252627_guppi_58014_70234_HIP77885_0050.gpuspec.0002.h5
HIP7795	https://bldata.berkeley.edu/pipeline/AGBT17A_999_63/holding/spliced_blc3031323334353637_guppi_57884_57610_HIP7795_0019.gpuspec.0002.h5
HIP77975	https://bldata.berkeley.edu/pipeline/AGBT17A_999_73/holding/spliced_blc0001020304050607_guppi_57902_13098_HIP77975_0027.gpuspec.0002.h5
HIP78015	https://bldata.berkeley.edu/pipeline/AGBT17A_999_73/holding/spliced_blc0001020304050607_guppi_57902_13769_HIP78015_0029.gpuspec.0002.h5
HIP78028	https://bldata.berkeley.edu/pipeline/AGBT17A_999_82/holding/spliced_blc3031323334353637_guppi_57915_18681_HIP78028_0005.gpuspec.0002.h5
HIP78049	https://bldata.berkeley.edu/pipeline/AGBT17A_999_73/holding/spliced_blc0001020304050607_guppi_57902_16574_HIP78049_0037.gpuspec.0002.h5
HIP78102	https://bldata.berkeley.edu/pipeline/AGBT17A_999_82/holding/spliced_blc3031323334353637_guppi_57915_19391_HIP78102_0007.gpuspec.0002.h5
HIP78146	https://bldata.berkeley.edu/pipeline/AGBT16B_999_75/holding/spliced_blc0001020304050607_guppi_57715_66026_HIP78146_0012.gpuspec.0002.h5
HIP78192	https://bldata.berkeley.edu/pipeline/AGBT16B_999_75/holding/spliced_blc0001020304050607_guppi_57715_66741_HIP78192_0014.gpuspec.0002.h5
HIP78220	https://bldata.berkeley.edu/pipeline/AGBT16B_999_75/holding/spliced_blc0001020304050607_guppi_57715_67440_HIP78220_0016.gpuspec.0002.h5
HIP78257	https://bldata.berkeley.edu/pipeline/AGBT17A_999_73/holding/spliced_blc0001020304050607_guppi_57902_14454_HIP78257_0031.gpuspec.0002.h5
HIP78282	https://bldata.berkeley.edu/pipeline/AGBT17A_999_07/holding/spliced_blc0001020304050607_guppi_57802_44513_HIP78282_0046.gpuspec.0002.h5
HIP7830	https://bldata.berkeley.edu/pipeline/AGBT17A_999_70/holding/spliced_blc0001020304050607_guppi_57899_70962_HIP7830_0046.gpuspec.0002.h5
HIP78335	https://bldata.berkeley.edu/pipeline/AGBT16B_999_75/holding/spliced_blc0001020304050607_guppi_57715_68129_HIP78335_0018.gpuspec.0002.h5
HIP78344	https://bldata.berkeley.edu/pipeline/AGBT17A_999_95/holding/spliced_blc0001020304050607_guppi_57955_12515_HIP78344_0055.gpuspec.0002.h5
HIP78364	https://bldata.berkeley.edu/pipeline/AGBT17A_999_95/holding/spliced_blc0001020304050607_guppi_57955_14661_HIP78364_0061.gpuspec.0002.h5
HIP78383	https://bldata.berkeley.edu/pipeline/AGBT17A_999_95/holding/spliced_blc0001020304050607_guppi_57955_15341_HIP78383_0063.gpuspec.0002.h5
HIP78389	https://bldata.berkeley.edu/pipeline/AGBT17A_999_07/holding/spliced_blc0001020304050607_guppi_57802_45236_HIP78389_0048.gpuspec.0002.h5
HIP78409	https://bldata.berkeley.edu/pipeline/AGBT17A_999_07/holding/spliced_blc0001020304050607_guppi_57802_45955_HIP78409_0050.gpuspec.0002.h5
HIP78417	https://bldata.berkeley.edu/pipeline/AGBT16B_999_75/holding/spliced_blc0001020304050607_guppi_57715_68816_HIP78417_0020.gpuspec.0002.h5
HIP78448	https://bldata.berkeley.edu/pipeline/AGBT17A_999_95/holding/spliced_blc0001020304050607_guppi_57955_13213_HIP78448_0057.gpuspec.0002.h5
HIP7852	https://bldata.berkeley.edu/pipeline/AGBT17A_999_58/holding/spliced_blc3031323334353637_guppi_57873_55587_HIP7852_0009.gpuspec.0002.h5
HIP78559	https://bldata.berkeley.edu/pipeline/AGBT17A_999_07/holding/spliced_blc0001020304050607_guppi_57802_46717_HIP78559_0052.gpuspec.0002.h5
HIP78594	https://bldata.berkeley.edu/pipeline/AGBT17A_999_13/holding/spliced_blc0001020304050607_guppi_57809_41189_HIP78594_0046.gpuspec.0002.h5
HIP78620	https://bldata.berkeley.edu/pipeline/AGBT17A_999_13/holding/spliced_blc0001020304050607_guppi_57809_41872_HIP78620_0048.gpuspec.0002.h5
HIP78630	https://bldata.berkeley.edu/pipeline/AGBT16B_999_58/holding/spliced_blc0001020304050607_guppi_57692_70939_HIP78630_0052.gpuspec.0002.h5
HIP78656	https://bldata.berkeley.edu/bl_tess/s_band/spliced_blc7071727374757677_guppi_58814_27371_HIP78656_0076.gpuspec.0002.h5
HIP78679	https://bldata.berkeley.edu/pipeline/AGBT17A_999_07/holding/spliced_blc0001020304050607_guppi_57802_47433_HIP78679_0054.gpuspec.0002.h5
HIP78725	https://bldata.berkeley.edu/pipeline/AGBT17A_999_13/holding/spliced_blc0001020304050607_guppi_57809_43235_HIP78725_0052.gpuspec.0002.h5
HIP78737	https://bldata.berkeley.edu/pipeline/AGBT17A_999_07/holding/spliced_blc0001020304050607_guppi_57802_48151_HIP78737_0056.gpuspec.0002.h5
HIP78761	https://bldata.berkeley.edu/pipeline/AGBT16B_999_58/holding/spliced_blc0001020304050607_guppi_57692_71607_HIP78761_0054.gpuspec.0002.h5
HIP78812	https://bldata.berkeley.edu/pipeline/AGBT16B_999_62/holding/spliced_blc0001020304050607_guppi_57697_63671_HIP78812_0004.gpuspec.0002.h5
HIP78822	https://bldata.berkeley.edu/pipeline/AGBT17A_999_13/holding/spliced_blc0001020304050607_guppi_57809_42553_HIP78822_0050.gpuspec.0002.h5
HIP78856	https://bldata.berkeley.edu/pipeline/AGBT16B_999_62/holding/spliced_blc0001020304050607_guppi_57697_64367_HIP78856_0006.gpuspec.0002.h5
HIP78859	https://bldata.berkeley.edu/pipeline/AGBT16A_999_202/holding/spliced_blc0001020304050607_guppi_57533_20015_HIP78859_0003.gpuspec.0002.h5
HIP7889	https://bldata.berkeley.edu/pipeline/AGBT16B_999_98/holding/spliced_blc0001020304050607_guppi_57746_00656_HIP7889_0012.gpuspec.0002.h5
HIP78902	https://bldata.berkeley.edu/pipeline/AGBT17A_999_13/holding/spliced_blc0001020304050607_guppi_57809_43920_HIP78902_0054.gpuspec.0002.h5
HIP78903	https://bldata.berkeley.edu/pipeline/AGBT17A_999_82/holding/spliced_blc3031323334353637_guppi_57915_26493_HIP78903_0027.gpuspec.0002.h5
HIP78908	https://bldata.berkeley.edu/pipeline/AGBT16B_999_62/holding/spliced_blc0001020304050607_guppi_57697_65060_HIP78908_0008.gpuspec.0002.h5
HIP78931	https://bldata.berkeley.edu/pipeline/AGBT16A_999_202/holding/spliced_blc0001020304050607_guppi_57533_20694_HIP78931_0005.gpuspec.0002.h5
HIP78945	https://bldata.berkeley.edu/pipeline/AGBT17A_999_13/holding/spliced_blc0001020304050607_guppi_57809_44603_HIP78945_0056.gpuspec.0002.h5
HIP78980	https://bldata.berkeley.edu/pipeline/AGBT17A_999_82/holding/spliced_blc3031323334353637_guppi_57915_27174_HIP78980_0029.gpuspec.0002.h5
HIP78986	https://bldata.berkeley.edu/pipeline/AGBT17A_999_95/holding/spliced_blc0001020304050607_guppi_57955_13903_HIP78986_0059.gpuspec.0002.h5
HIP79007	https://bldata.berkeley.edu/pipeline/AGBT17A_999_82/holding/spliced_blc3031323334353637_guppi_57915_27855_HIP79007_0031.gpuspec.0002.h5
HIP79053	https://bldata.berkeley.edu/pipeline/AGBT16A_999_202/holding/spliced_blc0001020304050607_guppi_57533_21380_HIP79053_0007.gpuspec.0002.h5
HIP79062	https://bldata.berkeley.edu/pipeline/AGBT16B_999_62/holding/spliced_blc0001020304050607_guppi_57697_65774_HIP79062_0010.gpuspec.0002.h5
HIP79063	https://bldata.berkeley.edu/bl_tess/s_band/spliced_blc7071727374757677_guppi_58814_41540_HIP79063_0120.gpuspec.0002.h5
HIP79152	https://bldata.berkeley.edu/pipeline/AGBT16B_999_75/holding/spliced_blc0001020304050607_guppi_57715_69524_HIP79152_0022.gpuspec.0002.h5
HIP792	https://bldata.berkeley.edu/pipeline/AGBT16A_999_189/holding/spliced_blc0001020304050607_guppi_57522_63544_HIP792_0026.gpuspec.0002.h5
HIP79217	https://bldata.berkeley.edu/bl_tess/l_band/spliced_blc0001020304050607_guppi_58873_11670_HIP79217_0051.gpuspec.0002.h5
HIP79223	https://bldata.berkeley.edu/pipeline/AGBT16B_999_75/holding/spliced_blc0001020304050607_guppi_57715_70210_HIP79223_0024.gpuspec.0002.h5
HIP79228	https://bldata.berkeley.edu/pipeline/AGBT17A_999_30/holding/spliced_blc0001020304050607_guppi_57837_36583_HIP79228_0043.gpuspec.0002.h5
HIP79262	https://bldata.berkeley.edu/bl_tess/s_band/spliced_blc7071727374757677_guppi_58814_42183_HIP79262_0122.gpuspec.0002.h5
HIP79269	https://bldata.berkeley.edu/pipeline/AGBT16B_999_75/holding/spliced_blc0001020304050607_guppi_57715_70904_HIP79269_0026.gpuspec.0002.h5
HIP79304	https://bldata.berkeley.edu/pipeline/AGBT17A_999_13/holding/spliced_blc0001020304050607_guppi_57809_45289_HIP79304_0058.gpuspec.0002.h5
HIP79324	https://bldata.berkeley.edu/pipeline/AGBT17A_999_30/holding/spliced_blc0001020304050607_guppi_57837_37265_HIP79324_0045.gpuspec.0002.h5
HIP79339	https://bldata.berkeley.edu/pipeline/AGBT17A_999_30/holding/spliced_blc0001020304050607_guppi_57837_37947_HIP79339_0047.gpuspec.0002.h5
HIP79423	https://bldata.berkeley.edu/pipeline/AGBT16B_999_35/holding/spliced_blc0001020304050607_guppi_57664_75820_HIP79423_0016.gpuspec.0002.h5
HIP79425	https://bldata.berkeley.edu/pipeline/AGBT16B_999_62/holding/spliced_blc0001020304050607_guppi_57697_66440_HIP79425_0012.gpuspec.0002.h5
HIP79426	https://bldata.berkeley.edu/pipeline/AGBT16B_999_35/holding/spliced_blc0001020304050607_guppi_57664_76519_HIP79426_0018.gpuspec.0002.h5
HIP7946	https://bldata.berkeley.edu/pipeline/AGBT17A_999_71/holding/spliced_blc0001020304050607_guppi_57900_47928_HIP7946_0002.gpuspec.0002.h5
HIP79489	https://bldata.berkeley.edu/pipeline/AGBT16B_999_35/holding/spliced_blc0001020304050607_guppi_57664_77966_HIP79489_0022.gpuspec.0002.h5
HIP7949	https://bldata.berkeley.edu/pipeline/AGBT17A_999_63/holding/spliced_blc3031323334353637_guppi_57884_64493_HIP7949_0039.gpuspec.0002.h5
HIP79514	https://bldata.berkeley.edu/bl_tess/s_band/spliced_blc7071727374757677_guppi_58814_40898_HIP79514_0118.gpuspec.0002.h5
HIP79517	https://bldata.berkeley.edu/pipeline/AGBT16B_999_35/holding/spliced_blc0001020304050607_guppi_57664_78669_HIP79517_0024.gpuspec.0002.h5
HIP79521	https://bldata.berkeley.edu/pipeline/AGBT16B_999_35/holding/spliced_blc0001020304050607_guppi_57664_79369_HIP79521_0026.gpuspec.0002.h5
HIP79528	https://bldata.berkeley.edu/pipeline/AGBT17A_999_30/holding/spliced_blc0001020304050607_guppi_57837_38629_HIP79528_0049.gpuspec.0002.h5
HIP79545	https://bldata.berkeley.edu/pipeline/AGBT17A_999_30/holding/spliced_blc0001020304050607_guppi_57837_39314_HIP79545_0051.gpuspec.0002.h5
HIP79568	https://bldata.berkeley.edu/pipeline/AGBT17A_999_34/holding/spliced_blc0001020304050607_guppi_57841_32531_HIP79568_0040.gpuspec.0002.h5
HIP7960	https://bldata.berkeley.edu/pipeline/AGBT17A_999_71/holding/spliced_blc0001020304050607_guppi_57900_48608_HIP7960_0004.gpuspec.0002.h5
HIP79613	https://bldata.berkeley.edu/pipeline/AGBT16B_999_35/holding/spliced_blc0001020304050607_guppi_57664_77214_HIP79613_0020.gpuspec.0002.h5
HIP79626	https://bldata.berkeley.edu/pipeline/AGBT17A_999_34/holding/spliced_blc0001020304050607_guppi_57841_33224_HIP79626_0042.gpuspec.0002.h5
HIP7965	https://bldata.berkeley.edu/pipeline/AGBT16A_999_172/holding/spliced_blc0001020304050607_guppi_57511_64959_HIP7965_0015.gpuspec.0002.h5
HIP79662	https://bldata.berkeley.edu/pipeline/AGBT17A_999_34/holding/spliced_blc0001020304050607_guppi_57841_33918_HIP79662_0044.gpuspec.0002.h5
HIP79668	https://bldata.berkeley.edu/pipeline/AGBT17A_999_34/holding/spliced_blc0001020304050607_guppi_57841_34625_HIP79668_0046.gpuspec.0002.h5
HIP79749	https://bldata.berkeley.edu/pipeline/AGBT16B_999_106/holding/spliced_blc0001020304050607_guppi_57753_50957_HIP79749_0004.gpuspec.0002.h5
HIP79768	https://bldata.berkeley.edu/pipeline/AGBT17A_999_30/holding/spliced_blc0001020304050607_guppi_57837_39997_HIP79768_0053.gpuspec.0002.h5
HIP79826	https://bldata.berkeley.edu/pipeline/AGBT16B_999_62/holding/spliced_blc0001020304050607_guppi_57697_67116_HIP79826_0014.gpuspec.0002.h5
HIP79863	https://bldata.berkeley.edu/pipeline/AGBT16B_999_62/holding/spliced_blc0001020304050607_guppi_57697_67831_HIP79863_0016.gpuspec.0002.h5
HIP79885	https://bldata.berkeley.edu/pipeline/AGBT17A_999_34/holding/spliced_blc0001020304050607_guppi_57841_35332_HIP79885_0048.gpuspec.0002.h5
HIP79911	https://bldata.berkeley.edu/pipeline/AGBT17A_999_34/holding/spliced_blc0001020304050607_guppi_57841_36037_HIP79911_0050.gpuspec.0002.h5
HIP79928	https://bldata.berkeley.edu/pipeline/AGBT16B_999_106/holding/spliced_blc0001020304050607_guppi_57753_51631_HIP79928_0006.gpuspec.0002.h5
HIP79971	https://bldata.berkeley.edu/bl_tess/c_band/spliced_blc10111213141516o7o0212223242526o7o0313233343536o7o051525354555657_guppi_58860_58996_HIP79971_0073.gpuspec.0002.h5
HIP79981	https://bldata.berkeley.edu/pipeline/AGBT16B_999_58/holding/spliced_blc0001020304050607_guppi_57692_72280_HIP79981_0056.gpuspec.0002.h5
HIP80034	https://bldata.berkeley.edu/bl_tess/c_band/spliced_blc40414243444546o7o0515253545556o7o0616263646566o7o071727374757677_guppi_58803_18902_HIP80034_0045.gpuspec.0002.h5
HIP8006	https://bldata.berkeley.edu/pipeline/AGBT17A_999_63/holding/spliced_blc3031323334353637_guppi_57884_65831_HIP8006_0043.gpuspec.0002.h5
HIP80099	https://bldata.berkeley.edu/bl_tess/c_band/spliced_blc10111213141516o7o0212223242526o7o0313233343536o7o051525354555657_guppi_58860_60279_HIP80099_0077.gpuspec.0002.h5
HIP80184	https://bldata.berkeley.edu/pipeline/AGBT17A_999_34/holding/spliced_blc0001020304050607_guppi_57841_37470_HIP80184_0054.gpuspec.0002.h5
HIP80192	https://bldata.berkeley.edu/bl_tess/c_band/spliced_blc40414243444546o7o0515253545556o7o0616263646566o7o071727374757677_guppi_58803_19531_HIP80192_0047.gpuspec.0002.h5
HIP80243	https://bldata.berkeley.edu/bl_tess/s_band/spliced_blc0001020304050607_guppi_58819_74105_HIP80243_0099.gpuspec.0002.h5
HIP80261	https://bldata.berkeley.edu/pipeline/AGBT17A_999_34/holding/spliced_blc0001020304050607_guppi_57841_38159_HIP80261_0056.gpuspec.0002.h5
HIP80293	https://bldata.berkeley.edu/pipeline/AGBT17A_999_52/holding/spliced_blc0001020304050607_guppi_57868_26268_HIP80293_0039.gpuspec.0002.h5
HIP80340	https://bldata.berkeley.edu/pipeline/AGBT16B_999_106/holding/spliced_blc0001020304050607_guppi_57753_52299_HIP80340_0008.gpuspec.0002.h5
HIP80356	https://bldata.berkeley.edu/pipeline/AGBT17A_999_73/holding/spliced_blc0001020304050607_guppi_57902_18910_HIP80356_0042.gpuspec.0002.h5
HIP80396	https://bldata.berkeley.edu/pipeline/AGBT17A_999_73/holding/spliced_blc0001020304050607_guppi_57902_19577_HIP80396_0044.gpuspec.0002.h5
HIP80453	https://bldata.berkeley.edu/bl_tess/s_band/spliced_blc0001020304050607_guppi_58812_02565_HIP80453_0134.gpuspec.0002.h5
HIP8047	https://bldata.berkeley.edu/pipeline/AGBT17A_999_58/holding/spliced_blc3031323334353637_guppi_57873_56251_HIP8047_0011.gpuspec.0002.h5
HIP80522	https://bldata.berkeley.edu/pipeline/AGBT17A_999_52/holding/spliced_blc0001020304050607_guppi_57868_26951_HIP80522_0041.gpuspec.0002.h5
HIP80527	https://bldata.berkeley.edu/pipeline/AGBT17A_999_52/holding/spliced_blc0001020304050607_guppi_57868_27633_HIP80527_0043.gpuspec.0002.h5
HIP80530	https://bldata.berkeley.edu/pipeline/AGBT16B_999_62/holding/spliced_blc0001020304050607_guppi_57697_68497_HIP80530_0018.gpuspec.0002.h5
HIP80571	https://bldata.berkeley.edu/pipeline/AGBT16A_999_175/holding/spliced_blc0001020304050607_guppi_57513_35279_HIP80571_0022.gpuspec.0002.h5
HIP8062	https://bldata.berkeley.edu/pipeline/AGBT16A_999_172/holding/spliced_blc0001020304050607_guppi_57511_65625_HIP8062_0017.gpuspec.0002.h5
HIP80631	https://bldata.berkeley.edu/bl_tess/c_band/spliced_blc10111213141516o7o0212223242526o7o0313233343536o7o051525354555657_guppi_58860_57683_HIP80631_0069.gpuspec.0002.h5
HIP80691	https://bldata.berkeley.edu/pipeline/AGBT16A_999_175/holding/spliced_blc0001020304050607_guppi_57513_35958_HIP80691_0024.gpuspec.0002.h5
HIP80738	https://bldata.berkeley.edu/pipeline/AGBT16B_999_62/holding/spliced_blc0001020304050607_guppi_57697_69168_HIP80738_0020.gpuspec.0002.h5
HIP80781	https://bldata.berkeley.edu/bl_tess/c_band/spliced_blc10111213141516o7o0212223242526o7o0313233343536o7o051525354555657_guppi_58860_58317_HIP80781_0071.gpuspec.0002.h5
HIP80801	https://bldata.berkeley.edu/pipeline/AGBT16B_999_10/holding/spliced_blc0001020304050607_guppi_57619_04585_Hip80801_0023.gpuspec.0002.h5
HIP80803	https://bldata.berkeley.edu/pipeline/AGBT16A_999_175/holding/spliced_blc0001020304050607_guppi_57513_36627_HIP80803_0026.gpuspec.0002.h5
HIP80807	https://bldata.berkeley.edu/pipeline/AGBT17A_999_82/holding/spliced_blc3031323334353637_guppi_57915_28577_HIP80807_0033.gpuspec.0002.h5
HIP80812	https://bldata.berkeley.edu/pipeline/AGBT16B_999_10/holding/spliced_blc0001020304050607_guppi_57619_05287_Hip80812_0025.gpuspec.0002.h5
HIP80827	https://bldata.berkeley.edu/pipeline/AGBT16B_999_10/holding/spliced_blc0001020304050607_guppi_57619_02367_Hip80827_0017.gpuspec.0002.h5
HIP80902	https://bldata.berkeley.edu/bl_tess/s_band/spliced_blc7071727374757677_guppi_58814_28635_HIP80902_0080.gpuspec.0002.h5
HIP8092	https://bldata.berkeley.edu/pipeline/AGBT16B_999_98/holding/spliced_blc0001020304050607_guppi_57746_02797_HIP8092_0018.gpuspec.0002.h5
HIP80927	https://bldata.berkeley.edu/pipeline/AGBT17A_999_82/holding/spliced_blc3031323334353637_guppi_57915_29255_HIP80927_0035.gpuspec.0002.h5
HIP80946	https://bldata.berkeley.edu/pipeline/AGBT16B_999_10/holding/spliced_blc0001020304050607_guppi_57619_00152_Hip80946_0011.gpuspec.0002.h5
HIP80953	https://bldata.berkeley.edu/pipeline/AGBT16B_999_10/holding/spliced_blc0001020304050607_guppi_57619_05986_Hip80953_0027.gpuspec.0002.h5
HIP80958	https://bldata.berkeley.edu/pipeline/AGBT17A_999_45/holding/spliced_blc0001020304050607_guppi_57860_27817_HIP80958_0039.gpuspec.0002.h5
HIP8096	https://bldata.berkeley.edu/pipeline/AGBT17A_999_71/holding/spliced_blc0001020304050607_guppi_57900_49290_HIP8096_0006.gpuspec.0002.h5
HIP81048	https://bldata.berkeley.edu/pipeline/AGBT16A_999_195/holding/spliced_blc0001020304050607_guppi_57526_22646_HIP81048_0004.gpuspec.0002.h5
HIP81052	https://bldata.berkeley.edu/pipeline/AGBT17A_999_45/holding/spliced_blc0001020304050607_guppi_57860_28514_HIP81052_0041.gpuspec.0002.h5
HIP81116	https://bldata.berkeley.edu/pipeline/AGBT17A_999_82/holding/spliced_blc3031323334353637_guppi_57915_29934_HIP81116_0037.gpuspec.0002.h5
HIP81126	https://bldata.berkeley.edu/pipeline/AGBT16B_999_10/holding/spliced_blc0001020304050607_guppi_57619_03117_Hip81126_0019.gpuspec.0002.h5
HIP81147	https://bldata.berkeley.edu/pipeline/AGBT16A_999_195/holding/spliced_blc0001020304050607_guppi_57526_24164_HIP81147_0008.gpuspec.0002.h5
HIP81210	https://bldata.berkeley.edu/pipeline/AGBT17A_999_45/holding/spliced_blc0001020304050607_guppi_57860_29208_HIP81210_0043.gpuspec.0002.h5
HIP81250	https://bldata.berkeley.edu/pipeline/AGBT16B_999_10/holding/spliced_blc0001020304050607_guppi_57619_03852_Hip81250_0021.gpuspec.0002.h5
HIP81270	https://bldata.berkeley.edu/bl_tess/l_band/spliced_blc0001020304050607_guppi_58873_11028_HIP81270_0049.gpuspec.0002.h5
HIP81298	https://bldata.berkeley.edu/pipeline/AGBT17A_999_45/holding/spliced_blc0001020304050607_guppi_57860_30005_HIP81298_0045.gpuspec.0002.h5
HIP81328	https://bldata.berkeley.edu/pipeline/AGBT16B_999_10/holding/spliced_blc0001020304050607_guppi_57619_08877_Hip81328_0035.gpuspec.0002.h5
HIP81332	https://bldata.berkeley.edu/pipeline/AGBT16B_999_10/holding/spliced_blc0001020304050607_guppi_57619_00838_Hip81332_0013.gpuspec.0002.h5
HIP81363	https://bldata.berkeley.edu/pipeline/AGBT16B_999_10/holding/spliced_blc0001020304050607_guppi_57619_01520_Hip81363_0015.gpuspec.0002.h5
HIP8144	https://bldata.berkeley.edu/pipeline/AGBT16B_999_98/holding/spliced_blc0001020304050607_guppi_57746_03477_HIP8144_0020.gpuspec.0002.h5
HIP8146	https://bldata.berkeley.edu/pipeline/AGBT16B_999_98/holding/spliced_blc0001020304050607_guppi_57746_01334_HIP8146_0014.gpuspec.0002.h5
HIP81515	https://bldata.berkeley.edu/pipeline/AGBT17A_999_45/holding/spliced_blc0001020304050607_guppi_57860_30713_HIP81515_0047.gpuspec.0002.h5
HIP81519	https://bldata.berkeley.edu/bl_tess/c_band/spliced_blc10111213141516o7o0212223242526o7o0313233343536o7o051525354555657_guppi_58860_57045_HIP81519_0067.gpuspec.0002.h5
HIP81534	https://bldata.berkeley.edu/pipeline/AGBT17A_999_45/holding/spliced_blc0001020304050607_guppi_57860_31419_HIP81534_0049.gpuspec.0002.h5
HIP81578	https://bldata.berkeley.edu/pipeline/AGBT17A_999_45/holding/spliced_blc0001020304050607_guppi_57860_32195_HIP81578_0051.gpuspec.0002.h5
HIP81593	https://bldata.berkeley.edu/bl_tess/c_band/spliced_blc10111213141516o7o0212223242526o7o0313233343536o7o051525354555657_guppi_58860_55726_HIP81593_0063.gpuspec.0002.h5
HIP81612	https://bldata.berkeley.edu/pipeline/AGBT16B_999_10/holding/spliced_blc0001020304050607_guppi_57619_06722_Hip81612_0029.gpuspec.0002.h5
HIP81627	https://bldata.berkeley.edu/bl_tess/c_band/spliced_blc10111213141516o7o0212223242526o7o0313233343536o7o051525354555657_guppi_58860_59638_HIP81627_0075.gpuspec.0002.h5
HIP81656	https://bldata.berkeley.edu/pipeline/AGBT16B_999_10/holding/spliced_blc0001020304050607_guppi_57619_07409_Hip81656_0031.gpuspec.0002.h5
HIP81662	https://bldata.berkeley.edu/pipeline/AGBT17B_999_36/holding/spliced_blc1011121314151617_guppi_58018_80641_HIP81662_0017.gpuspec.0002.h5
HIP81677	https://bldata.berkeley.edu/pipeline/AGBT17A_999_45/holding/spliced_blc0001020304050607_guppi_57860_32936_HIP81677_0053.gpuspec.0002.h5
HIP81681	https://bldata.berkeley.edu/pipeline/AGBT16A_999_195/holding/spliced_blc0001020304050607_guppi_57526_24923_HIP81681_0010.gpuspec.0002.h5
HIP81716	https://bldata.berkeley.edu/pipeline/AGBT16A_999_195/holding/spliced_blc0001020304050607_guppi_57526_25603_HIP81716_0012.gpuspec.0002.h5
HIP81718	https://bldata.berkeley.edu/pipeline/AGBT16B_999_10/holding/spliced_blc0001020304050607_guppi_57619_09582_Hip81718_0037.gpuspec.0002.h5
HIP81732	https://bldata.berkeley.edu/pipeline/AGBT17A_999_45/holding/spliced_blc0001020304050607_guppi_57860_33666_HIP81732_0055.gpuspec.0002.h5
HIP81742	https://bldata.berkeley.edu/pipeline/AGBT16A_999_195/holding/spliced_blc0001020304050607_guppi_57526_26281_HIP81742_0014.gpuspec.0002.h5
HIP81768	https://bldata.berkeley.edu/pipeline/AGBT17A_999_52/holding/spliced_blc0001020304050607_guppi_57868_29012_HIP81768_0047.gpuspec.0002.h5
HIP81770	https://bldata.berkeley.edu/pipeline/AGBT17A_999_52/holding/spliced_blc0001020304050607_guppi_57868_29695_HIP81770_0049.gpuspec.0002.h5
HIP81774	https://bldata.berkeley.edu/pipeline/AGBT16B_999_77/holding/spliced_blc0001020304050607_guppi_57719_62999_HIP81774_0014.gpuspec.0002.h5
HIP81799	https://bldata.berkeley.edu/pipeline/AGBT17B_999_36/holding/spliced_blc1011121314151617_guppi_58018_81334_HIP81799_0019.gpuspec.0002.h5
HIP81831	https://bldata.berkeley.edu/pipeline/AGBT17B_999_36/holding/spliced_blc1011121314151617_guppi_58018_82020_HIP81831_0021.gpuspec.0002.h5
HIP81862	https://bldata.berkeley.edu/pipeline/AGBT16B_999_10/holding/spliced_blc0001020304050607_guppi_57619_08103_Hip81862_0033.gpuspec.0002.h5
HIP81872	https://bldata.berkeley.edu/bl_tess/l_band/spliced_blc4041424344454647_guppi_58844_24040_HIP81872_0069.gpuspec.0002.h5
HIP81895	https://bldata.berkeley.edu/pipeline/AGBT16B_999_41/holding/spliced_blc0001020304050607_guppi_57670_69919_HIP81895_0004.gpuspec.0002.h5
HIP81911	https://bldata.berkeley.edu/pipeline/AGBT17B_999_36/holding/spliced_blc1011121314151617_guppi_58018_82743_HIP81911_0023.gpuspec.0002.h5
HIP81927	https://bldata.berkeley.edu/pipeline/AGBT17A_999_52/holding/spliced_blc0001020304050607_guppi_57868_32525_HIP81927_0057.gpuspec.0002.h5
HIP8194	https://bldata.berkeley.edu/pipeline/AGBT16B_999_105/holding/spliced_blc0001020304050607_guppi_57753_03300_HIP8194_0050.gpuspec.0002.h5
HIP81940	https://bldata.berkeley.edu/bl_tess/s_band/spliced_blc0001020304050607_guppi_58819_73466_HIP81940_0097.gpuspec.0002.h5
HIP81952	https://bldata.berkeley.edu/pipeline/AGBT16A_999_195/holding/spliced_blc0001020304050607_guppi_57526_26971_HIP81952_0016.gpuspec.0002.h5
HIP81959	https://bldata.berkeley.edu/pipeline/AGBT16B_999_41/holding/spliced_blc0001020304050607_guppi_57670_70654_HIP81959_0006.gpuspec.0002.h5
HIP81971	https://bldata.berkeley.edu/pipeline/AGBT17B_999_36/holding/spliced_blc1011121314151617_guppi_58018_84895_HIP81971_0029.gpuspec.0002.h5
HIP81999	https://bldata.berkeley.edu/pipeline/AGBT16A_999_195/holding/spliced_blc0001020304050607_guppi_57526_27647_HIP81999_0018.gpuspec.0002.h5
HIP82042	https://bldata.berkeley.edu/pipeline/AGBT17B_999_36/holding/spliced_blc1011121314151617_guppi_58018_83447_HIP82042_0025.gpuspec.0002.h5
HIP82043	https://bldata.berkeley.edu/pipeline/AGBT17A_999_52/holding/spliced_blc0001020304050607_guppi_57868_33234_HIP82043_0059.gpuspec.0002.h5
HIP82056	https://bldata.berkeley.edu/pipeline/AGBT16B_999_35/holding/spliced_blc0001020304050607_guppi_57664_80802_HIP82056_0030.gpuspec.0002.h5
HIP82092	https://bldata.berkeley.edu/pipeline/AGBT16B_999_41/holding/spliced_blc0001020304050607_guppi_57670_71390_HIP82092_0008.gpuspec.0002.h5
HIP82093	https://bldata.berkeley.edu/pipeline/AGBT17B_999_36/holding/spliced_blc1011121314151617_guppi_58018_84141_HIP82093_0027.gpuspec.0002.h5
HIP82104	https://bldata.berkeley.edu/pipeline/AGBT16A_999_168/holding/spliced_blc0001020304050607_guppi_57509_27436_HIP82104_0004.gpuspec.0002.h5
HIP82133	https://bldata.berkeley.edu/pipeline/AGBT17B_999_36/holding/spliced_blc1011121314151617_guppi_58018_85564_HIP82133_0031.gpuspec.0002.h5
HIP82137	https://bldata.berkeley.edu/bl_tess/c_band/spliced_blc10111213141516o7o0212223242526o7o0313233343536o7o051525354555657_guppi_58860_55095_HIP82137_0061.gpuspec.0002.h5
HIP82142	https://bldata.berkeley.edu/pipeline/AGBT17B_999_36/holding/spliced_blc1011121314151617_guppi_58018_86230_HIP82142_0033.gpuspec.0002.h5
HIP82183	https://bldata.berkeley.edu/pipeline/AGBT16A_999_195/holding/spliced_blc0001020304050607_guppi_57526_28320_HIP82183_0020.gpuspec.0002.h5
HIP82185	https://bldata.berkeley.edu/pipeline/AGBT16A_999_175/holding/spliced_blc0001020304050607_guppi_57513_30994_HIP82185_0010.gpuspec.0002.h5
HIP82225	https://bldata.berkeley.edu/pipeline/AGBT16A_999_168/holding/spliced_blc0001020304050607_guppi_57509_28119_HIP82225_0006.gpuspec.0002.h5
HIP82240	https://bldata.berkeley.edu/pipeline/AGBT16A_999_175/holding/spliced_blc0001020304050607_guppi_57513_31698_HIP82240_0012.gpuspec.0002.h5
HIP82305	https://bldata.berkeley.edu/pipeline/AGBT17A_999_59/holding/spliced_blc3031323334353637_guppi_57876_25028_HIP82305_0041.gpuspec.0002.h5
HIP82354	https://bldata.berkeley.edu/pipeline/AGBT16A_999_175/holding/spliced_blc0001020304050607_guppi_57513_32398_HIP82354_0014.gpuspec.0002.h5
HIP82402	https://bldata.berkeley.edu/pipeline/AGBT16A_999_168/holding/spliced_blc0001020304050607_guppi_57509_28793_HIP82402_0008.gpuspec.0002.h5
HIP82415	https://bldata.berkeley.edu/pipeline/AGBT17A_999_59/holding/spliced_blc3031323334353637_guppi_57876_25705_HIP82415_0043.gpuspec.0002.h5
HIP82421	https://bldata.berkeley.edu/pipeline/AGBT16B_999_41/holding/spliced_blc0001020304050607_guppi_57670_76025_HIP82421_0007.gpuspec.0002.h5
HIP82468	https://bldata.berkeley.edu/pipeline/AGBT17A_999_59/holding/spliced_blc3031323334353637_guppi_57876_30641_HIP82468_0057.gpuspec.0002.h5
HIP8247	https://bldata.berkeley.edu/pipeline/AGBT17A_999_71/holding/spliced_blc0001020304050607_guppi_57900_50002_HIP8247_0008.gpuspec.0002.h5
HIP82518	https://bldata.berkeley.edu/pipeline/AGBT16B_999_35/holding/spliced_blc0001020304050607_guppi_57664_81493_HIP82518_0032.gpuspec.0002.h5
HIP82527	https://bldata.berkeley.edu/pipeline/AGBT17A_999_59/holding/spliced_blc3031323334353637_guppi_57876_26501_HIP82527_0045.gpuspec.0002.h5
HIP82552	https://bldata.berkeley.edu/pipeline/AGBT16B_999_41/holding/spliced_blc0001020304050607_guppi_57670_76701_HIP82552_0009.gpuspec.0002.h5
HIP82575	https://bldata.berkeley.edu/pipeline/AGBT16B_999_41/holding/spliced_blc0001020304050607_guppi_57670_78068_HIP82575_0013.gpuspec.0002.h5
HIP82586	https://bldata.berkeley.edu/pipeline/AGBT17B_999_36/holding/spliced_blc1011121314151617_guppi_58019_02531_HIP82586_0041.gpuspec.0002.h5
HIP82626	https://bldata.berkeley.edu/pipeline/AGBT16A_999_168/holding/spliced_blc0001020304050607_guppi_57509_29496_HIP82626_0010.gpuspec.0002.h5
HIP82629	https://bldata.berkeley.edu/pipeline/AGBT16A_999_168/holding/spliced_blc0001020304050607_guppi_57509_33559_HIP82629_0022.gpuspec.0002.h5
HIP82635	https://bldata.berkeley.edu/pipeline/AGBT16A_999_168/holding/spliced_blc0001020304050607_guppi_57509_30174_HIP82635_0012.gpuspec.0002.h5
HIP82655	https://bldata.berkeley.edu/pipeline/AGBT16B_999_41/holding/spliced_blc0001020304050607_guppi_57670_77377_HIP82655_0011.gpuspec.0002.h5
HIP82693	https://bldata.berkeley.edu/pipeline/AGBT16A_999_168/holding/spliced_blc0001020304050607_guppi_57509_34233_HIP82693_0024.gpuspec.0002.h5
HIP82694	https://bldata.berkeley.edu/pipeline/AGBT17B_999_36/holding/spliced_blc1011121314151617_guppi_58019_03196_HIP82694_0043.gpuspec.0002.h5
HIP82759	https://bldata.berkeley.edu/pipeline/AGBT16B_999_41/holding/spliced_blc0001020304050607_guppi_57670_78738_HIP82759_0015.gpuspec.0002.h5
HIP82796	https://bldata.berkeley.edu/bl_tess/c_band/spliced_blc10111213141516o7o0212223242526o7o0313233343536o7o051525354555657_guppi_58860_53811_HIP82796_0057.gpuspec.0002.h5
HIP82805	https://bldata.berkeley.edu/bl_tess/c_band/spliced_blc10111213141516o7o0212223242526o7o0313233343536o7o051525354555657_guppi_58860_54451_HIP82805_0059.gpuspec.0002.h5
HIP82814	https://bldata.berkeley.edu/pipeline/AGBT17A_999_55/holding/spliced_blc0001020304050607_guppi_57871_34832_HIP82814_0004.gpuspec.0002.h5
HIP82830	https://bldata.berkeley.edu/pipeline/AGBT17A_999_55/holding/spliced_blc0001020304050607_guppi_57871_35525_HIP82830_0006.gpuspec.0002.h5
HIP82854	https://bldata.berkeley.edu/pipeline/AGBT17A_999_52/holding/spliced_blc0001020304050607_guppi_57868_31745_HIP82854_0055.gpuspec.0002.h5
HIP82880	https://bldata.berkeley.edu/pipeline/AGBT18B_999_70/holding/spliced_blc0001020304050607_guppi_58452_60796_HIP82880_0035.gpuspec.0002.h5
HIP82898	https://bldata.berkeley.edu/bl_tess/s_band/spliced_blc0001020304050607_guppi_58819_75393_HIP82898_0103.gpuspec.0002.h5
HIP82910	https://bldata.berkeley.edu/pipeline/AGBT16B_999_41/holding/spliced_blc0001020304050607_guppi_57670_79409_HIP82910_0017.gpuspec.0002.h5
HIP82913	https://bldata.berkeley.edu/pipeline/AGBT16A_999_168/holding/spliced_blc0001020304050607_guppi_57509_34912_HIP82913_0026.gpuspec.0002.h5
HIP82939	https://bldata.berkeley.edu/pipeline/AGBT16B_999_45/holding/spliced_blc0001020304050607_guppi_57676_71165_HIP82939_0010.gpuspec.0002.h5
HIP82963	https://bldata.berkeley.edu/pipeline/AGBT17A_999_55/holding/spliced_blc0001020304050607_guppi_57871_36213_HIP82963_0008.gpuspec.0002.h5
HIP82999	https://bldata.berkeley.edu/pipeline/AGBT16A_999_168/holding/spliced_blc0001020304050607_guppi_57509_30852_HIP82999_0014.gpuspec.0002.h5
HIP83027	https://bldata.berkeley.edu/pipeline/AGBT17A_999_82/holding/spliced_blc3031323334353637_guppi_57915_31354_HIP83027_0041.gpuspec.0002.h5
HIP83056	https://bldata.berkeley.edu/pipeline/AGBT17A_999_55/holding/spliced_blc0001020304050607_guppi_57871_41078_HIP83056_0022.gpuspec.0002.h5
HIP83084	https://bldata.berkeley.edu/bl_tess/c_band/spliced_blc10111213141516o7o0212223242526o7o0313233343536o7o051525354555657_guppi_58860_53166_HIP83084_0055.gpuspec.0002.h5
HIP83093	https://bldata.berkeley.edu/pipeline/AGBT17A_999_82/holding/spliced_blc3031323334353637_guppi_57915_32028_HIP83093_0043.gpuspec.0002.h5
HIP8311	https://bldata.berkeley.edu/pipeline/AGBT17A_999_71/holding/spliced_blc0001020304050607_guppi_57900_50675_HIP8311_0010.gpuspec.0002.h5
HIP83145	https://bldata.berkeley.edu/pipeline/AGBT17B_999_36/holding/spliced_blc1011121314151617_guppi_58019_01839_HIP83145_0039.gpuspec.0002.h5
HIP83171	https://bldata.berkeley.edu/pipeline/AGBT16B_999_77/holding/spliced_blc0001020304050607_guppi_57719_65788_HIP83171_0022.gpuspec.0002.h5
HIP83210	https://bldata.berkeley.edu/pipeline/AGBT16B_999_77/holding/spliced_blc0001020304050607_guppi_57719_66469_HIP83210_0024.gpuspec.0002.h5
HIP83222	https://bldata.berkeley.edu/pipeline/AGBT16B_999_77/holding/spliced_blc0001020304050607_guppi_57719_67160_HIP83222_0026.gpuspec.0002.h5
HIP83265	https://bldata.berkeley.edu/pipeline/AGBT16B_999_45/holding/spliced_blc0001020304050607_guppi_57676_71883_HIP83265_0012.gpuspec.0002.h5
HIP83270	https://bldata.berkeley.edu/pipeline/AGBT17A_999_55/holding/spliced_blc0001020304050607_guppi_57871_41766_HIP83270_0024.gpuspec.0002.h5
HIP83274	https://bldata.berkeley.edu/pipeline/AGBT17A_999_55/holding/spliced_blc0001020304050607_guppi_57871_43128_HIP83274_0028.gpuspec.0002.h5
HIP83276	https://bldata.berkeley.edu/pipeline/AGBT17A_999_55/holding/spliced_blc0001020304050607_guppi_57871_36971_HIP83276_0010.gpuspec.0002.h5
HIP83335	https://bldata.berkeley.edu/pipeline/AGBT17A_999_55/holding/spliced_blc0001020304050607_guppi_57871_37645_HIP83335_0012.gpuspec.0002.h5
HIP83386	https://bldata.berkeley.edu/pipeline/AGBT16B_999_78/holding/spliced_blc0001020304050607_guppi_57720_60927_HIP83386_0010.gpuspec.0002.h5
HIP83388	https://bldata.berkeley.edu/pipeline/AGBT17A_999_55/holding/spliced_blc0001020304050607_guppi_57871_45202_HIP83388_0034.gpuspec.0002.h5
HIP83398	https://bldata.berkeley.edu/pipeline/AGBT16B_999_78/holding/spliced_blc0001020304050607_guppi_57720_61654_HIP83398_0012.gpuspec.0002.h5
HIP83400	https://bldata.berkeley.edu/pipeline/AGBT17A_999_55/holding/spliced_blc0001020304050607_guppi_57871_38320_HIP83400_0014.gpuspec.0002.h5
HIP83401	https://bldata.berkeley.edu/bl_tess/l_band/spliced_blc4041424344454647_guppi_58844_24685_HIP83401_0071.gpuspec.0002.h5
HIP83449	https://bldata.berkeley.edu/pipeline/AGBT17A_999_55/holding/spliced_blc0001020304050607_guppi_57871_43811_HIP83449_0030.gpuspec.0002.h5
HIP83467	https://bldata.berkeley.edu/pipeline/AGBT16B_999_45/holding/spliced_blc0001020304050607_guppi_57676_72595_HIP83467_0014.gpuspec.0002.h5
HIP83480	https://bldata.berkeley.edu/pipeline/AGBT17A_999_55/holding/spliced_blc0001020304050607_guppi_57871_39016_HIP83480_0016.gpuspec.0002.h5
HIP83490	https://bldata.berkeley.edu/pipeline/AGBT17A_999_55/holding/spliced_blc0001020304050607_guppi_57871_42445_HIP83490_0026.gpuspec.0002.h5
HIP83549	https://bldata.berkeley.edu/pipeline/AGBT17A_999_55/holding/spliced_blc0001020304050607_guppi_57871_44492_HIP83549_0032.gpuspec.0002.h5
HIP83593	https://bldata.berkeley.edu/pipeline/AGBT16B_999_78/holding/spliced_blc0001020304050607_guppi_57720_62381_HIP83593_0014.gpuspec.0002.h5
HIP83620	https://bldata.berkeley.edu/pipeline/AGBT16A_999_195/holding/spliced_blc0001020304050607_guppi_57526_29037_HIP83620_0022.gpuspec.0002.h5
HIP83634	https://bldata.berkeley.edu/pipeline/AGBT17A_999_55/holding/spliced_blc0001020304050607_guppi_57871_45880_HIP83634_0036.gpuspec.0002.h5
HIP83645	https://bldata.berkeley.edu/pipeline/AGBT16B_999_45/holding/spliced_blc0001020304050607_guppi_57676_76104_HIP83645_0024.gpuspec.0002.h5
HIP83648	https://bldata.berkeley.edu/pipeline/AGBT16B_999_45/holding/spliced_blc0001020304050607_guppi_57676_76804_HIP83648_0026.gpuspec.0002.h5
HIP83673	https://bldata.berkeley.edu/pipeline/AGBT16B_999_45/holding/spliced_blc0001020304050607_guppi_57676_68958_HIP83673_0004.gpuspec.0002.h5
HIP83716	https://bldata.berkeley.edu/pipeline/AGBT17A_999_55/holding/spliced_blc0001020304050607_guppi_57871_40364_HIP83716_0020.gpuspec.0002.h5
HIP83744	https://bldata.berkeley.edu/pipeline/AGBT16A_999_195/holding/spliced_blc0001020304050607_guppi_57526_30399_HIP83744_0026.gpuspec.0002.h5
HIP83763	https://bldata.berkeley.edu/pipeline/AGBT16B_999_45/holding/spliced_blc0001020304050607_guppi_57676_69683_HIP83763_0006.gpuspec.0002.h5
HIP83799	https://bldata.berkeley.edu/bl_tess/l_band/spliced_blc4041424344454647_guppi_58844_25322_HIP83799_0073.gpuspec.0002.h5
HIP83831	https://bldata.berkeley.edu/pipeline/AGBT17A_999_55/holding/spliced_blc0001020304050607_guppi_57871_46557_HIP83831_0038.gpuspec.0002.h5
HIP83884	https://bldata.berkeley.edu/pipeline/AGBT18B_999_70/holding/spliced_blc0001020304050607_guppi_58452_61455_HIP83884_0037.gpuspec.0002.h5
HIP83895	https://bldata.berkeley.edu/pipeline/AGBT16B_999_45/holding/spliced_blc0001020304050607_guppi_57676_73291_HIP83895_0016.gpuspec.0002.h5
HIP83914	https://bldata.berkeley.edu/pipeline/AGBT18B_999_70/holding/spliced_blc0001020304050607_guppi_58452_62116_HIP83914_0039.gpuspec.0002.h5
HIP83946	https://bldata.berkeley.edu/pipeline/AGBT17A_999_68/holding/spliced_blc2021222324252627_guppi_57898_25715_HIP83946_0039.gpuspec.0002.h5
HIP84047	https://bldata.berkeley.edu/pipeline/AGBT16B_999_45/holding/spliced_blc0001020304050607_guppi_57676_73981_HIP84047_0018.gpuspec.0002.h5
HIP84068	https://bldata.berkeley.edu/pipeline/AGBT17A_999_68/holding/spliced_blc2021222324252627_guppi_57898_26420_HIP84068_0041.gpuspec.0002.h5
HIP84088	https://bldata.berkeley.edu/pipeline/AGBT16B_999_45/holding/spliced_blc0001020304050607_guppi_57676_77525_HIP84088_0028.gpuspec.0002.h5
HIP84110	https://bldata.berkeley.edu/pipeline/AGBT16A_999_173/holding/spliced_blc0001020304050607_guppi_57512_28197_HIP84110_0004.gpuspec.0002.h5
HIP84122	https://bldata.berkeley.edu/pipeline/AGBT16A_999_173/holding/spliced_blc0001020304050607_guppi_57512_28878_HIP84122_0006.gpuspec.0002.h5
HIP84146	https://bldata.berkeley.edu/pipeline/AGBT16A_999_173/holding/spliced_blc0001020304050607_guppi_57512_30305_HIP84146_0010.gpuspec.0002.h5
HIP84153	https://bldata.berkeley.edu/pipeline/AGBT16A_999_173/holding/spliced_blc0001020304050607_guppi_57512_30999_HIP84153_0012.gpuspec.0002.h5
HIP84166	https://bldata.berkeley.edu/pipeline/AGBT16A_999_173/holding/spliced_blc0001020304050607_guppi_57512_29559_HIP84166_0008.gpuspec.0002.h5
HIP84179	https://bldata.berkeley.edu/pipeline/AGBT16B_999_45/holding/spliced_blc0001020304050607_guppi_57676_78213_HIP84179_0030.gpuspec.0002.h5
HIP8418	https://bldata.berkeley.edu/pipeline/AGBT17A_999_71/holding/spliced_blc0001020304050607_guppi_57900_51347_HIP8418_0012.gpuspec.0002.h5
HIP84187	https://bldata.berkeley.edu/pipeline/AGBT16A_999_173/holding/spliced_blc0001020304050607_guppi_57512_31690_HIP84187_0014.gpuspec.0002.h5
HIP84233	https://bldata.berkeley.edu/pipeline/AGBT17A_999_68/holding/spliced_blc2021222324252627_guppi_57898_27811_HIP84233_0045.gpuspec.0002.h5
HIP84242	https://bldata.berkeley.edu/pipeline/AGBT17A_999_68/holding/spliced_blc2021222324252627_guppi_57898_28519_HIP84242_0047.gpuspec.0002.h5
HIP84244	https://bldata.berkeley.edu/pipeline/AGBT16B_999_45/holding/spliced_blc0001020304050607_guppi_57676_74667_HIP84244_0020.gpuspec.0002.h5
HIP84250	https://bldata.berkeley.edu/pipeline/AGBT17A_999_68/holding/spliced_blc2021222324252627_guppi_57898_29209_HIP84250_0049.gpuspec.0002.h5
HIP84253	https://bldata.berkeley.edu/pipeline/AGBT17A_999_68/holding/spliced_blc2021222324252627_guppi_57898_29971_HIP84253_0051.gpuspec.0002.h5
HIP84316	https://bldata.berkeley.edu/pipeline/AGBT16A_999_173/holding/spliced_blc0001020304050607_guppi_57512_32411_HIP84316_0016.gpuspec.0002.h5
HIP84341	https://bldata.berkeley.edu/pipeline/AGBT17A_999_68/holding/spliced_blc2021222324252627_guppi_57898_27116_HIP84341_0043.gpuspec.0002.h5
HIP84374	https://bldata.berkeley.edu/pipeline/AGBT16A_999_173/holding/spliced_blc0001020304050607_guppi_57512_36663_HIP84374_0028.gpuspec.0002.h5
HIP84384	https://bldata.berkeley.edu/pipeline/AGBT16A_999_173/holding/spliced_blc0001020304050607_guppi_57512_33096_HIP84384_0018.gpuspec.0002.h5
HIP84397	https://bldata.berkeley.edu/pipeline/AGBT16A_999_173/holding/spliced_blc0001020304050607_guppi_57512_37342_HIP84397_0030.gpuspec.0002.h5
HIP84432	https://bldata.berkeley.edu/pipeline/AGBT16A_999_173/holding/spliced_blc0001020304050607_guppi_57512_33779_HIP84432_0020.gpuspec.0002.h5
HIP84465	https://bldata.berkeley.edu/pipeline/AGBT18A_999_49/holding/spliced_blc0001020304050607_guppi_58232_31432_HIP84465_0018.gpuspec.0002.h5
HIP84495	https://bldata.berkeley.edu/pipeline/AGBT17A_999_82/holding/spliced_blc3031323334353637_guppi_57915_22360_HIP84495_0015.gpuspec.0002.h5
HIP84500	https://bldata.berkeley.edu/pipeline/AGBT17A_999_68/holding/spliced_blc2021222324252627_guppi_57898_30651_HIP84500_0053.gpuspec.0002.h5
HIP84515	https://bldata.berkeley.edu/pipeline/AGBT17A_999_82/holding/spliced_blc3031323334353637_guppi_57915_23043_HIP84515_0017.gpuspec.0002.h5
HIP84520	https://bldata.berkeley.edu/pipeline/AGBT16B_999_45/holding/spliced_blc0001020304050607_guppi_57676_79645_HIP84520_0034.gpuspec.0002.h5
HIP84525	https://bldata.berkeley.edu/pipeline/AGBT16B_999_71/holding/spliced_blc0001020304050607_guppi_57710_60838_HIP84525_0004.gpuspec.0002.h5
HIP84561	https://bldata.berkeley.edu/pipeline/AGBT17A_999_82/holding/spliced_blc3031323334353637_guppi_57915_20218_HIP84561_0009.gpuspec.0002.h5
HIP84574	https://bldata.berkeley.edu/pipeline/AGBT17A_999_82/holding/spliced_blc3031323334353637_guppi_57915_20921_HIP84574_0011.gpuspec.0002.h5
HIP84579	https://bldata.berkeley.edu/pipeline/AGBT17A_999_82/holding/spliced_blc3031323334353637_guppi_57915_21622_HIP84579_0013.gpuspec.0002.h5
HIP84587	https://bldata.berkeley.edu/pipeline/AGBT16A_999_173/holding/spliced_blc0001020304050607_guppi_57512_34524_HIP84587_0022.gpuspec.0002.h5
HIP84594	https://bldata.berkeley.edu/pipeline/AGBT17A_999_82/holding/spliced_blc3031323334353637_guppi_57915_23723_HIP84594_0019.gpuspec.0002.h5
HIP84597	https://bldata.berkeley.edu/pipeline/AGBT16B_999_45/holding/spliced_blc0001020304050607_guppi_57676_78896_HIP84597_0032.gpuspec.0002.h5
HIP84602	https://bldata.berkeley.edu/bl_tess/s_band/spliced_blc0001020304050607_guppi_58819_76030_HIP84602_0105.gpuspec.0002.h5
HIP84603	https://bldata.berkeley.edu/pipeline/AGBT16A_999_173/holding/spliced_blc0001020304050607_guppi_57512_35221_HIP84603_0024.gpuspec.0002.h5
HIP84639	https://bldata.berkeley.edu/pipeline/AGBT16B_999_45/holding/spliced_blc0001020304050607_guppi_57676_80340_HIP84639_0036.gpuspec.0002.h5
HIP84643	https://bldata.berkeley.edu/pipeline/AGBT17A_999_68/holding/spliced_blc2021222324252627_guppi_57898_31325_HIP84643_0055.gpuspec.0002.h5
HIP84652	https://bldata.berkeley.edu/pipeline/AGBT17A_999_82/holding/spliced_blc3031323334353637_guppi_57915_24414_HIP84652_0021.gpuspec.0002.h5
HIP84664	https://bldata.berkeley.edu/pipeline/AGBT16B_999_51/holding/spliced_blc0001020304050607_guppi_57683_69162_HIP84664_0010.gpuspec.0002.h5
HIP84676	https://bldata.berkeley.edu/pipeline/AGBT17A_999_82/holding/spliced_blc3031323334353637_guppi_57915_25096_HIP84676_0023.gpuspec.0002.h5
HIP84696	https://bldata.berkeley.edu/pipeline/AGBT17A_999_82/holding/spliced_blc3031323334353637_guppi_57915_25775_HIP84696_0025.gpuspec.0002.h5
HIP84702	https://bldata.berkeley.edu/pipeline/AGBT16B_999_71/holding/spliced_blc0001020304050607_guppi_57710_61511_HIP84702_0006.gpuspec.0002.h5
HIP84722	https://bldata.berkeley.edu/pipeline/AGBT16A_999_173/holding/spliced_blc0001020304050607_guppi_57512_35911_HIP84722_0026.gpuspec.0002.h5
HIP84762	https://bldata.berkeley.edu/pipeline/AGBT16B_999_51/holding/spliced_blc0001020304050607_guppi_57683_69868_HIP84762_0012.gpuspec.0002.h5
HIP84837	https://bldata.berkeley.edu/pipeline/AGBT16B_999_51/holding/spliced_blc0001020304050607_guppi_57683_70572_HIP84837_0014.gpuspec.0002.h5
HIP84845	https://bldata.berkeley.edu/pipeline/AGBT18A_999_49/holding/spliced_blc0001020304050607_guppi_58232_32087_HIP84845_0020.gpuspec.0002.h5
HIP84858	https://bldata.berkeley.edu/pipeline/AGBT16B_999_71/holding/spliced_blc0001020304050607_guppi_57710_62170_HIP84858_0008.gpuspec.0002.h5
HIP84871	https://bldata.berkeley.edu/pipeline/AGBT17A_999_76/holding/spliced_blc0001020304050607_guppi_57907_24542_HIP84871_0003.gpuspec.0002.h5
HIP84892	https://bldata.berkeley.edu/pipeline/AGBT16B_999_45/holding/spliced_blc0001020304050607_guppi_57676_81037_HIP84892_0038.gpuspec.0002.h5
HIP8490	https://bldata.berkeley.edu/pipeline/AGBT17A_999_71/holding/spliced_blc0001020304050607_guppi_57900_52035_HIP8490_0014.gpuspec.0002.h5
HIP84914	https://bldata.berkeley.edu/pipeline/AGBT17A_999_76/holding/spliced_blc0001020304050607_guppi_57907_25268_HIP84914_0005.gpuspec.0002.h5
HIP84920	https://bldata.berkeley.edu/pipeline/AGBT17A_999_76/holding/spliced_blc0001020304050607_guppi_57907_25979_HIP84920_0007.gpuspec.0002.h5
HIP84978	https://bldata.berkeley.edu/pipeline/AGBT17A_999_76/holding/spliced_blc0001020304050607_guppi_57907_26728_HIP84978_0009.gpuspec.0002.h5
HIP85021	https://bldata.berkeley.edu/pipeline/AGBT16B_999_71/holding/spliced_blc0001020304050607_guppi_57710_62880_HIP85021_0010.gpuspec.0002.h5
HIP85070	https://bldata.berkeley.edu/pipeline/AGBT18A_999_49/holding/spliced_blc0001020304050607_guppi_58232_32740_HIP85070_0022.gpuspec.0002.h5
HIP85098	https://bldata.berkeley.edu/pipeline/AGBT16A_999_242/holding/spliced_blc0001020304050607_guppi_57591_13273_Hip85098_0017.gpuspec.0002.h5
HIP85112	https://bldata.berkeley.edu/pipeline/AGBT17A_999_76/holding/spliced_blc0001020304050607_guppi_57907_28834_HIP85112_0015.gpuspec.0002.h5
HIP85133	https://bldata.berkeley.edu/pipeline/AGBT17A_999_76/holding/spliced_blc0001020304050607_guppi_57907_29527_HIP85133_0017.gpuspec.0002.h5
HIP85137	https://bldata.berkeley.edu/pipeline/AGBT17A_999_76/holding/spliced_blc0001020304050607_guppi_57907_30219_HIP85137_0019.gpuspec.0002.h5
HIP8522	https://bldata.berkeley.edu/pipeline/AGBT17A_999_71/holding/spliced_blc0001020304050607_guppi_57900_52719_HIP8522_0016.gpuspec.0002.h5
HIP8531	https://bldata.berkeley.edu/pipeline/AGBT17A_999_58/holding/spliced_blc3031323334353637_guppi_57873_60322_HIP8531_0023.gpuspec.0002.h5
HIP85330	https://bldata.berkeley.edu/pipeline/AGBT16B_999_99/holding/spliced_blc0001020304050607_guppi_57746_56929_HIP85330_0016.gpuspec.0002.h5
HIP85346	https://bldata.berkeley.edu/pipeline/AGBT17A_999_76/holding/spliced_blc0001020304050607_guppi_57907_27406_HIP85346_0011.gpuspec.0002.h5
HIP85369	https://bldata.berkeley.edu/bl_tess/l_band/spliced_blc4041424344454647_guppi_58885_61758_HIP85369_0050.rawspec.0000.h5
HIP85417	https://bldata.berkeley.edu/pipeline/AGBT16A_999_242/holding/spliced_blc0001020304050607_guppi_57591_13950_Hip85417_0019.gpuspec.0002.h5
HIP85428	https://bldata.berkeley.edu/pipeline/AGBT16A_999_195/holding/spliced_blc0001020304050607_guppi_57526_32139_HIP85428_0027.gpuspec.0002.h5
HIP8545	https://bldata.berkeley.edu/pipeline/AGBT17A_999_71/holding/spliced_blc0001020304050607_guppi_57900_53412_HIP8545_0018.gpuspec.0002.h5
HIP85457	https://bldata.berkeley.edu/pipeline/AGBT17A_999_76/holding/spliced_blc0001020304050607_guppi_57907_28080_HIP85457_0013.gpuspec.0002.h5
HIP85466	https://bldata.berkeley.edu/bl_tess/l_band/spliced_blc4041424344454647_guppi_58885_61115_HIP85466_0048.rawspec.0000.h5
HIP85483	https://bldata.berkeley.edu/pipeline/AGBT16B_999_99/holding/spliced_blc0001020304050607_guppi_57746_57611_HIP85483_0018.gpuspec.0002.h5
HIP85487	https://bldata.berkeley.edu/pipeline/AGBT16A_999_216/holding/spliced_blc0001020304050607_guppi_57545_24154_HIP85487_0015.gpuspec.0002.h5
HIP85500	https://bldata.berkeley.edu/pipeline/AGBT17A_999_72/holding/spliced_blc0001020304050607_guppi_57901_26879_HIP85500_0003.gpuspec.0002.h5
HIP85504	https://bldata.berkeley.edu/pipeline/AGBT17A_999_72/holding/spliced_blc0001020304050607_guppi_57901_28949_HIP85504_0009.gpuspec.0002.h5
HIP85509	https://bldata.berkeley.edu/pipeline/AGBT16B_999_71/holding/spliced_blc0001020304050607_guppi_57710_63554_HIP85509_0012.gpuspec.0002.h5
HIP85519	https://bldata.berkeley.edu/pipeline/AGBT17A_999_72/holding/spliced_blc0001020304050607_guppi_57901_31048_HIP85519_0015.gpuspec.0002.h5
HIP85525	https://bldata.berkeley.edu/pipeline/AGBT16A_999_216/holding/spliced_blc0001020304050607_guppi_57545_24857_HIP85525_0017.gpuspec.0002.h5
HIP85542	https://bldata.berkeley.edu/pipeline/AGBT17A_999_72/holding/spliced_blc0001020304050607_guppi_57901_29651_HIP85542_0011.gpuspec.0002.h5
HIP85565	https://bldata.berkeley.edu/pipeline/AGBT17A_999_72/holding/spliced_blc0001020304050607_guppi_57901_30348_HIP85565_0013.gpuspec.0002.h5
HIP85567	https://bldata.berkeley.edu/pipeline/AGBT17A_999_72/holding/spliced_blc0001020304050607_guppi_57901_31735_HIP85567_0017.gpuspec.0002.h5
HIP85575	https://bldata.berkeley.edu/pipeline/AGBT16B_999_51/holding/spliced_blc0001020304050607_guppi_57683_73355_HIP85575_0022.gpuspec.0002.h5
HIP85585	https://bldata.berkeley.edu/pipeline/AGBT16B_999_99/holding/spliced_blc0001020304050607_guppi_57746_58968_HIP85585_0022.gpuspec.0002.h5
HIP85602	https://bldata.berkeley.edu/pipeline/AGBT17A_999_72/holding/spliced_blc0001020304050607_guppi_57901_32423_HIP85602_0019.gpuspec.0002.h5
HIP85612	https://bldata.berkeley.edu/pipeline/AGBT16A_999_242/holding/spliced_blc0001020304050607_guppi_57591_14627_Hip85612_0021.gpuspec.0002.h5
HIP85620	https://bldata.berkeley.edu/pipeline/AGBT16B_999_51/holding/spliced_blc0001020304050607_guppi_57683_74020_HIP85620_0024.gpuspec.0002.h5
HIP85626	https://bldata.berkeley.edu/pipeline/AGBT17A_999_72/holding/spliced_blc0001020304050607_guppi_57901_27563_HIP85626_0005.gpuspec.0002.h5
HIP85636	https://bldata.berkeley.edu/pipeline/AGBT17A_999_72/holding/spliced_blc0001020304050607_guppi_57901_28246_HIP85636_0007.gpuspec.0002.h5
HIP85643	https://bldata.berkeley.edu/pipeline/AGBT16B_999_99/holding/spliced_blc0001020304050607_guppi_57746_58287_HIP85643_0020.gpuspec.0002.h5
HIP85661	https://bldata.berkeley.edu/pipeline/AGBT17A_999_76/holding/spliced_blc0001020304050607_guppi_57907_30979_HIP85661_0021.gpuspec.0002.h5
HIP85683	https://bldata.berkeley.edu/pipeline/AGBT16A_999_216/holding/spliced_blc0001020304050607_guppi_57545_25556_HIP85683_0019.gpuspec.0002.h5
HIP85686	https://bldata.berkeley.edu/pipeline/AGBT16B_999_71/holding/spliced_blc0001020304050607_guppi_57710_75352_HIP85686_0009.gpuspec.0002.h5
HIP85708	https://bldata.berkeley.edu/pipeline/AGBT17A_999_72/holding/spliced_blc0001020304050607_guppi_57901_33137_HIP85708_0021.gpuspec.0002.h5
HIP85735	https://bldata.berkeley.edu/pipeline/AGBT17A_999_72/holding/spliced_blc0001020304050607_guppi_57901_33819_HIP85735_0023.gpuspec.0002.h5
HIP85757	https://bldata.berkeley.edu/pipeline/AGBT17A_999_76/holding/spliced_blc0001020304050607_guppi_57907_31645_HIP85757_0023.gpuspec.0002.h5
HIP8581	https://bldata.berkeley.edu/pipeline/AGBT17A_999_71/holding/spliced_blc0001020304050607_guppi_57900_54177_HIP8581_0020.gpuspec.0002.h5
HIP85812	https://bldata.berkeley.edu/pipeline/AGBT16A_999_175/holding/spliced_blc0001020304050607_guppi_57513_28869_HIP85812_0004.gpuspec.0002.h5
HIP85817	https://bldata.berkeley.edu/pipeline/AGBT16B_999_51/holding/spliced_blc0001020304050607_guppi_57683_74690_HIP85817_0026.gpuspec.0002.h5
HIP85855	https://bldata.berkeley.edu/pipeline/AGBT16A_999_216/holding/spliced_blc0001020304050607_guppi_57545_26249_HIP85855_0021.gpuspec.0002.h5
HIP85861	https://bldata.berkeley.edu/pipeline/AGBT16A_999_175/holding/spliced_blc0001020304050607_guppi_57513_29553_HIP85861_0006.gpuspec.0002.h5
HIP85865	https://bldata.berkeley.edu/pipeline/AGBT16A_999_216/holding/spliced_blc0001020304050607_guppi_57545_26945_HIP85865_0023.gpuspec.0002.h5
HIP85867	https://bldata.berkeley.edu/pipeline/AGBT17A_999_72/holding/spliced_blc0001020304050607_guppi_57901_35193_HIP85867_0027.gpuspec.0002.h5
HIP85911	https://bldata.berkeley.edu/pipeline/AGBT17A_999_72/holding/spliced_blc0001020304050607_guppi_57901_34495_HIP85911_0025.gpuspec.0002.h5
HIP85912	https://bldata.berkeley.edu/pipeline/AGBT17A_999_72/holding/spliced_blc0001020304050607_guppi_57901_35880_HIP85912_0029.gpuspec.0002.h5
HIP85917	https://bldata.berkeley.edu/pipeline/AGBT17A_999_76/holding/spliced_blc0001020304050607_guppi_57907_32311_HIP85917_0025.gpuspec.0002.h5
HIP85924	https://bldata.berkeley.edu/pipeline/AGBT16A_999_175/holding/spliced_blc0001020304050607_guppi_57513_30237_HIP85924_0008.gpuspec.0002.h5
HIP85932	https://bldata.berkeley.edu/pipeline/AGBT16B_999_71/holding/spliced_blc0001020304050607_guppi_57710_76041_HIP85932_0011.gpuspec.0002.h5
HIP85940	https://bldata.berkeley.edu/pipeline/AGBT17A_999_72/holding/spliced_blc0001020304050607_guppi_57901_39296_HIP85940_0039.gpuspec.0002.h5
HIP85944	https://bldata.berkeley.edu/pipeline/AGBT17A_999_72/holding/spliced_blc0001020304050607_guppi_57901_39978_HIP85944_0041.gpuspec.0002.h5
HIP85962	https://bldata.berkeley.edu/pipeline/AGBT17A_999_72/holding/spliced_blc0001020304050607_guppi_57901_36558_HIP85962_0031.gpuspec.0002.h5
HIP85973	https://bldata.berkeley.edu/pipeline/AGBT16B_999_71/holding/spliced_blc0001020304050607_guppi_57710_64894_HIP85973_0016.gpuspec.0002.h5
HIP85977	https://bldata.berkeley.edu/pipeline/AGBT16B_999_71/holding/spliced_blc0001020304050607_guppi_57710_76732_HIP85977_0013.gpuspec.0002.h5
HIP86013	https://bldata.berkeley.edu/pipeline/AGBT17A_999_72/holding/spliced_blc0001020304050607_guppi_57901_40654_HIP86013_0043.gpuspec.0002.h5
HIP86050	https://bldata.berkeley.edu/pipeline/AGBT16A_999_216/holding/spliced_blc0001020304050607_guppi_57545_27638_HIP86050_0025.gpuspec.0002.h5
HIP86056	https://bldata.berkeley.edu/pipeline/AGBT17A_999_72/holding/spliced_blc0001020304050607_guppi_57901_37911_HIP86056_0035.gpuspec.0002.h5
HIP86058	https://bldata.berkeley.edu/bl_tess/x_band/spliced_blc00010203040506o7o0111213141516o7o021222324252627_guppi_58810_11399_HIP86058_0027.gpuspec.0002.h5
HIP86067	https://bldata.berkeley.edu/pipeline/AGBT16B_999_51/holding/spliced_blc0001020304050607_guppi_57683_76696_HIP86067_0032.gpuspec.0002.h5
HIP86102	https://bldata.berkeley.edu/pipeline/AGBT16B_999_71/holding/spliced_blc0001020304050607_guppi_57710_73910_HIP86102_0005.gpuspec.0002.h5
HIP86137	https://bldata.berkeley.edu/pipeline/AGBT16B_999_71/holding/spliced_blc0001020304050607_guppi_57710_64221_HIP86137_0014.gpuspec.0002.h5
HIP86192	https://bldata.berkeley.edu/pipeline/AGBT16B_999_71/holding/spliced_blc0001020304050607_guppi_57710_66233_HIP86192_0020.gpuspec.0002.h5
HIP86254	https://bldata.berkeley.edu/pipeline/AGBT17A_999_72/holding/spliced_blc0001020304050607_guppi_57901_38585_HIP86254_0037.gpuspec.0002.h5
HIP8633	https://bldata.berkeley.edu/pipeline/AGBT17A_999_71/holding/spliced_blc0001020304050607_guppi_57900_54978_HIP8633_0022.gpuspec.0002.h5
HIP86332	https://bldata.berkeley.edu/pipeline/AGBT17A_999_76/holding/spliced_blc0001020304050607_guppi_57907_33000_HIP86332_0027.gpuspec.0002.h5
HIP86336	https://bldata.berkeley.edu/pipeline/AGBT17A_999_76/holding/spliced_blc0001020304050607_guppi_57907_33680_HIP86336_0029.gpuspec.0002.h5
HIP86344	https://bldata.berkeley.edu/bl_tess/c_band/spliced_blc10111213141516o7o0212223242526o7o0313233343536o7o051525354555657_guppi_58860_51192_HIP86344_0049.gpuspec.0002.h5
HIP86349	https://bldata.berkeley.edu/pipeline/AGBT17A_999_76/holding/spliced_blc0001020304050607_guppi_57907_34356_HIP86349_0031.gpuspec.0002.h5
HIP86450	https://bldata.berkeley.edu/pipeline/AGBT16B_999_99/holding/spliced_blc0001020304050607_guppi_57746_55566_HIP86450_0012.gpuspec.0002.h5
HIP86525	https://bldata.berkeley.edu/pipeline/AGBT16B_999_99/holding/spliced_blc0001020304050607_guppi_57746_56232_HIP86525_0014.gpuspec.0002.h5
HIP86540	https://bldata.berkeley.edu/pipeline/AGBT18A_999_49/holding/spliced_blc0001020304050607_guppi_58232_33424_HIP86540_0024.gpuspec.0002.h5
HIP86630	https://bldata.berkeley.edu/pipeline/AGBT16B_999_99/holding/spliced_blc0001020304050607_guppi_57746_60302_HIP86630_0026.gpuspec.0002.h5
HIP86772	https://bldata.berkeley.edu/pipeline/AGBT16B_999_55/holding/spliced_blc1011121314151617_guppi_57689_78440_HIP86772_0040.gpuspec.0002.h5
HIP86795	https://bldata.berkeley.edu/bl_tess/c_band/spliced_blc10111213141516o7o0212223242526o7o0313233343536o7o051525354555657_guppi_58860_51824_HIP86795_0051.gpuspec.0002.h5
HIP86821	https://bldata.berkeley.edu/pipeline/AGBT16B_999_55/holding/spliced_blc1011121314151617_guppi_57689_79138_HIP86821_0042.gpuspec.0002.h5
HIP86855	https://bldata.berkeley.edu/pipeline/AGBT16B_999_88/holding/spliced_blc0001020304050607_guppi_57732_69390_HIP86855_0046.gpuspec.0002.h5
HIP86952	https://bldata.berkeley.edu/bl_tess/l_band/spliced_blc4041424344454647_guppi_58885_62397_HIP86952_0052.rawspec.0000.h5
HIP86993	https://bldata.berkeley.edu/pipeline/AGBT16B_999_55/holding/spliced_blc1011121314151617_guppi_57689_79829_HIP86993_0044.gpuspec.0002.h5
HIP86995	https://bldata.berkeley.edu/pipeline/AGBT17A_999_15/holding/spliced_blc0001020304050607_guppi_57811_47482_HIP86995_0003.gpuspec.0002.h5
HIP87010	https://bldata.berkeley.edu/pipeline/AGBT16B_999_88/holding/spliced_blc0001020304050607_guppi_57732_71541_HIP87010_0052.gpuspec.0002.h5
HIP87059	https://bldata.berkeley.edu/pipeline/AGBT17A_999_76/holding/spliced_blc0001020304050607_guppi_57907_35062_HIP87059_0033.gpuspec.0002.h5
HIP87079	https://bldata.berkeley.edu/pipeline/AGBT18A_999_49/holding/spliced_blc0001020304050607_guppi_58232_34751_HIP87079_0028.gpuspec.0002.h5
HIP87084	https://bldata.berkeley.edu/pipeline/AGBT17A_999_76/holding/spliced_blc0001020304050607_guppi_57907_37098_HIP87084_0039.gpuspec.0002.h5
HIP87086	https://bldata.berkeley.edu/pipeline/AGBT16B_999_88/holding/spliced_blc0001020304050607_guppi_57732_70088_HIP87086_0048.gpuspec.0002.h5
HIP87149	https://bldata.berkeley.edu/pipeline/AGBT17A_999_15/holding/spliced_blc0001020304050607_guppi_57811_48170_HIP87149_0005.gpuspec.0002.h5
HIP87170	https://bldata.berkeley.edu/pipeline/AGBT17A_999_15/holding/spliced_blc0001020304050607_guppi_57811_48855_HIP87170_0007.gpuspec.0002.h5
HIP87200	https://bldata.berkeley.edu/pipeline/AGBT16B_999_88/holding/spliced_blc0001020304050607_guppi_57732_70789_HIP87200_0050.gpuspec.0002.h5
HIP87225	https://bldata.berkeley.edu/pipeline/AGBT17A_999_76/holding/spliced_blc0001020304050607_guppi_57907_35736_HIP87225_0035.gpuspec.0002.h5
HIP87278	https://bldata.berkeley.edu/pipeline/AGBT17A_999_76/holding/spliced_blc0001020304050607_guppi_57907_36414_HIP87278_0037.gpuspec.0002.h5
HIP87280	https://bldata.berkeley.edu/pipeline/AGBT16B_999_88/holding/spliced_blc0001020304050607_guppi_57732_72247_HIP87280_0054.gpuspec.0002.h5
HIP87299	https://bldata.berkeley.edu/pipeline/AGBT17A_999_15/holding/spliced_blc0001020304050607_guppi_57811_49629_HIP87299_0009.gpuspec.0002.h5
HIP87317	https://bldata.berkeley.edu/bl_tess/c_band/spliced_blc10111213141516o7o0212223242526o7o0313233343536o7o051525354555657_guppi_58860_52467_HIP87317_0053.gpuspec.0002.h5
HIP87357	https://bldata.berkeley.edu/pipeline/AGBT17A_999_15/holding/spliced_blc0001020304050607_guppi_57811_50337_HIP87357_0011.gpuspec.0002.h5
HIP87405	https://bldata.berkeley.edu/bl_tess/s_band/spliced_blc0001020304050607_guppi_58820_01358_HIP87405_0141.gpuspec.0002.h5
HIP87407	https://bldata.berkeley.edu/pipeline/AGBT17A_999_15/holding/spliced_blc0001020304050607_guppi_57811_51038_HIP87407_0013.gpuspec.0002.h5
HIP87408	https://bldata.berkeley.edu/pipeline/AGBT16B_999_88/holding/spliced_blc0001020304050607_guppi_57732_72952_HIP87408_0056.gpuspec.0002.h5
HIP87435	https://bldata.berkeley.edu/pipeline/AGBT17A_999_15/holding/spliced_blc0001020304050607_guppi_57811_51783_HIP87435_0015.gpuspec.0002.h5
HIP87471	https://bldata.berkeley.edu/pipeline/AGBT17A_999_15/holding/spliced_blc0001020304050607_guppi_57811_53863_HIP87471_0021.gpuspec.0002.h5
HIP87475	https://bldata.berkeley.edu/pipeline/AGBT17A_999_01/holding/spliced_blc0001020304050607_guppi_57790_53920_HIP87475_0003.gpuspec.0002.h5
HIP87489	https://bldata.berkeley.edu/pipeline/AGBT17A_999_01/holding/spliced_blc0001020304050607_guppi_57790_54607_HIP87489_0005.gpuspec.0002.h5
HIP87507	https://bldata.berkeley.edu/pipeline/AGBT16A_999_216/holding/spliced_blc0001020304050607_guppi_57545_20017_HIP87507_0003.gpuspec.0002.h5
HIP87511	https://bldata.berkeley.edu/pipeline/AGBT16A_999_216/holding/spliced_blc0001020304050607_guppi_57545_20700_HIP87511_0005.gpuspec.0002.h5
HIP87520	https://bldata.berkeley.edu/pipeline/AGBT17A_999_76/holding/spliced_blc0001020304050607_guppi_57907_37772_HIP87520_0041.gpuspec.0002.h5
HIP87521	https://bldata.berkeley.edu/pipeline/AGBT17A_999_01/holding/spliced_blc0001020304050607_guppi_57790_55295_HIP87521_0007.gpuspec.0002.h5
HIP8753	https://bldata.berkeley.edu/pipeline/AGBT17A_999_71/holding/spliced_blc0001020304050607_guppi_57900_55750_HIP8753_0024.gpuspec.0002.h5
HIP87570	https://bldata.berkeley.edu/pipeline/AGBT17A_999_01/holding/spliced_blc0001020304050607_guppi_57790_60099_HIP87570_0020.gpuspec.0002.h5
HIP87577	https://bldata.berkeley.edu/pipeline/AGBT16A_999_216/holding/spliced_blc0001020304050607_guppi_57545_28346_HIP87577_0027.gpuspec.0002.h5
HIP87592	https://bldata.berkeley.edu/pipeline/AGBT16A_999_216/holding/spliced_blc0001020304050607_guppi_57545_21383_HIP87592_0007.gpuspec.0002.h5
HIP87594	https://bldata.berkeley.edu/bl_tess/s_band/spliced_blc0001020304050607_guppi_58819_77345_HIP87594_0109.gpuspec.0002.h5
HIP87601	https://bldata.berkeley.edu/bl_tess/s_band/spliced_blc0001020304050607_guppi_58820_00707_HIP87601_0139.gpuspec.0002.h5
HIP87621	https://bldata.berkeley.edu/pipeline/AGBT17A_999_15/holding/spliced_blc0001020304050607_guppi_57811_53160_HIP87621_0019.gpuspec.0002.h5
HIP87632	https://bldata.berkeley.edu/pipeline/AGBT16A_999_216/holding/spliced_blc0001020304050607_guppi_57545_29045_HIP87632_0029.gpuspec.0002.h5
HIP87633	https://bldata.berkeley.edu/pipeline/AGBT17A_999_15/holding/spliced_blc0001020304050607_guppi_57811_54548_HIP87633_0023.gpuspec.0002.h5
HIP87655	https://bldata.berkeley.edu/pipeline/AGBT17A_999_01/holding/spliced_blc0001020304050607_guppi_57790_60783_HIP87655_0022.gpuspec.0002.h5
HIP87678	https://bldata.berkeley.edu/pipeline/AGBT16A_999_185/holding/spliced_blc0001020304050607_guppi_57520_34610_HIP87678_0010.gpuspec.0002.h5
HIP87693	https://bldata.berkeley.edu/pipeline/AGBT17A_999_76/holding/spliced_blc0001020304050607_guppi_57907_38442_HIP87693_0043.gpuspec.0002.h5
HIP87710	https://bldata.berkeley.edu/pipeline/AGBT16A_999_185/holding/spliced_blc0001020304050607_guppi_57520_35289_HIP87710_0012.gpuspec.0002.h5
HIP87727	https://bldata.berkeley.edu/pipeline/AGBT16A_999_185/holding/spliced_blc0001020304050607_guppi_57520_35967_HIP87727_0014.gpuspec.0002.h5
HIP87745	https://bldata.berkeley.edu/pipeline/AGBT17A_999_01/holding/spliced_blc0001020304050607_guppi_57790_55973_HIP87745_0009.gpuspec.0002.h5
HIP87749	https://bldata.berkeley.edu/pipeline/AGBT16A_999_216/holding/spliced_blc0001020304050607_guppi_57545_29739_HIP87749_0031.gpuspec.0002.h5
HIP8775	https://bldata.berkeley.edu/pipeline/AGBT17A_999_71/holding/spliced_blc0001020304050607_guppi_57900_56537_HIP8775_0026.gpuspec.0002.h5
HIP87766	https://bldata.berkeley.edu/bl_tess/s_band/spliced_blc0001020304050607_guppi_58819_76701_HIP87766_0107.gpuspec.0002.h5
HIP87769	https://bldata.berkeley.edu/pipeline/AGBT17A_999_01/holding/spliced_blc0001020304050607_guppi_57790_61466_HIP87769_0024.gpuspec.0002.h5
HIP87790	https://bldata.berkeley.edu/pipeline/AGBT17A_999_01/holding/spliced_blc0001020304050607_guppi_57790_56656_HIP87790_0011.gpuspec.0002.h5
HIP87811	https://bldata.berkeley.edu/pipeline/AGBT16A_999_185/holding/spliced_blc0001020304050607_guppi_57520_32558_HIP87811_0004.gpuspec.0002.h5
HIP8782	https://bldata.berkeley.edu/pipeline/AGBT17B_999_12/holding/spliced_blc2021222324252627_guppi_57986_34256_HIP8782_0056.gpuspec.0002.h5
HIP87860	https://bldata.berkeley.edu/pipeline/AGBT17A_999_01/holding/spliced_blc0001020304050607_guppi_57790_57340_HIP87860_0013.gpuspec.0002.h5
HIP87861	https://bldata.berkeley.edu/pipeline/AGBT16A_999_185/holding/spliced_blc0001020304050607_guppi_57520_33232_HIP87861_0006.gpuspec.0002.h5
HIP87866	https://bldata.berkeley.edu/pipeline/AGBT16A_999_185/holding/spliced_blc0001020304050607_guppi_57520_33914_HIP87866_0008.gpuspec.0002.h5
HIP87907	https://bldata.berkeley.edu/pipeline/AGBT16B_999_88/holding/spliced_blc0001020304050607_guppi_57732_73641_HIP87907_0058.gpuspec.0002.h5
HIP8795	https://bldata.berkeley.edu/pipeline/AGBT17B_999_12/holding/spliced_blc2021222324252627_guppi_57986_34933_HIP8795_0058.gpuspec.0002.h5
HIP87958	https://bldata.berkeley.edu/pipeline/AGBT17A_999_91/holding/spliced_blc0001020304050607_guppi_57936_24518_HIP87958_0021.gpuspec.0002.h5
HIP87960	https://bldata.berkeley.edu/pipeline/AGBT16B_999_88/holding/spliced_blc0001020304050607_guppi_57732_74332_HIP87960_0060.gpuspec.0002.h5
HIP88052	https://bldata.berkeley.edu/pipeline/AGBT17B_999_04/holding/spliced_blc0001020304050607_guppi_57972_10204_HIP88052_0003.gpuspec.0002.h5
HIP88057	https://bldata.berkeley.edu/pipeline/AGBT17A_999_91/holding/spliced_blc0001020304050607_guppi_57936_25204_HIP88057_0023.gpuspec.0002.h5
HIP88080	https://bldata.berkeley.edu/pipeline/AGBT17B_999_04/holding/spliced_blc0001020304050607_guppi_57972_10883_HIP88080_0005.gpuspec.0002.h5
HIP8810	https://bldata.berkeley.edu/pipeline/AGBT17B_999_12/holding/spliced_blc2021222324252627_guppi_57986_35610_HIP8810_0060.gpuspec.0002.h5
HIP88124	https://bldata.berkeley.edu/bl_tess/x_band/spliced_blc00010203040506o7o0111213141516o7o021222324252627_guppi_58810_09284_HIP88124_0020.gpuspec.0002.h5
HIP88133	https://bldata.berkeley.edu/bl_tess/x_band/spliced_blc00010203040506o7o0111213141516o7o021222324252627_guppi_58810_09925_HIP88133_0022.gpuspec.0002.h5
HIP88155	https://bldata.berkeley.edu/pipeline/AGBT16B_999_88/holding/spliced_blc0001020304050607_guppi_57732_75032_HIP88155_0062.gpuspec.0002.h5
HIP88227	https://bldata.berkeley.edu/pipeline/AGBT17B_999_04/holding/spliced_blc0001020304050607_guppi_57972_11557_HIP88227_0007.gpuspec.0002.h5
HIP8825	https://bldata.berkeley.edu/pipeline/AGBT17A_999_74/holding/spliced_blc0001020304050607_guppi_57903_47289_HIP8825_0003.gpuspec.0002.h5
HIP88357	https://bldata.berkeley.edu/bl_tess/c_band/spliced_blc10111213141516o7o0212223242526o7o0313233343536o7o051525354555657_guppi_58860_49260_HIP88357_0043.gpuspec.0002.h5
HIP88361	https://bldata.berkeley.edu/pipeline/AGBT16B_999_99/holding/spliced_blc0001020304050607_guppi_57746_67300_HIP88361_0046.gpuspec.0002.h5
HIP88415	https://bldata.berkeley.edu/pipeline/AGBT16B_999_99/holding/spliced_blc0001020304050607_guppi_57746_67997_HIP88415_0048.gpuspec.0002.h5
HIP88552	https://bldata.berkeley.edu/pipeline/AGBT17A_999_91/holding/spliced_blc0001020304050607_guppi_57936_25889_HIP88552_0025.gpuspec.0002.h5
HIP88555	https://bldata.berkeley.edu/pipeline/AGBT16B_999_99/holding/spliced_blc0001020304050607_guppi_57746_68694_HIP88555_0050.gpuspec.0002.h5
HIP88609	https://bldata.berkeley.edu/pipeline/AGBT17A_999_15/holding/spliced_blc0001020304050607_guppi_57811_55915_HIP88609_0027.gpuspec.0002.h5
HIP88667	https://bldata.berkeley.edu/pipeline/AGBT17A_999_15/holding/spliced_blc0001020304050607_guppi_57811_56598_HIP88667_0029.gpuspec.0002.h5
HIP88681	https://bldata.berkeley.edu/pipeline/AGBT17A_999_15/holding/spliced_blc0001020304050607_guppi_57811_57284_HIP88681_0031.gpuspec.0002.h5
HIP88890	https://bldata.berkeley.edu/pipeline/AGBT16A_999_185/holding/spliced_blc0001020304050607_guppi_57520_36656_HIP88890_0016.gpuspec.0002.h5
HIP88958	https://bldata.berkeley.edu/pipeline/AGBT16A_999_185/holding/spliced_blc0001020304050607_guppi_57520_37334_HIP88958_0018.gpuspec.0002.h5
HIP88961	https://bldata.berkeley.edu/pipeline/AGBT16A_999_185/holding/spliced_blc0001020304050607_guppi_57520_38014_HIP88961_0020.gpuspec.0002.h5
HIP88964	https://bldata.berkeley.edu/pipeline/AGBT17A_999_18/holding/spliced_blc0001020304050607_guppi_57815_47958_HIP88964_0003.gpuspec.0002.h5
HIP88983	https://bldata.berkeley.edu/pipeline/AGBT17A_999_18/holding/spliced_blc0001020304050607_guppi_57815_48649_HIP88983_0005.gpuspec.0002.h5
HIP89000	https://bldata.berkeley.edu/pipeline/AGBT17A_999_18/holding/spliced_blc0001020304050607_guppi_57815_49338_HIP89000_0007.gpuspec.0002.h5
HIP89038	https://bldata.berkeley.edu/pipeline/AGBT17A_999_15/holding/spliced_blc0001020304050607_guppi_57811_59341_HIP89038_0037.gpuspec.0002.h5
HIP89138	https://bldata.berkeley.edu/bl_tess/c_band/spliced_blc10111213141516o7o0212223242526o7o0313233343536o7o051525354555657_guppi_58860_49893_HIP89138_0045.gpuspec.0002.h5
HIP89228	https://bldata.berkeley.edu/pipeline/AGBT16B_999_99/holding/spliced_blc0001020304050607_guppi_57746_71501_HIP89228_0058.gpuspec.0002.h5
HIP89247	https://bldata.berkeley.edu/pipeline/AGBT17A_999_18/holding/spliced_blc0001020304050607_guppi_57815_50080_HIP89247_0009.gpuspec.0002.h5
HIP89443	https://bldata.berkeley.edu/bl_tess/s_band/spliced_blc0001020304050607_guppi_58819_77985_HIP89443_0111.gpuspec.0002.h5
HIP89464	https://bldata.berkeley.edu/bl_tess/l_band/spliced_blc4041424344454647_guppi_58885_59801_HIP89464_0044.rawspec.0000.h5
HIP89467	https://bldata.berkeley.edu/pipeline/AGBT17A_999_18/holding/spliced_blc0001020304050607_guppi_57815_54289_HIP89467_0021.gpuspec.0002.h5
HIP89551	https://bldata.berkeley.edu/pipeline/AGBT17A_999_18/holding/spliced_blc0001020304050607_guppi_57815_52201_HIP89551_0015.gpuspec.0002.h5
HIP89555	https://bldata.berkeley.edu/pipeline/AGBT17A_999_18/holding/spliced_blc0001020304050607_guppi_57815_52890_HIP89555_0017.gpuspec.0002.h5
HIP89580	https://bldata.berkeley.edu/bl_tess/c_band/spliced_blc10111213141516o7o0212223242526o7o0313233343536o7o051525354555657_guppi_58860_50527_HIP89580_0047.gpuspec.0002.h5
HIP89601	https://bldata.berkeley.edu/pipeline/AGBT17A_999_18/holding/spliced_blc0001020304050607_guppi_57815_54979_HIP89601_0023.gpuspec.0002.h5
HIP89613	https://bldata.berkeley.edu/pipeline/AGBT17A_999_18/holding/spliced_blc0001020304050607_guppi_57815_50786_HIP89613_0011.gpuspec.0002.h5
HIP89665	https://bldata.berkeley.edu/pipeline/AGBT17A_999_18/holding/spliced_blc0001020304050607_guppi_57815_53580_HIP89665_0019.gpuspec.0002.h5
HIP897	https://bldata.berkeley.edu/pipeline/AGBT16A_999_189/holding/spliced_blc0001020304050607_guppi_57522_60780_HIP897_0018.gpuspec.0002.h5
HIP89709	https://bldata.berkeley.edu/pipeline/AGBT16B_999_100/holding/spliced_blc0001020304050607_guppi_57748_53791_HIP89709_0009.gpuspec.0002.h5
HIP89722	https://bldata.berkeley.edu/pipeline/AGBT17A_999_18/holding/spliced_blc0001020304050607_guppi_57815_51480_HIP89722_0013.gpuspec.0002.h5
HIP89734	https://bldata.berkeley.edu/pipeline/AGBT16B_999_100/holding/spliced_blc0001020304050607_guppi_57748_54459_HIP89734_0011.gpuspec.0002.h5
HIP89768	https://bldata.berkeley.edu/pipeline/AGBT17A_999_18/holding/spliced_blc0001020304050607_guppi_57815_55665_HIP89768_0025.gpuspec.0002.h5
HIP89792	https://bldata.berkeley.edu/pipeline/AGBT17A_999_24/holding/spliced_blc0001020304050607_guppi_57825_45354_HIP89792_0004.gpuspec.0002.h5
HIP89806	https://bldata.berkeley.edu/pipeline/AGBT16A_999_185/holding/spliced_blc0001020304050607_guppi_57520_39403_HIP89806_0024.gpuspec.0002.h5
HIP89831	https://bldata.berkeley.edu/pipeline/AGBT17A_999_18/holding/spliced_blc0001020304050607_guppi_57815_56379_HIP89831_0027.gpuspec.0002.h5
HIP89836	https://bldata.berkeley.edu/pipeline/AGBT17A_999_18/holding/spliced_blc0001020304050607_guppi_57815_58486_HIP89836_0033.gpuspec.0002.h5
HIP89844	https://bldata.berkeley.edu/pipeline/AGBT17A_999_24/holding/spliced_blc0001020304050607_guppi_57825_46038_HIP89844_0006.gpuspec.0002.h5
HIP89847	https://bldata.berkeley.edu/pipeline/AGBT17A_999_18/holding/spliced_blc0001020304050607_guppi_57815_59170_HIP89847_0035.gpuspec.0002.h5
HIP89875	https://bldata.berkeley.edu/pipeline/AGBT16A_999_185/holding/spliced_blc0001020304050607_guppi_57520_40078_HIP89875_0026.gpuspec.0002.h5
HIP89909	https://bldata.berkeley.edu/pipeline/AGBT16A_999_185/holding/spliced_blc0001020304050607_guppi_57520_40767_HIP89909_0028.gpuspec.0002.h5
HIP89957	https://bldata.berkeley.edu/pipeline/AGBT16B_999_100/holding/spliced_blc0001020304050607_guppi_57748_55879_HIP89957_0015.gpuspec.0002.h5
HIP89958	https://bldata.berkeley.edu/pipeline/AGBT16B_999_99/holding/spliced_blc0001020304050607_guppi_57746_72173_HIP89958_0060.gpuspec.0002.h5
HIP89973	https://bldata.berkeley.edu/pipeline/AGBT17A_999_24/holding/spliced_blc0001020304050607_guppi_57825_46720_HIP89973_0008.gpuspec.0002.h5
HIP89975	https://bldata.berkeley.edu/pipeline/AGBT17A_999_18/holding/spliced_blc0001020304050607_guppi_57815_59857_HIP89975_0037.gpuspec.0002.h5
HIP89988	https://bldata.berkeley.edu/pipeline/AGBT16A_999_185/holding/spliced_blc0001020304050607_guppi_57520_41440_HIP89988_0030.gpuspec.0002.h5
HIP89997	https://bldata.berkeley.edu/pipeline/AGBT16A_999_185/holding/spliced_blc0001020304050607_guppi_57520_42116_HIP89997_0032.gpuspec.0002.h5
HIP90042	https://bldata.berkeley.edu/pipeline/AGBT17A_999_24/holding/spliced_blc0001020304050607_guppi_57825_49549_HIP90042_0016.gpuspec.0002.h5
HIP90052	https://bldata.berkeley.edu/pipeline/AGBT17A_999_24/holding/spliced_blc0001020304050607_guppi_57825_47456_HIP90052_0010.gpuspec.0002.h5
HIP90060	https://bldata.berkeley.edu/pipeline/AGBT16B_999_100/holding/spliced_blc0001020304050607_guppi_57748_57994_HIP90060_0021.gpuspec.0002.h5
HIP90095	https://bldata.berkeley.edu/pipeline/AGBT16B_999_100/holding/spliced_blc0001020304050607_guppi_57748_56574_HIP90095_0017.gpuspec.0002.h5
HIP90102	https://bldata.berkeley.edu/pipeline/AGBT16B_999_100/holding/spliced_blc0001020304050607_guppi_57748_55126_HIP90102_0013.gpuspec.0002.h5
HIP90146	https://bldata.berkeley.edu/pipeline/AGBT16B_999_100/holding/spliced_blc0001020304050607_guppi_57748_57270_HIP90146_0019.gpuspec.0002.h5
HIP90149	https://bldata.berkeley.edu/pipeline/AGBT17A_999_24/holding/spliced_blc0001020304050607_guppi_57825_48154_HIP90149_0012.gpuspec.0002.h5
HIP90167	https://bldata.berkeley.edu/pipeline/AGBT17A_999_24/holding/spliced_blc0001020304050607_guppi_57825_50247_HIP90167_0018.gpuspec.0002.h5
HIP90181	https://bldata.berkeley.edu/pipeline/AGBT17A_999_24/holding/spliced_blc0001020304050607_guppi_57825_48848_HIP90181_0014.gpuspec.0002.h5
HIP9020	https://bldata.berkeley.edu/pipeline/AGBT17A_999_74/holding/spliced_blc0001020304050607_guppi_57903_47964_HIP9020_0005.gpuspec.0002.h5
HIP90232	https://bldata.berkeley.edu/pipeline/AGBT17A_999_18/holding/spliced_blc0001020304050607_guppi_57815_57055_HIP90232_0029.gpuspec.0002.h5
HIP90234	https://bldata.berkeley.edu/pipeline/AGBT17A_999_24/holding/spliced_blc0001020304050607_guppi_57825_51668_HIP90234_0022.gpuspec.0002.h5
HIP90244	https://bldata.berkeley.edu/pipeline/AGBT17A_999_24/holding/spliced_blc0001020304050607_guppi_57825_52377_HIP90244_0024.gpuspec.0002.h5
HIP90297	https://bldata.berkeley.edu/pipeline/AGBT16B_999_100/holding/spliced_blc0001020304050607_guppi_57748_66892_HIP90297_0009.gpuspec.0002.h5
HIP90355	https://bldata.berkeley.edu/pipeline/AGBT17A_999_24/holding/spliced_blc0001020304050607_guppi_57825_50938_HIP90355_0020.gpuspec.0002.h5
HIP90415	https://bldata.berkeley.edu/pipeline/AGBT16B_999_100/holding/spliced_blc0001020304050607_guppi_57748_67597_HIP90415_0011.gpuspec.0002.h5
HIP90418	https://bldata.berkeley.edu/pipeline/AGBT17A_999_18/holding/spliced_blc0001020304050607_guppi_57815_57725_HIP90418_0031.gpuspec.0002.h5
HIP90495	https://bldata.berkeley.edu/bl_tess/s_band/spliced_blc0001020304050607_guppi_58819_78650_HIP90495_0113.gpuspec.0002.h5
HIP90527	https://bldata.berkeley.edu/bl_tess/s_band/spliced_blc0001020304050607_guppi_58819_79288_HIP90527_0115.gpuspec.0002.h5
HIP90542	https://bldata.berkeley.edu/pipeline/AGBT16B_999_71/holding/spliced_blc0001020304050607_guppi_57710_77463_HIP90542_0015.gpuspec.0002.h5
HIP9056	https://bldata.berkeley.edu/pipeline/AGBT17A_999_86/holding/spliced_blc0001020304050607_guppi_57928_50608_HIP9056_0033.gpuspec.0002.h5
HIP90565	https://bldata.berkeley.edu/pipeline/AGBT17A_999_24/holding/spliced_blc0001020304050607_guppi_57825_55965_HIP90565_0034.gpuspec.0002.h5
HIP90580	https://bldata.berkeley.edu/bl_tess/x_band/spliced_blc00010203040506o7o0111213141516o7o021222324252627_guppi_58810_13341_HIP90580_0033.gpuspec.0002.h5
HIP90661	https://bldata.berkeley.edu/pipeline/AGBT17A_999_24/holding/spliced_blc0001020304050607_guppi_57825_53057_HIP90661_0026.gpuspec.0002.h5
HIP90685	https://bldata.berkeley.edu/pipeline/AGBT16B_999_71/holding/spliced_blc0001020304050607_guppi_57710_78146_HIP90685_0017.gpuspec.0002.h5
HIP90693	https://bldata.berkeley.edu/pipeline/AGBT17A_999_24/holding/spliced_blc0001020304050607_guppi_57825_53834_HIP90693_0028.gpuspec.0002.h5
HIP90717	https://bldata.berkeley.edu/pipeline/AGBT17A_999_24/holding/spliced_blc0001020304050607_guppi_57825_56645_HIP90717_0036.gpuspec.0002.h5
HIP90722	https://bldata.berkeley.edu/pipeline/AGBT16B_999_100/holding/spliced_blc0001020304050607_guppi_57748_58697_HIP90722_0023.gpuspec.0002.h5
HIP90736	https://bldata.berkeley.edu/pipeline/AGBT16A_999_220/holding/spliced_blc0001020304050607_guppi_57552_26131_HIP90736_0022.gpuspec.0002.h5
HIP90745	https://bldata.berkeley.edu/pipeline/AGBT17A_999_24/holding/spliced_blc0001020304050607_guppi_57825_54520_HIP90745_0030.gpuspec.0002.h5
HIP90747	https://bldata.berkeley.edu/pipeline/AGBT16A_999_220/holding/spliced_blc0001020304050607_guppi_57552_26871_HIP90747_0024.gpuspec.0002.h5
HIP90774	https://bldata.berkeley.edu/pipeline/AGBT17A_999_24/holding/spliced_blc0001020304050607_guppi_57825_57320_HIP90774_0038.gpuspec.0002.h5
HIP90783	https://bldata.berkeley.edu/pipeline/AGBT16B_999_71/holding/spliced_blc0001020304050607_guppi_57710_78844_HIP90783_0019.gpuspec.0002.h5
HIP90809	https://bldata.berkeley.edu/pipeline/AGBT17A_999_25/holding/spliced_blc0001020304050607_guppi_57826_47474_HIP90809_0009.gpuspec.0002.h5
HIP90818	https://bldata.berkeley.edu/bl_tess/x_band/spliced_blc00010203040506o7o0111213141516o7o021222324252627_guppi_58810_12700_HIP90818_0031.gpuspec.0002.h5
HIP90833	https://bldata.berkeley.edu/pipeline/AGBT16A_999_241/holding/spliced_blc0001020304050607_guppi_57587_20979_Hip90833_0016.gpuspec.0002.h5
HIP90837	https://bldata.berkeley.edu/pipeline/AGBT16B_999_78/holding/spliced_blc0001020304050607_guppi_57720_71558_HIP90837_0040.gpuspec.0002.h5
HIP90866	https://bldata.berkeley.edu/pipeline/AGBT17A_999_25/holding/spliced_blc0001020304050607_guppi_57826_48212_HIP90866_0011.gpuspec.0002.h5
HIP90890	https://bldata.berkeley.edu/pipeline/AGBT17A_999_24/holding/spliced_blc0001020304050607_guppi_57825_55201_HIP90890_0032.gpuspec.0002.h5
HIP90920	https://bldata.berkeley.edu/pipeline/AGBT17A_999_25/holding/spliced_blc0001020304050607_guppi_57826_51896_HIP90920_0021.gpuspec.0002.h5
HIP90925	https://bldata.berkeley.edu/pipeline/AGBT17A_999_25/holding/spliced_blc0001020304050607_guppi_57826_54037_HIP90925_0027.gpuspec.0002.h5
HIP90949	https://bldata.berkeley.edu/pipeline/AGBT17A_999_25/holding/spliced_blc0001020304050607_guppi_57826_56203_HIP90949_0033.gpuspec.0002.h5
HIP90954	https://bldata.berkeley.edu/pipeline/AGBT17A_999_25/holding/spliced_blc0001020304050607_guppi_57826_48943_HIP90954_0013.gpuspec.0002.h5
HIP9096	https://bldata.berkeley.edu/pipeline/AGBT17A_999_71/holding/spliced_blc0001020304050607_guppi_57900_57215_HIP9096_0028.gpuspec.0002.h5
HIP90972	https://bldata.berkeley.edu/pipeline/AGBT16B_999_78/holding/spliced_blc0001020304050607_guppi_57720_72235_HIP90972_0042.gpuspec.0002.h5
HIP90977	https://bldata.berkeley.edu/pipeline/AGBT17A_999_25/holding/spliced_blc0001020304050607_guppi_57826_45167_HIP90977_0003.gpuspec.0002.h5
HIP90998	https://bldata.berkeley.edu/pipeline/AGBT16A_999_241/holding/spliced_blc0001020304050607_guppi_57587_21650_Hip90998_0018.gpuspec.0002.h5
HIP91005	https://bldata.berkeley.edu/pipeline/AGBT16B_999_78/holding/spliced_blc0001020304050607_guppi_57720_72916_HIP91005_0044.gpuspec.0002.h5
HIP91006	https://bldata.berkeley.edu/pipeline/AGBT17A_999_25/holding/spliced_blc0001020304050607_guppi_57826_53321_HIP91006_0025.gpuspec.0002.h5
HIP91022	https://bldata.berkeley.edu/pipeline/AGBT16B_999_100/holding/spliced_blc0001020304050607_guppi_57748_59395_HIP91022_0025.gpuspec.0002.h5
HIP91041	https://bldata.berkeley.edu/pipeline/AGBT17A_999_25/holding/spliced_blc0001020304050607_guppi_57826_54747_HIP91041_0029.gpuspec.0002.h5
HIP91044	https://bldata.berkeley.edu/pipeline/AGBT17A_999_25/holding/spliced_blc0001020304050607_guppi_57826_56908_HIP91044_0035.gpuspec.0002.h5
HIP91052	https://bldata.berkeley.edu/pipeline/AGBT17A_999_09/holding/spliced_blc0001020304050607_guppi_57804_51331_HIP91052_0009.gpuspec.0002.h5
HIP91058	https://bldata.berkeley.edu/pipeline/AGBT17A_999_25/holding/spliced_blc0001020304050607_guppi_57826_45950_HIP91058_0005.gpuspec.0002.h5
HIP91065	https://bldata.berkeley.edu/pipeline/AGBT17A_999_09/holding/spliced_blc0001020304050607_guppi_57804_52017_HIP91065_0011.gpuspec.0002.h5
HIP91073	https://bldata.berkeley.edu/pipeline/AGBT16B_999_31/holding/spliced_blc0001020304050607_guppi_57660_03355_HIP91073_0016.gpuspec.0002.h5
HIP91078	https://bldata.berkeley.edu/pipeline/AGBT16B_999_100/holding/spliced_blc0001020304050607_guppi_57748_68966_HIP91078_0015.gpuspec.0002.h5
HIP91086	https://bldata.berkeley.edu/pipeline/AGBT17A_999_25/holding/spliced_blc0001020304050607_guppi_57826_57610_HIP91086_0037.gpuspec.0002.h5
HIP91088	https://bldata.berkeley.edu/pipeline/AGBT17A_999_25/holding/spliced_blc0001020304050607_guppi_57826_55458_HIP91088_0031.gpuspec.0002.h5
HIP91101	https://bldata.berkeley.edu/pipeline/AGBT16B_999_31/holding/spliced_blc0001020304050607_guppi_57660_01158_HIP91101_0010.gpuspec.0002.h5
HIP9111	https://bldata.berkeley.edu/pipeline/AGBT17A_999_71/holding/spliced_blc0001020304050607_guppi_57900_58617_HIP9111_0032.gpuspec.0002.h5
HIP91119	https://bldata.berkeley.edu/pipeline/AGBT17A_999_25/holding/spliced_blc0001020304050607_guppi_57826_46719_HIP91119_0007.gpuspec.0002.h5
HIP91120	https://bldata.berkeley.edu/pipeline/AGBT16B_999_100/holding/spliced_blc0001020304050607_guppi_57748_69656_HIP91120_0017.gpuspec.0002.h5
HIP91136	https://bldata.berkeley.edu/pipeline/AGBT17A_999_09/holding/spliced_blc0001020304050607_guppi_57804_52693_HIP91136_0013.gpuspec.0002.h5
HIP91144	https://bldata.berkeley.edu/pipeline/AGBT17B_999_54/holding/spliced_blc0001020304050607_guppi_58064_74454_HIP91144_0038.gpuspec.0002.h5
HIP91145	https://bldata.berkeley.edu/pipeline/AGBT17B_999_54/holding/spliced_blc0001020304050607_guppi_58064_75558_HIP91145_0040.gpuspec.0002.h5
HIP91150	https://bldata.berkeley.edu/pipeline/AGBT16B_999_31/holding/spliced_blc0001020304050607_guppi_57660_01884_HIP91150_0012.gpuspec.0002.h5
HIP91168	https://bldata.berkeley.edu/pipeline/AGBT16B_999_31/holding/spliced_blc0001020304050607_guppi_57660_02609_HIP91168_0014.gpuspec.0002.h5
HIP91169	https://bldata.berkeley.edu/pipeline/AGBT16B_999_31/holding/spliced_blc0001020304050607_guppi_57660_05485_HIP91169_0022.gpuspec.0002.h5
HIP91192	https://bldata.berkeley.edu/pipeline/AGBT16B_999_100/holding/spliced_blc0001020304050607_guppi_57748_70341_HIP91192_0019.gpuspec.0002.h5
HIP91203	https://bldata.berkeley.edu/pipeline/AGBT16A_999_241/holding/spliced_blc0001020304050607_guppi_57587_22324_Hip91203_0020.gpuspec.0002.h5
HIP91205	https://bldata.berkeley.edu/pipeline/AGBT16B_999_31/holding/spliced_blc0001020304050607_guppi_57660_06197_HIP91205_0024.gpuspec.0002.h5
HIP91233	https://bldata.berkeley.edu/pipeline/AGBT16B_999_31/holding/spliced_blc0001020304050607_guppi_57660_04066_HIP91233_0018.gpuspec.0002.h5
HIP91234	https://bldata.berkeley.edu/pipeline/AGBT17B_999_54/holding/spliced_blc0001020304050607_guppi_58064_79406_HIP91234_0050.gpuspec.0002.h5
HIP91240	https://bldata.berkeley.edu/pipeline/AGBT16B_999_31/holding/spliced_blc0001020304050607_guppi_57660_04776_HIP91240_0020.gpuspec.0002.h5
HIP91258	https://bldata.berkeley.edu/pipeline/AGBT16B_999_38/holding/spliced_blc0001020304050607_guppi_57667_82006_HIP91258_0004.gpuspec.0002.h5
HIP9131	https://bldata.berkeley.edu/pipeline/AGBT17A_999_74/holding/spliced_blc0001020304050607_guppi_57903_49948_HIP9131_0011.gpuspec.0002.h5
HIP91315	https://bldata.berkeley.edu/pipeline/AGBT16B_999_38/holding/spliced_blc0001020304050607_guppi_57667_82675_HIP91315_0006.gpuspec.0002.h5
HIP91328	https://bldata.berkeley.edu/pipeline/AGBT17B_999_54/holding/spliced_blc0001020304050607_guppi_58064_81467_HIP91328_0056.gpuspec.0002.h5
HIP91357	https://bldata.berkeley.edu/pipeline/AGBT17B_999_54/holding/spliced_blc0001020304050607_guppi_58064_80089_HIP91357_0052.gpuspec.0002.h5
HIP91358	https://bldata.berkeley.edu/pipeline/AGBT17B_999_16/holding/spliced_blc2021222324252627_guppi_57993_06748_HIP91358_0009.gpuspec.0002.h5
HIP91364	https://bldata.berkeley.edu/pipeline/AGBT17B_999_92/holding/spliced_blc3031323334353637_guppi_58110_59077_HIP91364_0029.gpuspec.0002.h5
HIP91371	https://bldata.berkeley.edu/pipeline/AGBT16B_999_88/holding/spliced_blc0001020304050607_guppi_57732_67321_HIP91371_0040.gpuspec.0002.h5
HIP91384	https://bldata.berkeley.edu/pipeline/AGBT17B_999_16/holding/spliced_blc2021222324252627_guppi_57993_07417_HIP91384_0011.gpuspec.0002.h5
HIP91391	https://bldata.berkeley.edu/pipeline/AGBT16B_999_38/holding/spliced_blc0001020304050607_guppi_57667_83341_HIP91391_0008.gpuspec.0002.h5
HIP91397	https://bldata.berkeley.edu/pipeline/AGBT16B_999_88/holding/spliced_blc0001020304050607_guppi_57732_67999_HIP91397_0042.gpuspec.0002.h5
HIP91407	https://bldata.berkeley.edu/pipeline/AGBT16B_999_100/holding/spliced_blc0001020304050607_guppi_57748_60101_HIP91407_0027.gpuspec.0002.h5
HIP91410	https://bldata.berkeley.edu/pipeline/AGBT16B_999_31/holding/spliced_blc0001020304050607_guppi_57660_06908_HIP91410_0026.gpuspec.0002.h5
HIP91462	https://bldata.berkeley.edu/pipeline/AGBT17B_999_54/holding/spliced_blc0001020304050607_guppi_58064_82832_HIP91462_0060.gpuspec.0002.h5
HIP91491	https://bldata.berkeley.edu/pipeline/AGBT17B_999_54/holding/spliced_blc0001020304050607_guppi_58064_76395_HIP91491_0042.gpuspec.0002.h5
HIP91492	https://bldata.berkeley.edu/pipeline/AGBT17A_999_91/holding/spliced_blc0001020304050607_guppi_57936_26621_HIP91492_0027.gpuspec.0002.h5
HIP91493	https://bldata.berkeley.edu/pipeline/AGBT16B_999_31/holding/spliced_blc0001020304050607_guppi_57660_07619_HIP91493_0028.gpuspec.0002.h5
HIP91496	https://bldata.berkeley.edu/pipeline/AGBT17A_999_91/holding/spliced_blc0001020304050607_guppi_57936_27314_HIP91496_0029.gpuspec.0002.h5
HIP91501	https://bldata.berkeley.edu/pipeline/AGBT17A_999_91/holding/spliced_blc0001020304050607_guppi_57936_28003_HIP91501_0031.gpuspec.0002.h5
HIP91521	https://bldata.berkeley.edu/pipeline/AGBT17B_999_16/holding/spliced_blc2021222324252627_guppi_57993_08085_HIP91521_0013.gpuspec.0002.h5
HIP91611	https://bldata.berkeley.edu/pipeline/AGBT16B_999_100/holding/spliced_blc0001020304050607_guppi_57748_60803_HIP91611_0029.gpuspec.0002.h5
HIP91672	https://bldata.berkeley.edu/pipeline/AGBT16B_999_75/holding/spliced_blc0001020304050607_guppi_57715_82629_HIP91672_0058.gpuspec.0002.h5
HIP91704	https://bldata.berkeley.edu/pipeline/AGBT16B_999_75/holding/spliced_blc0001020304050607_guppi_57715_83316_HIP91704_0060.gpuspec.0002.h5
HIP91755	https://bldata.berkeley.edu/pipeline/AGBT16B_999_100/holding/spliced_blc0001020304050607_guppi_57748_61503_HIP91755_0031.gpuspec.0002.h5
HIP91766	https://bldata.berkeley.edu/pipeline/AGBT17A_999_33/holding/spliced_blc0001020304050607_guppi_57839_41001_HIP91766_0003.gpuspec.0002.h5
HIP91768	https://bldata.berkeley.edu/pipeline/AGBT16B_999_88/holding/spliced_blc0001020304050607_guppi_57732_68662_HIP91768_0044.gpuspec.0002.h5
HIP91772	https://bldata.berkeley.edu/pipeline/AGBT16B_999_91/holding/spliced_blc0001020304050607_guppi_57738_69695_HIP91772_0027.gpuspec.0002.h5
HIP91773	https://bldata.berkeley.edu/pipeline/AGBT16B_999_91/holding/spliced_blc0001020304050607_guppi_57738_70345_HIP91773_0029.gpuspec.0002.h5
HIP91780	https://bldata.berkeley.edu/pipeline/AGBT16B_999_91/holding/spliced_blc0001020304050607_guppi_57738_71009_HIP91780_0031.gpuspec.0002.h5
HIP91798	https://bldata.berkeley.edu/pipeline/AGBT17A_999_98/holding/spliced_blc1011121314151617_guppi_57957_22649_HIP91798_0016.gpuspec.0002.h5
HIP91801	https://bldata.berkeley.edu/pipeline/AGBT17A_999_33/holding/spliced_blc0001020304050607_guppi_57839_41709_HIP91801_0005.gpuspec.0002.h5
HIP91803	https://bldata.berkeley.edu/pipeline/AGBT17A_999_33/holding/spliced_blc0001020304050607_guppi_57839_42418_HIP91803_0007.gpuspec.0002.h5
HIP91816	https://bldata.berkeley.edu/pipeline/AGBT17A_999_98/holding/spliced_blc1011121314151617_guppi_57957_23334_HIP91816_0018.gpuspec.0002.h5
HIP91823	https://bldata.berkeley.edu/pipeline/AGBT16B_999_99/holding/spliced_blc0001020304050607_guppi_57746_65208_HIP91823_0040.gpuspec.0002.h5
HIP91828	https://bldata.berkeley.edu/pipeline/AGBT17A_999_33/holding/spliced_blc0001020304050607_guppi_57839_47482_HIP91828_0021.gpuspec.0002.h5
HIP91829	https://bldata.berkeley.edu/pipeline/AGBT17A_999_33/holding/spliced_blc0001020304050607_guppi_57839_48213_HIP91829_0023.gpuspec.0002.h5
HIP91878	https://bldata.berkeley.edu/pipeline/AGBT17A_999_98/holding/spliced_blc1011121314151617_guppi_57957_24023_HIP91878_0020.gpuspec.0002.h5
HIP91879	https://bldata.berkeley.edu/pipeline/AGBT17B_999_54/holding/spliced_blc0001020304050607_guppi_58064_80772_HIP91879_0054.gpuspec.0002.h5
HIP91881	https://bldata.berkeley.edu/pipeline/AGBT17A_999_33/holding/spliced_blc0001020304050607_guppi_57839_49717_HIP91881_0027.gpuspec.0002.h5
HIP91891	https://bldata.berkeley.edu/pipeline/AGBT17A_999_33/holding/spliced_blc0001020304050607_guppi_57839_48934_HIP91891_0025.gpuspec.0002.h5
HIP91902	https://bldata.berkeley.edu/pipeline/AGBT16B_999_99/holding/spliced_blc0001020304050607_guppi_57746_65876_HIP91902_0042.gpuspec.0002.h5
HIP91935	https://bldata.berkeley.edu/pipeline/AGBT16B_999_99/holding/spliced_blc0001020304050607_guppi_57746_66548_HIP91935_0044.gpuspec.0002.h5
HIP91941	https://bldata.berkeley.edu/pipeline/AGBT16B_999_100/holding/spliced_blc0001020304050607_guppi_57748_51716_HIP91941_0003.gpuspec.0002.h5
HIP9197	https://bldata.berkeley.edu/pipeline/AGBT17A_999_71/holding/spliced_blc0001020304050607_guppi_57900_59313_HIP9197_0034.gpuspec.0002.h5
HIP91983	https://bldata.berkeley.edu/pipeline/AGBT16B_999_100/holding/spliced_blc0001020304050607_guppi_57748_52395_HIP91983_0005.gpuspec.0002.h5
HIP92052	https://bldata.berkeley.edu/pipeline/AGBT16B_999_75/holding/spliced_blc0001020304050607_guppi_57715_84003_HIP92052_0062.gpuspec.0002.h5
HIP92069	https://bldata.berkeley.edu/pipeline/AGBT16B_999_100/holding/spliced_blc0001020304050607_guppi_57748_53070_HIP92069_0007.gpuspec.0002.h5
HIP92073	https://bldata.berkeley.edu/pipeline/AGBT16B_999_106/holding/spliced_blc0001020304050607_guppi_57753_68439_HIP92073_0022.gpuspec.0002.h5
HIP92127	https://bldata.berkeley.edu/pipeline/AGBT17A_999_98/holding/spliced_blc1011121314151617_guppi_57957_26932_HIP92127_0028.gpuspec.0002.h5
HIP92153	https://bldata.berkeley.edu/pipeline/AGBT16B_999_106/holding/spliced_blc0001020304050607_guppi_57753_69108_HIP92153_0024.gpuspec.0002.h5
HIP9216	https://bldata.berkeley.edu/pipeline/AGBT17A_999_86/holding/spliced_blc0001020304050607_guppi_57928_51280_HIP9216_0035.gpuspec.0002.h5
HIP92193	https://bldata.berkeley.edu/bl_tess/c_band/spliced_blc10111213141516o7o0212223242526o7o0313233343536o7o051525354555657_guppi_58860_48397_HIP92193_0040.gpuspec.0002.h5
HIP92216	https://bldata.berkeley.edu/pipeline/AGBT17A_999_39/holding/spliced_blc0001020304050607_guppi_57848_39248_HIP92216_0003.gpuspec.0002.h5
HIP92219	https://bldata.berkeley.edu/pipeline/AGBT16B_999_71/holding/spliced_blc0001020304050607_guppi_57710_79553_HIP92219_0021.gpuspec.0002.h5
HIP92243	https://bldata.berkeley.edu/pipeline/AGBT17A_999_39/holding/spliced_blc0001020304050607_guppi_57848_39959_HIP92243_0005.gpuspec.0002.h5
HIP92247	https://bldata.berkeley.edu/pipeline/AGBT16B_999_71/holding/spliced_blc0001020304050607_guppi_57710_80227_HIP92247_0023.gpuspec.0002.h5
HIP92269	https://bldata.berkeley.edu/pipeline/AGBT16B_999_71/holding/spliced_blc0001020304050607_guppi_57710_80899_HIP92269_0025.gpuspec.0002.h5
HIP92338	https://bldata.berkeley.edu/pipeline/AGBT17A_999_39/holding/spliced_blc0001020304050607_guppi_57848_40687_HIP92338_0007.gpuspec.0002.h5
HIP92346	https://bldata.berkeley.edu/pipeline/AGBT17A_999_98/holding/spliced_blc1011121314151617_guppi_57957_27606_HIP92346_0030.gpuspec.0002.h5
HIP92359	https://bldata.berkeley.edu/pipeline/AGBT18A_999_36/holding/spliced_blc0001020304050607_guppi_58210_43435_HIP92359_0044.gpuspec.0002.h5
HIP92371	https://bldata.berkeley.edu/pipeline/AGBT17A_999_91/holding/spliced_blc0001020304050607_guppi_57936_28729_HIP92371_0033.gpuspec.0002.h5
HIP92376	https://bldata.berkeley.edu/pipeline/AGBT16B_999_115/holding/spliced_blc0001020304050607_guppi_57761_59287_HIP92376_0034.gpuspec.0002.h5
HIP92396	https://bldata.berkeley.edu/pipeline/AGBT18A_999_36/holding/spliced_blc0001020304050607_guppi_58210_44159_HIP92396_0046.gpuspec.0002.h5
HIP92398	https://bldata.berkeley.edu/pipeline/AGBT18A_999_36/holding/spliced_blc0001020304050607_guppi_58210_44867_HIP92398_0048.gpuspec.0002.h5
HIP92410	https://bldata.berkeley.edu/pipeline/AGBT17A_999_98/holding/spliced_blc1011121314151617_guppi_57957_28281_HIP92410_0032.gpuspec.0002.h5
HIP92461	https://bldata.berkeley.edu/pipeline/AGBT16B_999_115/holding/spliced_blc0001020304050607_guppi_57761_59956_HIP92461_0036.gpuspec.0002.h5
HIP92555	https://bldata.berkeley.edu/pipeline/AGBT16B_999_115/holding/spliced_blc0001020304050607_guppi_57761_60626_HIP92555_0038.gpuspec.0002.h5
HIP92657	https://bldata.berkeley.edu/pipeline/AGBT17A_999_39/holding/spliced_blc0001020304050607_guppi_57848_47825_HIP92657_0027.gpuspec.0002.h5
HIP92670	https://bldata.berkeley.edu/pipeline/AGBT17A_999_91/holding/spliced_blc0001020304050607_guppi_57936_29405_HIP92670_0035.gpuspec.0002.h5
HIP92675	https://bldata.berkeley.edu/pipeline/AGBT17A_999_91/holding/spliced_blc0001020304050607_guppi_57936_30080_HIP92675_0037.gpuspec.0002.h5
HIP9268	https://bldata.berkeley.edu/pipeline/AGBT17A_999_74/holding/spliced_blc0001020304050607_guppi_57903_48631_HIP9268_0007.gpuspec.0002.h5
HIP92693	https://bldata.berkeley.edu/pipeline/AGBT17A_999_39/holding/spliced_blc0001020304050607_guppi_57848_45743_HIP92693_0021.gpuspec.0002.h5
HIP92708	https://bldata.berkeley.edu/pipeline/AGBT17A_999_39/holding/spliced_blc0001020304050607_guppi_57848_48522_HIP92708_0029.gpuspec.0002.h5
HIP92741	https://bldata.berkeley.edu/pipeline/AGBT17A_999_39/holding/spliced_blc0001020304050607_guppi_57848_42122_HIP92741_0011.gpuspec.0002.h5
HIP92770	https://bldata.berkeley.edu/pipeline/AGBT16B_999_35/holding/spliced_blc0001020304050607_guppi_57664_84786_HIP92770_0040.gpuspec.0002.h5
HIP92793	https://bldata.berkeley.edu/pipeline/AGBT17A_999_10/holding/spliced_blc0001020304050607_guppi_57805_49047_HIP92793_0003.gpuspec.0002.h5
HIP92809	https://bldata.berkeley.edu/pipeline/AGBT17A_999_39/holding/spliced_blc0001020304050607_guppi_57848_43549_HIP92809_0015.gpuspec.0002.h5
HIP92825	https://bldata.berkeley.edu/pipeline/AGBT17A_999_39/holding/spliced_blc0001020304050607_guppi_57848_42817_HIP92825_0013.gpuspec.0002.h5
HIP92829	https://bldata.berkeley.edu/pipeline/AGBT17A_999_42/holding/spliced_blc0001020304050607_guppi_57852_39415_HIP92829_0003.gpuspec.0002.h5
HIP9283	https://bldata.berkeley.edu/pipeline/AGBT17A_999_71/holding/spliced_blc0001020304050607_guppi_57900_61397_HIP9283_0040.gpuspec.0002.h5
HIP92859	https://bldata.berkeley.edu/pipeline/AGBT17A_999_39/holding/spliced_blc0001020304050607_guppi_57848_49218_HIP92859_0031.gpuspec.0002.h5
HIP92884	https://bldata.berkeley.edu/pipeline/AGBT16B_999_35/holding/spliced_blc0001020304050607_guppi_57664_85488_HIP92884_0042.gpuspec.0002.h5
HIP92911	https://bldata.berkeley.edu/pipeline/AGBT17A_999_39/holding/spliced_blc0001020304050607_guppi_57848_44266_HIP92911_0017.gpuspec.0002.h5
HIP92932	https://bldata.berkeley.edu/pipeline/AGBT17A_999_42/holding/spliced_blc0001020304050607_guppi_57852_40172_HIP92932_0005.gpuspec.0002.h5
HIP92936	https://bldata.berkeley.edu/pipeline/AGBT17B_999_32/holding/spliced_blc1011121314151617_guppi_58014_02849_HIP92936_0039.gpuspec.0002.h5
HIP92963	https://bldata.berkeley.edu/pipeline/AGBT16B_999_35/holding/spliced_blc0001020304050607_guppi_57664_86189_HIP92963_0044.gpuspec.0002.h5
HIP92967	https://bldata.berkeley.edu/pipeline/AGBT17A_999_39/holding/spliced_blc0001020304050607_guppi_57848_46434_HIP92967_0023.gpuspec.0002.h5
HIP93008	https://bldata.berkeley.edu/pipeline/AGBT17A_999_39/holding/spliced_blc0001020304050607_guppi_57848_47123_HIP93008_0025.gpuspec.0002.h5
HIP93013	https://bldata.berkeley.edu/pipeline/AGBT17A_999_10/holding/spliced_blc0001020304050607_guppi_57805_49735_HIP93013_0005.gpuspec.0002.h5
HIP93024	https://bldata.berkeley.edu/pipeline/AGBT17A_999_39/holding/spliced_blc0001020304050607_guppi_57848_44985_HIP93024_0019.gpuspec.0002.h5
HIP93037	https://bldata.berkeley.edu/pipeline/AGBT17A_999_42/holding/spliced_blc0001020304050607_guppi_57852_40946_HIP93037_0007.gpuspec.0002.h5
HIP93112	https://bldata.berkeley.edu/pipeline/AGBT16B_999_108/holding/spliced_blc0001020304050607_guppi_57754_73984_HIP93112_0006.gpuspec.0002.h5
HIP93130	https://bldata.berkeley.edu/pipeline/AGBT17A_999_42/holding/spliced_blc0001020304050607_guppi_57852_42414_HIP93130_0011.gpuspec.0002.h5
HIP93138	https://bldata.berkeley.edu/pipeline/AGBT17A_999_42/holding/spliced_blc0001020304050607_guppi_57852_43110_HIP93138_0013.gpuspec.0002.h5
HIP93161	https://bldata.berkeley.edu/pipeline/AGBT16B_999_108/holding/spliced_blc0001020304050607_guppi_57754_74662_HIP93161_0008.gpuspec.0002.h5
HIP93187	https://bldata.berkeley.edu/pipeline/AGBT16B_999_108/holding/spliced_blc0001020304050607_guppi_57754_76028_HIP93187_0012.gpuspec.0002.h5
HIP93230	https://bldata.berkeley.edu/pipeline/AGBT17B_999_32/holding/spliced_blc1011121314151617_guppi_58014_03529_HIP93230_0041.gpuspec.0002.h5
HIP93294	https://bldata.berkeley.edu/pipeline/AGBT18A_999_49/holding/spliced_blc0001020304050607_guppi_58232_41542_HIP93294_0048.gpuspec.0002.h5
HIP93306	https://bldata.berkeley.edu/pipeline/AGBT16B_999_108/holding/spliced_blc0001020304050607_guppi_57754_76699_HIP93306_0014.gpuspec.0002.h5
HIP93388	https://bldata.berkeley.edu/pipeline/AGBT17A_999_42/holding/spliced_blc0001020304050607_guppi_57852_43806_HIP93388_0015.gpuspec.0002.h5
HIP93461	https://bldata.berkeley.edu/pipeline/AGBT17A_999_42/holding/spliced_blc0001020304050607_guppi_57852_44506_HIP93461_0017.gpuspec.0002.h5
HIP93490	https://bldata.berkeley.edu/pipeline/AGBT16B_999_108/holding/spliced_blc0001020304050607_guppi_57754_77371_HIP93490_0016.gpuspec.0002.h5
HIP93509	https://bldata.berkeley.edu/pipeline/AGBT17A_999_42/holding/spliced_blc0001020304050607_guppi_57852_45208_HIP93509_0019.gpuspec.0002.h5
HIP93541	https://bldata.berkeley.edu/pipeline/AGBT16B_999_108/holding/spliced_blc0001020304050607_guppi_57754_75336_HIP93541_0010.gpuspec.0002.h5
HIP93573	https://bldata.berkeley.edu/pipeline/AGBT18A_999_49/holding/spliced_blc0001020304050607_guppi_58232_42198_HIP93573_0050.gpuspec.0002.h5
HIP9361	https://bldata.berkeley.edu/pipeline/AGBT17A_999_86/holding/spliced_blc0001020304050607_guppi_57928_51946_HIP9361_0037.gpuspec.0002.h5
HIP93711	https://bldata.berkeley.edu/pipeline/AGBT16B_999_106/holding/spliced_blc0001020304050607_guppi_57753_70482_HIP93711_0028.gpuspec.0002.h5
HIP9383	https://bldata.berkeley.edu/pipeline/AGBT17A_999_71/holding/spliced_blc0001020304050607_guppi_57900_60009_HIP9383_0036.gpuspec.0002.h5
HIP93959	https://bldata.berkeley.edu/pipeline/AGBT18A_999_49/holding/spliced_blc0001020304050607_guppi_58232_42858_HIP93959_0052.gpuspec.0002.h5
HIP93979	https://bldata.berkeley.edu/pipeline/AGBT16B_999_108/holding/spliced_blc0001020304050607_guppi_57754_78086_HIP93979_0018.gpuspec.0002.h5
HIP94000	https://bldata.berkeley.edu/pipeline/AGBT16B_999_108/holding/spliced_blc0001020304050607_guppi_57754_78759_HIP94000_0020.gpuspec.0002.h5
HIP9410	https://bldata.berkeley.edu/pipeline/AGBT17A_999_71/holding/spliced_blc0001020304050607_guppi_57900_57879_HIP9410_0030.gpuspec.0002.h5
HIP94140	https://bldata.berkeley.edu/pipeline/AGBT18A_999_49/holding/spliced_blc0001020304050607_guppi_58232_39575_HIP94140_0042.gpuspec.0002.h5
HIP94177	https://bldata.berkeley.edu/pipeline/AGBT17A_999_42/holding/spliced_blc0001020304050607_guppi_57852_45951_HIP94177_0021.gpuspec.0002.h5
HIP94250	https://bldata.berkeley.edu/pipeline/AGBT17A_999_42/holding/spliced_blc0001020304050607_guppi_57852_48142_HIP94250_0027.gpuspec.0002.h5
HIP94257	https://bldata.berkeley.edu/pipeline/AGBT18A_999_49/holding/spliced_blc0001020304050607_guppi_58232_40228_HIP94257_0044.gpuspec.0002.h5
HIP94293	https://bldata.berkeley.edu/pipeline/AGBT16B_999_108/holding/spliced_blc0001020304050607_guppi_57754_79436_HIP94293_0022.gpuspec.0002.h5
HIP94342	https://bldata.berkeley.edu/pipeline/AGBT17A_999_42/holding/spliced_blc0001020304050607_guppi_57852_46662_HIP94342_0023.gpuspec.0002.h5
HIP94366	https://bldata.berkeley.edu/pipeline/AGBT17A_999_42/holding/spliced_blc0001020304050607_guppi_57852_47370_HIP94366_0025.gpuspec.0002.h5
HIP94423	https://bldata.berkeley.edu/pipeline/AGBT17A_999_42/holding/spliced_blc0001020304050607_guppi_57852_48829_HIP94423_0029.gpuspec.0002.h5
HIP94456	https://bldata.berkeley.edu/pipeline/AGBT17A_999_42/holding/spliced_blc0001020304050607_guppi_57852_49517_HIP94456_0031.gpuspec.0002.h5
HIP9446	https://bldata.berkeley.edu/pipeline/AGBT17A_999_74/holding/spliced_blc0001020304050607_guppi_57903_50615_HIP9446_0013.gpuspec.0002.h5
HIP94472	https://bldata.berkeley.edu/pipeline/AGBT16B_999_108/holding/spliced_blc0001020304050607_guppi_57754_80124_HIP94472_0024.gpuspec.0002.h5
HIP94501	https://bldata.berkeley.edu/bl_tess/c_band/spliced_blc10111213141516o7o0212223242526o7o0313233343536o7o051525354555657_guppi_58860_44538_HIP94501_0028.gpuspec.0002.h5
HIP94505	https://bldata.berkeley.edu/pipeline/AGBT18A_999_49/holding/spliced_blc0001020304050607_guppi_58232_40885_HIP94505_0046.gpuspec.0002.h5
HIP94565	https://bldata.berkeley.edu/pipeline/AGBT16B_999_108/holding/spliced_blc0001020304050607_guppi_57754_80793_HIP94565_0026.gpuspec.0002.h5
HIP94609	https://bldata.berkeley.edu/bl_tess/s_band/spliced_blc0001020304050607_guppi_58819_67985_HIP94609_0082.gpuspec.0002.h5
HIP94613	https://bldata.berkeley.edu/pipeline/AGBT17A_999_42/holding/spliced_blc0001020304050607_guppi_57852_50210_HIP94613_0033.gpuspec.0002.h5
HIP94634	https://bldata.berkeley.edu/pipeline/AGBT17A_999_27/holding/spliced_blc0001020304050607_guppi_57830_37022_HIP94634_0045.gpuspec.0002.h5
HIP947	https://bldata.berkeley.edu/pipeline/AGBT16A_999_189/holding/spliced_blc0001020304050607_guppi_57522_61451_HIP947_0020.gpuspec.0002.h5
HIP94718	https://bldata.berkeley.edu/pipeline/AGBT17A_999_42/holding/spliced_blc0001020304050607_guppi_57852_50896_HIP94718_0035.gpuspec.0002.h5
HIP94720	https://bldata.berkeley.edu/pipeline/AGBT17A_999_42/holding/spliced_blc0001020304050607_guppi_57852_51579_HIP94720_0037.gpuspec.0002.h5
HIP94721	https://bldata.berkeley.edu/pipeline/AGBT16B_999_108/holding/spliced_blc0001020304050607_guppi_57754_81464_HIP94721_0028.gpuspec.0002.h5
HIP94797	https://bldata.berkeley.edu/pipeline/AGBT17A_999_27/holding/spliced_blc0001020304050607_guppi_57830_37713_HIP94797_0047.gpuspec.0002.h5
HIP94835	https://bldata.berkeley.edu/pipeline/AGBT16B_999_109/holding/spliced_blc0001020304050607_guppi_57755_74091_HIP94835_0010.gpuspec.0002.h5
HIP94848	https://bldata.berkeley.edu/pipeline/AGBT17A_999_51/holding/spliced_blc0001020304050607_guppi_57867_34902_HIP94848_0003.gpuspec.0002.h5
HIP94851	https://bldata.berkeley.edu/pipeline/AGBT17A_999_51/holding/spliced_blc0001020304050607_guppi_57867_35579_HIP94851_0005.gpuspec.0002.h5
HIP94860	https://bldata.berkeley.edu/pipeline/AGBT16B_999_109/holding/spliced_blc0001020304050607_guppi_57755_74759_HIP94860_0012.gpuspec.0002.h5
HIP94865	https://bldata.berkeley.edu/pipeline/AGBT17A_999_27/holding/spliced_blc0001020304050607_guppi_57830_38399_HIP94865_0049.gpuspec.0002.h5
HIP94901	https://bldata.berkeley.edu/bl_tess/c_band/spliced_blc10111213141516o7o0212223242526o7o0313233343536o7o051525354555657_guppi_58860_45835_HIP94901_0032.gpuspec.0002.h5
HIP94947	https://bldata.berkeley.edu/pipeline/AGBT17A_999_51/holding/spliced_blc0001020304050607_guppi_57867_37037_HIP94947_0009.gpuspec.0002.h5
HIP95008	https://bldata.berkeley.edu/pipeline/AGBT17A_999_51/holding/spliced_blc0001020304050607_guppi_57867_37747_HIP95008_0011.gpuspec.0002.h5
HIP95015	https://bldata.berkeley.edu/pipeline/AGBT17A_999_51/holding/spliced_blc0001020304050607_guppi_57867_36257_HIP95015_0007.gpuspec.0002.h5
HIP95042	https://bldata.berkeley.edu/bl_tess/x_band/spliced_blc00010203040506o7o0111213141516o7o021222324252627_guppi_58810_15473_HIP95042_0040.gpuspec.0002.h5
HIP95087	https://bldata.berkeley.edu/pipeline/AGBT16B_999_108/holding/spliced_blc0001020304050607_guppi_57754_72583_HIP95087_0002.gpuspec.0002.h5
HIP95088	https://bldata.berkeley.edu/pipeline/AGBT17A_999_51/holding/spliced_blc0001020304050607_guppi_57867_39182_HIP95088_0015.gpuspec.0002.h5
HIP95161	https://bldata.berkeley.edu/pipeline/AGBT17A_999_51/holding/spliced_blc0001020304050607_guppi_57867_39879_HIP95161_0017.gpuspec.0002.h5
HIP95167	https://bldata.berkeley.edu/pipeline/AGBT16B_999_108/holding/spliced_blc0001020304050607_guppi_57754_73256_HIP95167_0004.gpuspec.0002.h5
HIP95191	https://bldata.berkeley.edu/pipeline/AGBT17A_999_51/holding/spliced_blc0001020304050607_guppi_57867_41270_HIP95191_0021.gpuspec.0002.h5
HIP95194	https://bldata.berkeley.edu/bl_tess/l_band/spliced_blc4041424344454647_guppi_58844_09167_HIP95194_0023.gpuspec.0002.h5
HIP95234	https://bldata.berkeley.edu/pipeline/AGBT17A_999_44/holding/spliced_blc0001020304050607_guppi_57858_36501_HIP95234_0003.gpuspec.0002.h5
HIP95248	https://bldata.berkeley.edu/pipeline/AGBT17A_999_51/holding/spliced_blc0001020304050607_guppi_57867_41964_HIP95248_0023.gpuspec.0002.h5
HIP95253	https://bldata.berkeley.edu/pipeline/AGBT17A_999_51/holding/spliced_blc0001020304050607_guppi_57867_40573_HIP95253_0019.gpuspec.0002.h5
HIP95269	https://bldata.berkeley.edu/pipeline/AGBT17B_999_93/holding/spliced_blc1011121314151617_guppi_58110_63699_HIP95269_0040.gpuspec.0002.h5
HIP95271	https://bldata.berkeley.edu/bl_tess/s_band/spliced_blc0001020304050607_guppi_58819_69268_HIP95271_0086.gpuspec.0002.h5
HIP95300	https://bldata.berkeley.edu/pipeline/AGBT17A_999_44/holding/spliced_blc0001020304050607_guppi_57858_37201_HIP95300_0005.gpuspec.0002.h5
HIP95312	https://bldata.berkeley.edu/pipeline/AGBT17A_999_51/holding/spliced_blc0001020304050607_guppi_57867_38454_HIP95312_0013.gpuspec.0002.h5
HIP9545	https://bldata.berkeley.edu/pipeline/AGBT16A_999_194/holding/spliced_blc0001020304050607_guppi_57525_56265_HIP9545_0004.gpuspec.0002.h5
HIP95473	https://bldata.berkeley.edu/pipeline/AGBT17A_999_44/holding/spliced_blc0001020304050607_guppi_57858_37902_HIP95473_0007.gpuspec.0002.h5
HIP95478	https://bldata.berkeley.edu/pipeline/AGBT17A_999_51/holding/spliced_blc0001020304050607_guppi_57867_42655_HIP95478_0025.gpuspec.0002.h5
HIP95520	https://bldata.berkeley.edu/bl_tess/s_band/spliced_blc0001020304050607_guppi_58819_69927_HIP95520_0088.gpuspec.0002.h5
HIP9563	https://bldata.berkeley.edu/pipeline/AGBT16A_999_194/holding/spliced_blc0001020304050607_guppi_57525_56945_HIP9563_0006.gpuspec.0002.h5
HIP95656	https://bldata.berkeley.edu/pipeline/AGBT16B_999_109/holding/spliced_blc0001020304050607_guppi_57755_76143_HIP95656_0016.gpuspec.0002.h5
HIP9566	https://bldata.berkeley.edu/pipeline/AGBT16A_999_194/holding/spliced_blc0001020304050607_guppi_57525_57626_HIP9566_0008.gpuspec.0002.h5
HIP95737	https://bldata.berkeley.edu/pipeline/AGBT16B_999_109/holding/spliced_blc0001020304050607_guppi_57755_76823_HIP95737_0018.gpuspec.0002.h5
HIP95845	https://bldata.berkeley.edu/pipeline/AGBT17A_999_51/holding/spliced_blc0001020304050607_guppi_57867_43347_HIP95845_0027.gpuspec.0002.h5
HIP95852	https://bldata.berkeley.edu/bl_tess/l_band/spliced_blc4041424344454647_guppi_58844_09803_HIP95852_0025.gpuspec.0002.h5
HIP95868	https://bldata.berkeley.edu/pipeline/AGBT17A_999_51/holding/spliced_blc0001020304050607_guppi_57867_44046_HIP95868_0029.gpuspec.0002.h5
HIP95872	https://bldata.berkeley.edu/pipeline/AGBT16B_999_109/holding/spliced_blc0001020304050607_guppi_57755_79519_HIP95872_0026.gpuspec.0002.h5
HIP95920	https://bldata.berkeley.edu/pipeline/AGBT16B_999_109/holding/spliced_blc0001020304050607_guppi_57755_75438_HIP95920_0014.gpuspec.0002.h5
HIP9601	https://bldata.berkeley.edu/pipeline/AGBT17A_999_71/holding/spliced_blc0001020304050607_guppi_57900_62082_HIP9601_0042.gpuspec.0002.h5
HIP96019	https://bldata.berkeley.edu/pipeline/AGBT17A_999_51/holding/spliced_blc0001020304050607_guppi_57867_45489_HIP96019_0033.gpuspec.0002.h5
HIP96032	https://bldata.berkeley.edu/pipeline/AGBT17A_999_51/holding/spliced_blc0001020304050607_guppi_57867_44744_HIP96032_0031.gpuspec.0002.h5
HIP96098	https://bldata.berkeley.edu/pipeline/AGBT17A_999_51/holding/spliced_blc0001020304050607_guppi_57867_46186_HIP96098_0035.gpuspec.0002.h5
HIP96112	https://bldata.berkeley.edu/bl_tess/c_band/spliced_blc10111213141516o7o0212223242526o7o0313233343536o7o051525354555657_guppi_58860_45198_HIP96112_0030.gpuspec.0002.h5
HIP96163	https://bldata.berkeley.edu/pipeline/AGBT17A_999_44/holding/spliced_blc0001020304050607_guppi_57858_39253_HIP96163_0011.gpuspec.0002.h5
HIP96189	https://bldata.berkeley.edu/pipeline/AGBT17A_999_51/holding/spliced_blc0001020304050607_guppi_57867_46876_HIP96189_0037.gpuspec.0002.h5
HIP96264	https://bldata.berkeley.edu/pipeline/AGBT17B_999_93/holding/spliced_blc1011121314151617_guppi_58110_64356_HIP96264_0042.gpuspec.0002.h5
HIP96306	https://bldata.berkeley.edu/bl_tess/l_band/spliced_blc4041424344454647_guppi_58844_10447_HIP96306_0027.gpuspec.0002.h5
HIP96340	https://bldata.berkeley.edu/pipeline/AGBT16A_999_247/holding/spliced_blc0001020304050607_guppi_57598_15336_Hip96340_0052.gpuspec.0002.h5
HIP96387	https://bldata.berkeley.edu/pipeline/AGBT16A_999_247/holding/spliced_blc0001020304050607_guppi_57598_16100_Hip96387_0054.gpuspec.0002.h5
HIP96446	https://bldata.berkeley.edu/pipeline/AGBT16A_999_247/holding/spliced_blc0001020304050607_guppi_57598_16958_Hip96446_0056.gpuspec.0002.h5
HIP96477	https://bldata.berkeley.edu/pipeline/AGBT16B_999_35/holding/spliced_blc0001020304050607_guppi_57665_00657_HIP96477_0046.gpuspec.0002.h5
HIP96482	https://bldata.berkeley.edu/pipeline/AGBT16A_999_233/holding/spliced_blc0001020304050607_guppi_57574_23173_HIP96482_0004.gpuspec.0002.h5
HIP96621	https://bldata.berkeley.edu/pipeline/AGBT17A_999_98/holding/spliced_blc1011121314151617_guppi_57957_29685_HIP96621_0036.gpuspec.0002.h5
HIP96632	https://bldata.berkeley.edu/pipeline/AGBT16A_999_233/holding/spliced_blc0001020304050607_guppi_57574_23868_HIP96632_0006.gpuspec.0002.h5
HIP96660	https://bldata.berkeley.edu/pipeline/AGBT16B_999_35/holding/spliced_blc0001020304050607_guppi_57665_01472_HIP96660_0048.gpuspec.0002.h5
HIP96702	https://bldata.berkeley.edu/pipeline/AGBT17B_999_93/holding/spliced_blc1011121314151617_guppi_58110_65012_HIP96702_0044.gpuspec.0002.h5
HIP96742	https://bldata.berkeley.edu/pipeline/AGBT17A_999_44/holding/spliced_blc0001020304050607_guppi_57858_39927_HIP96742_0013.gpuspec.0002.h5
HIP96759	https://bldata.berkeley.edu/pipeline/AGBT16B_999_35/holding/spliced_blc0001020304050607_guppi_57665_02240_HIP96759_0050.gpuspec.0002.h5
HIP96771	https://bldata.berkeley.edu/bl_tess/l_band/spliced_blc4041424344454647_guppi_58844_11098_HIP96771_0029.gpuspec.0002.h5
HIP96773	https://bldata.berkeley.edu/bl_tess/l_band/spliced_blc4041424344454647_guppi_58844_11745_HIP96773_0031.gpuspec.0002.h5
HIP96842	https://bldata.berkeley.edu/pipeline/AGBT16A_999_233/holding/spliced_blc0001020304050607_guppi_57574_24559_HIP96842_0008.gpuspec.0002.h5
HIP96906	https://bldata.berkeley.edu/pipeline/AGBT16B_999_10/holding/spliced_blc0001020304050607_guppi_57619_11352_Hip96906_0041.gpuspec.0002.h5
HIP96924	https://bldata.berkeley.edu/pipeline/AGBT16B_999_10/holding/spliced_blc0001020304050607_guppi_57619_12132_Hip96924_0043.gpuspec.0002.h5
HIP96933	https://bldata.berkeley.edu/bl_tess/l_band/spliced_blc4041424344454647_guppi_58844_12388_HIP96933_0033.gpuspec.0002.h5
HIP96943	https://bldata.berkeley.edu/pipeline/AGBT16B_999_35/holding/spliced_blc0001020304050607_guppi_57665_03042_HIP96943_0052.gpuspec.0002.h5
HIP96969	https://bldata.berkeley.edu/pipeline/AGBT16B_999_35/holding/spliced_blc0001020304050607_guppi_57665_03757_HIP96969_0054.gpuspec.0002.h5
HIP96976	https://bldata.berkeley.edu/pipeline/AGBT16B_999_35/holding/spliced_blc0001020304050607_guppi_57665_04471_HIP96976_0056.gpuspec.0002.h5
HIP97011	https://bldata.berkeley.edu/pipeline/AGBT16B_999_10/holding/spliced_blc0001020304050607_guppi_57619_12905_Hip97011_0045.gpuspec.0002.h5
HIP97030	https://bldata.berkeley.edu/pipeline/AGBT16B_999_10/holding/spliced_blc0001020304050607_guppi_57619_13742_Hip97030_0047.gpuspec.0002.h5
HIP97065	https://bldata.berkeley.edu/pipeline/AGBT16B_999_10/holding/spliced_blc0001020304050607_guppi_57619_14447_Hip97065_0049.gpuspec.0002.h5
HIP97155	https://bldata.berkeley.edu/pipeline/AGBT16A_999_241/holding/spliced_blc0001020304050607_guppi_57587_16716_Hip97155_0004.gpuspec.0002.h5
HIP97201	https://bldata.berkeley.edu/pipeline/AGBT16A_999_177/holding/spliced_blc0001020304050607_guppi_57514_43357_HIP97201_0016.gpuspec.0002.h5
HIP97216	https://bldata.berkeley.edu/pipeline/AGBT16B_999_10/holding/spliced_blc0001020304050607_guppi_57619_15852_Hip97216_0053.gpuspec.0002.h5
HIP97232	https://bldata.berkeley.edu/pipeline/AGBT16B_999_45/holding/spliced_blc0001020304050607_guppi_57676_82023_HIP97232_0040.gpuspec.0002.h5
HIP97286	https://bldata.berkeley.edu/bl_tess/s_band/spliced_blc0001020304050607_guppi_58819_66667_HIP97286_0078.gpuspec.0002.h5
HIP97292	https://bldata.berkeley.edu/pipeline/AGBT16A_999_177/holding/spliced_blc0001020304050607_guppi_57514_44049_HIP97292_0018.gpuspec.0002.h5
HIP97313	https://bldata.berkeley.edu/pipeline/AGBT16A_999_177/holding/spliced_blc0001020304050607_guppi_57514_44732_HIP97313_0020.gpuspec.0002.h5
HIP97319	https://bldata.berkeley.edu/pipeline/AGBT17A_999_55/holding/spliced_blc0001020304050607_guppi_57871_47363_HIP97319_0040.gpuspec.0002.h5
HIP97380	https://bldata.berkeley.edu/pipeline/AGBT16B_999_10/holding/spliced_blc0001020304050607_guppi_57619_15149_Hip97380_0051.gpuspec.0002.h5
HIP97387	https://bldata.berkeley.edu/pipeline/AGBT17A_999_87/holding/spliced_blc1011121314151617_guppi_57929_18451_HIP97387_0003.gpuspec.0002.h5
HIP97416	https://bldata.berkeley.edu/pipeline/AGBT17A_999_87/holding/spliced_blc1011121314151617_guppi_57929_19141_HIP97416_0005.gpuspec.0002.h5
HIP97450	https://bldata.berkeley.edu/pipeline/AGBT17A_999_55/holding/spliced_blc0001020304050607_guppi_57871_49447_HIP97450_0046.gpuspec.0002.h5
HIP97461	https://bldata.berkeley.edu/pipeline/AGBT17A_999_55/holding/spliced_blc0001020304050607_guppi_57871_48055_HIP97461_0042.gpuspec.0002.h5
HIP97464	https://bldata.berkeley.edu/bl_tess/c_band/spliced_blc10111213141516o7o0212223242526o7o0313233343536o7o051525354555657_guppi_58860_41965_HIP97464_0020.gpuspec.0002.h5
HIP97477	https://bldata.berkeley.edu/pipeline/AGBT16B_999_45/holding/spliced_blc0001020304050607_guppi_57676_82768_HIP97477_0042.gpuspec.0002.h5
HIP97479	https://bldata.berkeley.edu/pipeline/AGBT17A_999_55/holding/spliced_blc0001020304050607_guppi_57871_50138_HIP97479_0048.gpuspec.0002.h5
HIP97482	https://bldata.berkeley.edu/pipeline/AGBT16B_999_45/holding/spliced_blc0001020304050607_guppi_57676_83551_HIP97482_0044.gpuspec.0002.h5
HIP97486	https://bldata.berkeley.edu/pipeline/AGBT16A_999_241/holding/spliced_blc0001020304050607_guppi_57587_17434_Hip97486_0006.gpuspec.0002.h5
HIP97488	https://bldata.berkeley.edu/pipeline/AGBT16B_999_10/holding/spliced_blc0001020304050607_guppi_57619_16556_Hip97488_0055.gpuspec.0002.h5
HIP97496	https://bldata.berkeley.edu/pipeline/AGBT17A_999_55/holding/spliced_blc0001020304050607_guppi_57871_50828_HIP97496_0050.gpuspec.0002.h5
HIP97503	https://bldata.berkeley.edu/bl_tess/l_band/spliced_blc4041424344454647_guppi_58844_07877_HIP97503_0019.gpuspec.0002.h5
HIP97549	https://bldata.berkeley.edu/pipeline/AGBT16B_999_10/holding/spliced_blc0001020304050607_guppi_57619_17257_Hip97549_0057.gpuspec.0002.h5
HIP97553	https://bldata.berkeley.edu/pipeline/AGBT17A_999_87/holding/spliced_blc1011121314151617_guppi_57929_19846_HIP97553_0007.gpuspec.0002.h5
HIP97568	https://bldata.berkeley.edu/pipeline/AGBT17A_999_87/holding/spliced_blc1011121314151617_guppi_57929_20652_HIP97568_0009.gpuspec.0002.h5
HIP97572	https://bldata.berkeley.edu/pipeline/AGBT17A_999_64/holding/spliced_blc3031323334353637_guppi_57885_46788_HIP97572_0047.gpuspec.0002.h5
HIP97579	https://bldata.berkeley.edu/pipeline/AGBT17A_999_64/holding/spliced_blc3031323334353637_guppi_57885_41245_HIP97579_0031.gpuspec.0002.h5
HIP97589	https://bldata.berkeley.edu/bl_tess/l_band/spliced_blc4041424344454647_guppi_58844_08512_HIP97589_0021.gpuspec.0002.h5
HIP97600	https://bldata.berkeley.edu/pipeline/AGBT17A_999_87/holding/spliced_blc1011121314151617_guppi_57929_22714_HIP97600_0015.gpuspec.0002.h5
HIP97609	https://bldata.berkeley.edu/pipeline/AGBT16B_999_51/holding/spliced_blc0001020304050607_guppi_57683_77808_HIP97609_0034.gpuspec.0002.h5
HIP97636	https://bldata.berkeley.edu/bl_tess/x_band/spliced_blc00010203040506o7o0111213141516o7o021222324252627_guppi_58810_19546_HIP97636_0053.gpuspec.0002.h5
HIP97640	https://bldata.berkeley.edu/pipeline/AGBT16B_999_51/holding/spliced_blc0001020304050607_guppi_57683_78507_HIP97640_0036.gpuspec.0002.h5
HIP97653	https://bldata.berkeley.edu/pipeline/AGBT16B_999_105/holding/spliced_blc0001020304050607_guppi_57752_81929_HIP97653_0030.gpuspec.0002.h5
HIP97663	https://bldata.berkeley.edu/pipeline/AGBT17A_999_55/holding/spliced_blc0001020304050607_guppi_57871_48740_HIP97663_0044.gpuspec.0002.h5
HIP97664	https://bldata.berkeley.edu/pipeline/AGBT17A_999_64/holding/spliced_blc3031323334353637_guppi_57885_37717_HIP97664_0021.gpuspec.0002.h5
HIP97681	https://bldata.berkeley.edu/pipeline/AGBT17A_999_64/holding/spliced_blc3031323334353637_guppi_57885_47473_HIP97681_0049.gpuspec.0002.h5
HIP97696	https://bldata.berkeley.edu/pipeline/AGBT17A_999_64/holding/spliced_blc3031323334353637_guppi_57885_41967_HIP97696_0033.gpuspec.0002.h5
HIP97700	https://bldata.berkeley.edu/pipeline/AGBT16A_999_241/holding/spliced_blc0001020304050607_guppi_57587_18154_Hip97700_0008.gpuspec.0002.h5
HIP97711	https://bldata.berkeley.edu/pipeline/AGBT16B_999_51/holding/spliced_blc0001020304050607_guppi_57683_79204_HIP97711_0038.gpuspec.0002.h5
HIP97730	https://bldata.berkeley.edu/pipeline/AGBT17A_999_64/holding/spliced_blc3031323334353637_guppi_57885_42665_HIP97730_0035.gpuspec.0002.h5
HIP97737	https://bldata.berkeley.edu/pipeline/AGBT17A_999_87/holding/spliced_blc1011121314151617_guppi_57929_21338_HIP97737_0011.gpuspec.0002.h5
HIP97744	https://bldata.berkeley.edu/pipeline/AGBT17A_999_09/holding/spliced_blc0001020304050607_guppi_57804_49071_HIP97744_0003.gpuspec.0002.h5
HIP97747	https://bldata.berkeley.edu/pipeline/AGBT17A_999_64/holding/spliced_blc3031323334353637_guppi_57885_38407_HIP97747_0023.gpuspec.0002.h5
HIP97766	https://bldata.berkeley.edu/pipeline/AGBT17A_999_87/holding/spliced_blc1011121314151617_guppi_57929_22024_HIP97766_0013.gpuspec.0002.h5
HIP97773	https://bldata.berkeley.edu/bl_tess/s_band/spliced_blc0001020304050607_guppi_58819_65372_HIP97773_0074.gpuspec.0002.h5
HIP97782	https://bldata.berkeley.edu/bl_tess/c_band/spliced_blc10111213141516o7o0212223242526o7o0313233343536o7o051525354555657_guppi_58860_39404_HIP97782_0012.gpuspec.0002.h5
HIP97792	https://bldata.berkeley.edu/pipeline/AGBT17A_999_64/holding/spliced_blc3031323334353637_guppi_57885_43363_HIP97792_0037.gpuspec.0002.h5
HIP97846	https://bldata.berkeley.edu/pipeline/AGBT17A_999_64/holding/spliced_blc3031323334353637_guppi_57885_48848_HIP97846_0053.gpuspec.0002.h5
HIP97860	https://bldata.berkeley.edu/pipeline/AGBT17A_999_87/holding/spliced_blc1011121314151617_guppi_57929_23407_HIP97860_0017.gpuspec.0002.h5
HIP97870	https://bldata.berkeley.edu/pipeline/AGBT16B_999_105/holding/spliced_blc0001020304050607_guppi_57752_82632_HIP97870_0032.gpuspec.0002.h5
HIP97875	https://bldata.berkeley.edu/pipeline/AGBT17A_999_64/holding/spliced_blc3031323334353637_guppi_57885_49536_HIP97875_0055.gpuspec.0002.h5
HIP97882	https://bldata.berkeley.edu/pipeline/AGBT17B_999_04/holding/spliced_blc0001020304050607_guppi_57972_16498_HIP97882_0021.gpuspec.0002.h5
HIP97885	https://bldata.berkeley.edu/pipeline/AGBT17A_999_87/holding/spliced_blc1011121314151617_guppi_57929_24098_HIP97885_0019.gpuspec.0002.h5
HIP97891	https://bldata.berkeley.edu/pipeline/AGBT17A_999_09/holding/spliced_blc0001020304050607_guppi_57804_49775_HIP97891_0005.gpuspec.0002.h5
HIP97933	https://bldata.berkeley.edu/pipeline/AGBT17B_999_04/holding/spliced_blc0001020304050607_guppi_57972_17172_HIP97933_0023.gpuspec.0002.h5
HIP97996	https://bldata.berkeley.edu/pipeline/AGBT17B_999_04/holding/spliced_blc0001020304050607_guppi_57972_14391_HIP97996_0015.gpuspec.0002.h5
HIP98047	https://bldata.berkeley.edu/pipeline/AGBT17B_999_04/holding/spliced_blc0001020304050607_guppi_57972_15078_HIP98047_0017.gpuspec.0002.h5
HIP98056	https://bldata.berkeley.edu/bl_tess/c_band/spliced_blc10111213141516o7o0212223242526o7o0313233343536o7o051525354555657_guppi_58860_40050_HIP98056_0014.gpuspec.0002.h5
HIP98063	https://bldata.berkeley.edu/pipeline/AGBT18A_999_36/holding/spliced_blc0001020304050607_guppi_58210_45696_HIP98063_0050.gpuspec.0002.h5
HIP98067	https://bldata.berkeley.edu/pipeline/AGBT18A_999_36/holding/spliced_blc0001020304050607_guppi_58210_46420_HIP98067_0052.gpuspec.0002.h5
HIP98070	https://bldata.berkeley.edu/bl_tess/x_band/spliced_blco0010203040506o7o01112131415161770717273747576o7_guppi_58858_85432_HIP98070_0035.gpuspec.0002.h5
HIP98093	https://bldata.berkeley.edu/pipeline/AGBT18A_999_36/holding/spliced_blc0001020304050607_guppi_58210_47147_HIP98093_0054.gpuspec.0002.h5
HIP98100	https://bldata.berkeley.edu/bl_tess/c_band/spliced_blc10111213141516o7o0212223242526o7o0313233343536o7o051525354555657_guppi_58860_42598_HIP98100_0022.gpuspec.0002.h5
HIP98126	https://bldata.berkeley.edu/pipeline/AGBT17A_999_09/holding/spliced_blc0001020304050607_guppi_57804_50491_HIP98126_0007.gpuspec.0002.h5
HIP98142	https://bldata.berkeley.edu/pipeline/AGBT17B_999_04/holding/spliced_blc0001020304050607_guppi_57972_15768_HIP98142_0019.gpuspec.0002.h5
HIP98165	https://bldata.berkeley.edu/bl_tess/c_band/spliced_blc10111213141516o7o0212223242526o7o0313233343536o7o051525354555657_guppi_58860_41333_HIP98165_0018.gpuspec.0002.h5
HIP98203	https://bldata.berkeley.edu/pipeline/AGBT17B_999_04/holding/spliced_blc0001020304050607_guppi_57972_17841_HIP98203_0025.gpuspec.0002.h5
HIP98229	https://bldata.berkeley.edu/bl_tess/l_band/spliced_blc4041424344454647_guppi_58844_05948_HIP98229_0013.gpuspec.0002.h5
HIP98379	https://bldata.berkeley.edu/bl_tess/s_band/spliced_blc0001020304050607_guppi_58819_64099_HIP98379_0070.gpuspec.0002.h5
HIP98564	https://bldata.berkeley.edu/pipeline/AGBT16A_999_177/holding/spliced_blc0001020304050607_guppi_57514_41038_HIP98564_0010.gpuspec.0002.h5
HIP98569	https://bldata.berkeley.edu/pipeline/AGBT16A_999_177/holding/spliced_blc0001020304050607_guppi_57514_41829_HIP98569_0012.gpuspec.0002.h5
HIP98570	https://bldata.berkeley.edu/pipeline/AGBT16A_999_177/holding/spliced_blc0001020304050607_guppi_57514_42628_HIP98570_0014.gpuspec.0002.h5
HIP98644	https://bldata.berkeley.edu/bl_tess/l_band/spliced_blc4041424344454647_guppi_58844_07237_HIP98644_0017.gpuspec.0002.h5
HIP98660	https://bldata.berkeley.edu/pipeline/AGBT18A_999_36/holding/spliced_blc0001020304050607_guppi_58210_33739_HIP98660_0019.gpuspec.0002.h5
HIP98716	https://bldata.berkeley.edu/pipeline/AGBT17A_999_87/holding/spliced_blc1011121314151617_guppi_57929_29186_HIP98716_0033.gpuspec.0002.h5
HIP98718	https://bldata.berkeley.edu/pipeline/AGBT18A_999_36/holding/spliced_blc0001020304050607_guppi_58210_34405_HIP98718_0021.gpuspec.0002.h5
HIP98733	https://bldata.berkeley.edu/bl_tess/c_band/spliced_blc10111213141516o7o0212223242526o7o0313233343536o7o051525354555657_guppi_58860_40686_HIP98733_0016.gpuspec.0002.h5
HIP98804	https://bldata.berkeley.edu/pipeline/AGBT17A_999_87/holding/spliced_blc1011121314151617_guppi_57929_29885_HIP98804_0035.gpuspec.0002.h5
HIP98808	https://bldata.berkeley.edu/pipeline/AGBT17A_999_87/holding/spliced_blc1011121314151617_guppi_57929_30583_HIP98808_0037.gpuspec.0002.h5
HIP98885	https://bldata.berkeley.edu/pipeline/AGBT16A_999_241/holding/spliced_blc0001020304050607_guppi_57587_28697_Hip98885_0038.gpuspec.0002.h5
HIP98912	https://bldata.berkeley.edu/pipeline/AGBT17A_999_91/holding/spliced_blc0001020304050607_guppi_57936_17760_HIP98912_0003.gpuspec.0002.h5
HIP98916	https://bldata.berkeley.edu/pipeline/AGBT17A_999_91/holding/spliced_blc0001020304050607_guppi_57936_19845_HIP98916_0009.gpuspec.0002.h5
HIP98922	https://bldata.berkeley.edu/pipeline/AGBT17A_999_87/holding/spliced_blc1011121314151617_guppi_57929_31302_HIP98922_0039.gpuspec.0002.h5
HIP98924	https://bldata.berkeley.edu/pipeline/AGBT17A_999_91/holding/spliced_blc0001020304050607_guppi_57936_18432_HIP98924_0005.gpuspec.0002.h5
HIP98934	https://bldata.berkeley.edu/pipeline/AGBT17A_999_91/holding/spliced_blc0001020304050607_guppi_57936_19104_HIP98934_0007.gpuspec.0002.h5
HIP98964	https://bldata.berkeley.edu/pipeline/AGBT17A_999_87/holding/spliced_blc1011121314151617_guppi_57929_32003_HIP98964_0041.gpuspec.0002.h5
HIP98989	https://bldata.berkeley.edu/pipeline/AGBT17A_999_87/holding/spliced_blc1011121314151617_guppi_57929_32708_HIP98989_0043.gpuspec.0002.h5
HIP99034	https://bldata.berkeley.edu/pipeline/AGBT16A_999_197/holding/spliced_blc0001020304050607_guppi_57529_33750_HIP99034_0004.gpuspec.0002.h5
HIP99050	https://bldata.berkeley.edu/pipeline/AGBT17A_999_91/holding/spliced_blc0001020304050607_guppi_57936_20520_HIP99050_0011.gpuspec.0002.h5
HIP99084	https://bldata.berkeley.edu/pipeline/AGBT17A_999_91/holding/spliced_blc0001020304050607_guppi_57936_22001_HIP99084_0015.gpuspec.0002.h5
HIP99190	https://bldata.berkeley.edu/pipeline/AGBT17A_999_91/holding/spliced_blc0001020304050607_guppi_57936_21189_HIP99190_0013.gpuspec.0002.h5
HIP99196	https://bldata.berkeley.edu/pipeline/AGBT17A_999_91/holding/spliced_blc0001020304050607_guppi_57936_22718_HIP99196_0017.gpuspec.0002.h5
HIP99221	https://bldata.berkeley.edu/pipeline/AGBT16A_999_197/holding/spliced_blc0001020304050607_guppi_57529_34570_HIP99221_0006.gpuspec.0002.h5
HIP99248	https://bldata.berkeley.edu/pipeline/AGBT17A_999_91/holding/spliced_blc0001020304050607_guppi_57936_23487_HIP99248_0019.gpuspec.0002.h5
HIP99306	https://bldata.berkeley.edu/bl_tess/s_band/spliced_blc0001020304050607_guppi_58819_64732_HIP99306_0072.gpuspec.0002.h5
HIP99322	https://bldata.berkeley.edu/pipeline/AGBT16A_999_197/holding/spliced_blc0001020304050607_guppi_57529_35386_HIP99322_0008.gpuspec.0002.h5
HIP99464	https://bldata.berkeley.edu/pipeline/AGBT16A_999_197/holding/spliced_blc0001020304050607_guppi_57529_36786_HIP99464_0012.gpuspec.0002.h5
HIP99543	https://bldata.berkeley.edu/pipeline/AGBT18A_999_43/holding/spliced_blc0001020304050607_guppi_58223_46879_HIP99543_0005.gpuspec.0002.h5
HIP99560	https://bldata.berkeley.edu/pipeline/AGBT16B_999_105/holding/spliced_blc0001020304050607_guppi_57752_84066_HIP99560_0036.gpuspec.0002.h5
HIP99582	https://bldata.berkeley.edu/pipeline/AGBT18A_999_43/holding/spliced_blc0001020304050607_guppi_58223_47540_HIP99582_0007.gpuspec.0002.h5
HIP99607	https://bldata.berkeley.edu/pipeline/AGBT16A_999_197/holding/spliced_blc0001020304050607_guppi_57529_37484_HIP99607_0014.gpuspec.0002.h5
HIP99689	https://bldata.berkeley.edu/pipeline/AGBT18A_999_43/holding/spliced_blc0001020304050607_guppi_58223_48279_HIP99689_0009.gpuspec.0002.h5
HIP99702	https://bldata.berkeley.edu/pipeline/AGBT18A_999_43/holding/spliced_blc0001020304050607_guppi_58223_48961_HIP99702_0011.gpuspec.0002.h5
HIP99713	https://bldata.berkeley.edu/pipeline/AGBT18A_999_43/holding/spliced_blc0001020304050607_guppi_58223_49643_HIP99713_0013.gpuspec.0002.h5
HIP99759	https://bldata.berkeley.edu/pipeline/AGBT16B_999_105/holding/spliced_blc0001020304050607_guppi_57752_84766_HIP99759_0038.gpuspec.0002.h5
