HIP10360	https://bldata.berkeley.edu/pipeline/AGBT16A_999_194/holding/spliced_blc0001020304050607_guppi_57525_59666_HIP10360_0014.gpuspec.0002.h5
HIP103601	https://bldata.berkeley.edu/pipeline/AGBT16B_999_40/holding/spliced_blc0001020304050607_guppi_57669_07469_HIP103601_0008.gpuspec.0002.h5
HIP10365	https://bldata.berkeley.edu/pipeline/AGBT16A_999_194/holding/spliced_blc0001020304050607_guppi_57525_61927_HIP10365_0020.gpuspec.0002.h5
HIP103730	https://bldata.berkeley.edu/pipeline/AGBT16B_999_40/holding/spliced_blc0001020304050607_guppi_57669_17870_HIP103730_0038.gpuspec.0002.h5
HIP103749	https://bldata.berkeley.edu/pipeline/AGBT16B_999_56/holding/spliced_blc1011121314151617_guppi_57691_04732_HIP103749_0046.gpuspec.0002.h5
HIP103778	https://bldata.berkeley.edu/pipeline/AGBT18A_999_36/holding/spliced_blc0001020304050607_guppi_58210_38466_HIP103778_0033.gpuspec.0002.h5
HIP103782	https://bldata.berkeley.edu/pipeline/AGBT16B_999_56/holding/spliced_blc1011121314151617_guppi_57691_05425_HIP103782_0048.gpuspec.0002.h5
HIP103793	https://bldata.berkeley.edu/pipeline/AGBT16B_999_56/holding/spliced_blc1011121314151617_guppi_57691_06113_HIP103793_0050.gpuspec.0002.h5
HIP103798	https://bldata.berkeley.edu/pipeline/AGBT18A_999_36/holding/spliced_blc0001020304050607_guppi_58210_39130_HIP103798_0035.gpuspec.0002.h5
HIP1038	https://bldata.berkeley.edu/pipeline/AGBT16B_999_43/holding/spliced_blc0001020304050607_guppi_57674_19562_HIP1038_0016.gpuspec.0002.h5
HIP103858	https://bldata.berkeley.edu/pipeline/AGBT16A_999_245/holding/spliced_blc0001020304050607_guppi_57594_21247_Hip103858_0004.gpuspec.0002.h5
HIP103869	https://bldata.berkeley.edu/pipeline/AGBT16A_999_245/holding/spliced_blc0001020304050607_guppi_57594_21949_Hip103869_0006.gpuspec.0002.h5
HIP103878	https://bldata.berkeley.edu/pipeline/AGBT16A_999_245/holding/spliced_blc0001020304050607_guppi_57594_22651_Hip103878_0008.gpuspec.0002.h5
HIP103987	https://bldata.berkeley.edu/pipeline/AGBT16A_999_245/holding/spliced_blc0001020304050607_guppi_57594_23366_Hip103987_0010.gpuspec.0002.h5
HIP104020	https://bldata.berkeley.edu/pipeline/AGBT16B_999_34/holding/spliced_blc0001020304050607_guppi_57662_07495_HIP104020_0004.gpuspec.0002.h5
HIP104138	https://bldata.berkeley.edu/pipeline/AGBT16A_999_245/holding/spliced_blc0001020304050607_guppi_57594_24062_Hip104138_0012.gpuspec.0002.h5
HIP10419	https://bldata.berkeley.edu/pipeline/AGBT16B_999_86/holding/spliced_blc0001020304050607_guppi_57728_10929_HIP10419_0046.gpuspec.0002.h5
HIP104208	https://bldata.berkeley.edu/pipeline/AGBT16B_999_34/holding/spliced_blc0001020304050607_guppi_57662_09638_HIP104208_0010.gpuspec.0002.h5
HIP104297	https://bldata.berkeley.edu/pipeline/AGBT16A_999_245/holding/spliced_blc0001020304050607_guppi_57594_26165_Hip104297_0018.gpuspec.0002.h5
HIP104315	https://bldata.berkeley.edu/pipeline/AGBT16A_999_245/holding/spliced_blc0001020304050607_guppi_57594_24745_Hip104315_0014.gpuspec.0002.h5
HIP104344	https://bldata.berkeley.edu/pipeline/AGBT16B_999_34/holding/spliced_blc0001020304050607_guppi_57662_10361_HIP104344_0012.gpuspec.0002.h5
HIP104354	https://bldata.berkeley.edu/pipeline/AGBT16B_999_34/holding/spliced_blc0001020304050607_guppi_57662_11061_HIP104354_0014.gpuspec.0002.h5
HIP10444	https://bldata.berkeley.edu/pipeline/AGBT16B_999_105/holding/spliced_blc0001020304050607_guppi_57753_04816_HIP10444_0054.gpuspec.0002.h5
HIP104502	https://bldata.berkeley.edu/pipeline/AGBT16B_999_34/holding/spliced_blc0001020304050607_guppi_57662_08167_HIP104502_0006.gpuspec.0002.h5
HIP104524	https://bldata.berkeley.edu/pipeline/AGBT16A_999_245/holding/spliced_blc0001020304050607_guppi_57594_26841_Hip104524_0020.gpuspec.0002.h5
HIP10453	https://bldata.berkeley.edu/pipeline/AGBT16A_999_212/holding/spliced_blc0001020304050607_guppi_57541_56902_HIP10453_0007.gpuspec.0002.h5
HIP104654	https://bldata.berkeley.edu/pipeline/AGBT16B_999_59/holding/spliced_blc0001020304050607_guppi_57694_04939_HIP104654_0046.gpuspec.0002.h5
HIP104715	https://bldata.berkeley.edu/pipeline/AGBT17A_999_01/holding/spliced_blc0001020304050607_guppi_57790_71386_HIP104715_0050.gpuspec.0002.h5
HIP104743	https://bldata.berkeley.edu/pipeline/AGBT16A_999_241/holding/spliced_blc0001020304050607_guppi_57587_29753_Hip104743_0040.gpuspec.0002.h5
HIP104782	https://bldata.berkeley.edu/pipeline/AGBT16B_999_59/holding/spliced_blc0001020304050607_guppi_57694_07062_HIP104782_0052.gpuspec.0002.h5
HIP104785	https://bldata.berkeley.edu/pipeline/AGBT16B_999_59/holding/spliced_blc0001020304050607_guppi_57694_05619_HIP104785_0048.gpuspec.0002.h5
HIP104788	https://bldata.berkeley.edu/pipeline/AGBT16B_999_34/holding/spliced_blc0001020304050607_guppi_57662_08835_HIP104788_0008.gpuspec.0002.h5
HIP104789	https://bldata.berkeley.edu/pipeline/AGBT17A_999_01/holding/spliced_blc0001020304050607_guppi_57790_72063_HIP104789_0052.gpuspec.0002.h5
HIP104808	https://bldata.berkeley.edu/pipeline/AGBT16B_999_59/holding/spliced_blc0001020304050607_guppi_57694_06298_HIP104808_0050.gpuspec.0002.h5
HIP104823	https://bldata.berkeley.edu/pipeline/AGBT17A_999_01/holding/spliced_blc0001020304050607_guppi_57790_72743_HIP104823_0054.gpuspec.0002.h5
HIP104874	https://bldata.berkeley.edu/pipeline/AGBT16B_999_59/holding/spliced_blc0001020304050607_guppi_57694_07756_HIP104874_0054.gpuspec.0002.h5
HIP104878	https://bldata.berkeley.edu/pipeline/AGBT16B_999_30/holding/spliced_blc0001020304050607_guppi_57659_08498_HIP104878_0004.gpuspec.0002.h5
HIP104893	https://bldata.berkeley.edu/pipeline/AGBT16B_999_30/holding/spliced_blc0001020304050607_guppi_57659_09186_HIP104893_0006.gpuspec.0002.h5
HIP104946	https://bldata.berkeley.edu/pipeline/AGBT16A_999_241/holding/spliced_blc0001020304050607_guppi_57587_30438_Hip104946_0042.gpuspec.0002.h5
HIP104990	https://bldata.berkeley.edu/pipeline/AGBT16B_999_61/holding/spliced_blc0001020304050607_guppi_57697_08090_HIP104990_0028.gpuspec.0002.h5
HIP104992	https://bldata.berkeley.edu/pipeline/AGBT16B_999_59/holding/spliced_blc0001020304050607_guppi_57694_08443_HIP104992_0056.gpuspec.0002.h5
HIP10500	https://bldata.berkeley.edu/pipeline/AGBT16B_999_86/holding/spliced_blc0001020304050607_guppi_57728_11623_HIP10500_0048.gpuspec.0002.h5
HIP105066	https://bldata.berkeley.edu/pipeline/AGBT16B_999_30/holding/spliced_blc0001020304050607_guppi_57659_09873_HIP105066_0008.gpuspec.0002.h5
HIP105128	https://bldata.berkeley.edu/pipeline/AGBT16B_999_61/holding/spliced_blc0001020304050607_guppi_57697_08781_HIP105128_0030.gpuspec.0002.h5
HIP105164	https://bldata.berkeley.edu/pipeline/AGBT16A_999_241/holding/spliced_blc0001020304050607_guppi_57587_31118_Hip105164_0044.gpuspec.0002.h5
HIP105183	https://bldata.berkeley.edu/pipeline/AGBT16A_999_250/holding/spliced_blc0001020304050607_guppi_57601_19356_Hip105183_0004.gpuspec.0002.h5
HIP105232	https://bldata.berkeley.edu/pipeline/AGBT16A_999_241/holding/spliced_blc0001020304050607_guppi_57587_31876_Hip105232_0046.gpuspec.0002.h5
HIP105238	https://bldata.berkeley.edu/pipeline/AGBT16A_999_241/holding/spliced_blc0001020304050607_guppi_57587_32577_Hip105238_0048.gpuspec.0002.h5
HIP105261	https://bldata.berkeley.edu/pipeline/AGBT16B_999_80/holding/spliced_blc1011121314151617_guppi_57722_80790_HIP105261_0006.gpuspec.0002.h5
HIP105301	https://bldata.berkeley.edu/pipeline/AGBT16A_999_250/holding/spliced_blc0001020304050607_guppi_57601_20028_Hip105301_0006.gpuspec.0002.h5
HIP105355	https://bldata.berkeley.edu/pipeline/AGBT16B_999_61/holding/spliced_blc0001020304050607_guppi_57697_09465_HIP105355_0032.gpuspec.0002.h5
HIP105359	https://bldata.berkeley.edu/pipeline/AGBT16B_999_80/holding/spliced_blc1011121314151617_guppi_57722_81476_HIP105359_0008.gpuspec.0002.h5
HIP105361	https://bldata.berkeley.edu/pipeline/AGBT16B_999_34/holding/spliced_blc0001020304050607_guppi_57662_13914_HIP105361_0022.gpuspec.0002.h5
HIP105409	https://bldata.berkeley.edu/pipeline/AGBT16B_999_87/holding/spliced_blc0001020304050607_guppi_57731_80992_HIP105409_0006.gpuspec.0002.h5
HIP105478	https://bldata.berkeley.edu/pipeline/AGBT16B_999_87/holding/spliced_blc0001020304050607_guppi_57731_81690_HIP105478_0008.gpuspec.0002.h5
HIP105482	https://bldata.berkeley.edu/pipeline/AGBT16A_999_241/holding/spliced_blc0001020304050607_guppi_57587_33267_Hip105482_0050.gpuspec.0002.h5
HIP105483	https://bldata.berkeley.edu/pipeline/AGBT16A_999_250/holding/spliced_blc0001020304050607_guppi_57601_20697_Hip105483_0008.gpuspec.0002.h5
HIP105484	https://bldata.berkeley.edu/pipeline/AGBT17A_999_76/holding/spliced_blc0001020304050607_guppi_57907_39952_HIP105484_0047.gpuspec.0002.h5
HIP105504	https://bldata.berkeley.edu/pipeline/AGBT18A_999_36/holding/spliced_blc0001020304050607_guppi_58210_39862_HIP105504_0037.gpuspec.0002.h5
HIP105510	https://bldata.berkeley.edu/pipeline/AGBT17A_999_76/holding/spliced_blc0001020304050607_guppi_57907_40651_HIP105510_0049.gpuspec.0002.h5
HIP10552	https://bldata.berkeley.edu/pipeline/AGBT16B_999_86/holding/spliced_blc0001020304050607_guppi_57728_12318_HIP10552_0050.gpuspec.0002.h5
HIP105555	https://bldata.berkeley.edu/pipeline/AGBT16B_999_34/holding/spliced_blc0001020304050607_guppi_57662_14595_HIP105555_0024.gpuspec.0002.h5
HIP105584	https://bldata.berkeley.edu/pipeline/AGBT16B_999_34/holding/spliced_blc0001020304050607_guppi_57662_15282_HIP105584_0026.gpuspec.0002.h5
HIP105589	https://bldata.berkeley.edu/pipeline/AGBT18A_999_36/holding/spliced_blc0001020304050607_guppi_58210_40523_HIP105589_0039.gpuspec.0002.h5
HIP105594	https://bldata.berkeley.edu/pipeline/AGBT16B_999_34/holding/spliced_blc0001020304050607_guppi_57662_11828_HIP105594_0016.gpuspec.0002.h5
HIP10560	https://bldata.berkeley.edu/pipeline/AGBT17A_999_17/holding/spliced_blc0001020304050607_guppi_57813_85871_HIP10560_0031.gpuspec.0002.h5
HIP105610	https://bldata.berkeley.edu/pipeline/AGBT16B_999_34/holding/spliced_blc0001020304050607_guppi_57662_12500_HIP105610_0018.gpuspec.0002.h5
HIP105625	https://bldata.berkeley.edu/pipeline/AGBT16B_999_34/holding/spliced_blc0001020304050607_guppi_57662_13171_HIP105625_0020.gpuspec.0002.h5
HIP105688	https://bldata.berkeley.edu/pipeline/AGBT16A_999_241/holding/spliced_blc0001020304050607_guppi_57587_33960_Hip105688_0052.gpuspec.0002.h5
HIP105700	https://bldata.berkeley.edu/pipeline/AGBT16A_999_241/holding/spliced_blc0001020304050607_guppi_57587_34657_Hip105700_0054.gpuspec.0002.h5
HIP105715	https://bldata.berkeley.edu/pipeline/AGBT16B_999_04/holding/spliced_blc0001020304050607_guppi_57608_19105_Hip105715_0004.gpuspec.0002.h5
HIP105729	https://bldata.berkeley.edu/pipeline/AGBT16B_999_04/holding/spliced_blc0001020304050607_guppi_57608_19777_Hip105729_0006.gpuspec.0002.h5
HIP105761	https://bldata.berkeley.edu/pipeline/AGBT18A_999_36/holding/spliced_blc0001020304050607_guppi_58210_41185_HIP105761_0041.gpuspec.0002.h5
HIP10595	https://bldata.berkeley.edu/pipeline/AGBT17A_999_17/holding/spliced_blc0001020304050607_guppi_57813_80390_HIP10595_0015.gpuspec.0002.h5
HIP105994	https://bldata.berkeley.edu/pipeline/AGBT16B_999_04/holding/spliced_blc0001020304050607_guppi_57608_20444_Hip105994_0008.gpuspec.0002.h5
HIP106097	https://bldata.berkeley.edu/pipeline/AGBT16B_999_19/holding/spliced_blc0001020304050607_guppi_57634_18387_Hip106097_0010.gpuspec.0002.h5
HIP106107	https://bldata.berkeley.edu/pipeline/AGBT16A_999_241/holding/spliced_blc0001020304050607_guppi_57587_35349_Hip106107_0056.gpuspec.0002.h5
HIP106163	https://bldata.berkeley.edu/pipeline/AGBT16B_999_09/holding/spliced_blc0001020304050607_guppi_57614_22207_Hip106163_0004.gpuspec.0002.h5
HIP106184	https://bldata.berkeley.edu/pipeline/AGBT16B_999_13/holding/spliced_blc0001020304050607_guppi_57622_25013_Hip106184_0016.gpuspec.0002.h5
HIP106223	https://bldata.berkeley.edu/pipeline/AGBT16B_999_19/holding/spliced_blc0001020304050607_guppi_57634_20546_Hip106223_0016.gpuspec.0002.h5
HIP10626	https://bldata.berkeley.edu/pipeline/AGBT17A_999_17/holding/spliced_blc0001020304050607_guppi_57813_79630_HIP10626_0013.gpuspec.0002.h5
HIP106296	https://bldata.berkeley.edu/pipeline/AGBT16B_999_19/holding/spliced_blc0001020304050607_guppi_57634_19817_Hip106296_0014.gpuspec.0002.h5
HIP106355	https://bldata.berkeley.edu/pipeline/AGBT17A_999_86/holding/spliced_blc0001020304050607_guppi_57928_41250_HIP106355_0007.gpuspec.0002.h5
HIP106396	https://bldata.berkeley.edu/pipeline/AGBT16B_999_13/holding/spliced_blc0001020304050607_guppi_57622_25714_Hip106396_0018.gpuspec.0002.h5
HIP106435	https://bldata.berkeley.edu/pipeline/AGBT16B_999_13/holding/spliced_blc0001020304050607_guppi_57622_26402_Hip106435_0020.gpuspec.0002.h5
HIP10646	https://bldata.berkeley.edu/pipeline/AGBT16B_999_105/holding/spliced_blc0001020304050607_guppi_57753_05509_HIP10646_0056.gpuspec.0002.h5
HIP106464	https://bldata.berkeley.edu/pipeline/AGBT16B_999_09/holding/spliced_blc0001020304050607_guppi_57614_22874_Hip106464_0006.gpuspec.0002.h5
HIP106488	https://bldata.berkeley.edu/pipeline/AGBT16B_999_09/holding/spliced_blc0001020304050607_guppi_57614_23542_Hip106488_0008.gpuspec.0002.h5
HIP106678	https://bldata.berkeley.edu/pipeline/AGBT16B_999_19/holding/spliced_blc0001020304050607_guppi_57634_24893_Hip106678_0028.gpuspec.0002.h5
HIP106684	https://bldata.berkeley.edu/pipeline/AGBT16B_999_19/holding/spliced_blc0001020304050607_guppi_57634_25600_Hip106684_0030.gpuspec.0002.h5
HIP106698	https://bldata.berkeley.edu/pipeline/AGBT16B_999_19/holding/spliced_blc0001020304050607_guppi_57634_23429_Hip106698_0024.gpuspec.0002.h5
HIP106787	https://bldata.berkeley.edu/pipeline/AGBT16B_999_19/holding/spliced_blc0001020304050607_guppi_57634_26307_Hip106787_0032.gpuspec.0002.h5
HIP10681	https://bldata.berkeley.edu/pipeline/AGBT16A_999_172/holding/spliced_blc0001020304050607_guppi_57511_66997_HIP10681_0021.gpuspec.0002.h5
HIP106831	https://bldata.berkeley.edu/pipeline/AGBT16B_999_19/holding/spliced_blc0001020304050607_guppi_57634_24124_Hip106831_0026.gpuspec.0002.h5
HIP106915	https://bldata.berkeley.edu/pipeline/AGBT16B_999_19/holding/spliced_blc0001020304050607_guppi_57634_27024_Hip106915_0034.gpuspec.0002.h5
HIP106934	https://bldata.berkeley.edu/pipeline/AGBT16B_999_19/holding/spliced_blc0001020304050607_guppi_57634_27729_Hip106934_0036.gpuspec.0002.h5
HIP106940	https://bldata.berkeley.edu/pipeline/AGBT16B_999_19/holding/spliced_blc0001020304050607_guppi_57634_28429_Hip106940_0038.gpuspec.0002.h5
HIP106953	https://bldata.berkeley.edu/pipeline/AGBT16B_999_19/holding/spliced_blc0001020304050607_guppi_57634_21255_Hip106953_0018.gpuspec.0002.h5
HIP106970	https://bldata.berkeley.edu/pipeline/AGBT16B_999_13/holding/spliced_blc0001020304050607_guppi_57622_27087_Hip106970_0022.gpuspec.0002.h5
HIP106988	https://bldata.berkeley.edu/pipeline/AGBT16A_999_250/holding/spliced_blc0001020304050607_guppi_57601_21396_Hip106988_0010.gpuspec.0002.h5
HIP107013	https://bldata.berkeley.edu/pipeline/AGBT16A_999_250/holding/spliced_blc0001020304050607_guppi_57601_23623_Hip107013_0016.gpuspec.0002.h5
HIP10706	https://bldata.berkeley.edu/pipeline/AGBT16A_999_249/holding/spliced_blc0001020304050607_guppi_57599_43565_Hip10706_0012.gpuspec.0002.h5
HIP107071	https://bldata.berkeley.edu/pipeline/AGBT16A_999_250/holding/spliced_blc0001020304050607_guppi_57601_22073_Hip107071_0012.gpuspec.0002.h5
HIP107127	https://bldata.berkeley.edu/pipeline/AGBT16A_999_250/holding/spliced_blc0001020304050607_guppi_57601_22749_Hip107127_0014.gpuspec.0002.h5
HIP107156	https://bldata.berkeley.edu/pipeline/AGBT16B_999_13/holding/spliced_blc0001020304050607_guppi_57622_27772_Hip107156_0024.gpuspec.0002.h5
HIP107175	https://bldata.berkeley.edu/pipeline/AGBT16B_999_19/holding/spliced_blc0001020304050607_guppi_57634_21958_Hip107175_0020.gpuspec.0002.h5
HIP10720	https://bldata.berkeley.edu/pipeline/AGBT16A_999_249/holding/spliced_blc0001020304050607_guppi_57599_44243_Hip10720_0014.gpuspec.0002.h5
HIP107298	https://bldata.berkeley.edu/pipeline/AGBT16A_999_250/holding/spliced_blc0001020304050607_guppi_57601_24410_Hip107298_0018.gpuspec.0002.h5
HIP107394	https://bldata.berkeley.edu/pipeline/AGBT17A_999_72/holding/spliced_blc0001020304050607_guppi_57901_42104_HIP107394_0046.gpuspec.0002.h5
HIP10743	https://bldata.berkeley.edu/pipeline/AGBT16A_999_172/holding/spliced_blc0001020304050607_guppi_57511_67677_HIP10743_0023.gpuspec.0002.h5
HIP107468	https://bldata.berkeley.edu/pipeline/AGBT16B_999_13/holding/spliced_blc0001020304050607_guppi_57622_28459_Hip107468_0026.gpuspec.0002.h5
HIP107498	https://bldata.berkeley.edu/pipeline/AGBT17A_999_72/holding/spliced_blc0001020304050607_guppi_57901_42819_HIP107498_0048.gpuspec.0002.h5
HIP107512	https://bldata.berkeley.edu/pipeline/AGBT17A_999_72/holding/spliced_blc0001020304050607_guppi_57901_43527_HIP107512_0050.gpuspec.0002.h5
HIP107727	https://bldata.berkeley.edu/pipeline/AGBT16A_999_250/holding/spliced_blc0001020304050607_guppi_57601_25158_Hip107727_0020.gpuspec.0002.h5
HIP107786	https://bldata.berkeley.edu/pipeline/AGBT16B_999_18/holding/spliced_blc0001020304050607_guppi_57628_28309_Hip107786_0016.gpuspec.0002.h5
HIP107800	https://bldata.berkeley.edu/pipeline/AGBT17A_999_03/holding/spliced_blc0001020304050607_guppi_57793_08465_HIP107800_0002.gpuspec.0002.h5
HIP10781	https://bldata.berkeley.edu/pipeline/AGBT17B_999_19/holding/spliced_blc3031323334353637_guppi_57998_37085_HIP10781_0008.gpuspec.0002.h5
HIP107855	https://bldata.berkeley.edu/pipeline/AGBT17A_999_03/holding/spliced_blc0001020304050607_guppi_57793_09131_HIP107855_0004.gpuspec.0002.h5
HIP107863	https://bldata.berkeley.edu/pipeline/AGBT16B_999_18/holding/spliced_blc0001020304050607_guppi_57628_30385_Hip107863_0022.gpuspec.0002.h5
HIP107870	https://bldata.berkeley.edu/pipeline/AGBT16B_999_18/holding/spliced_blc0001020304050607_guppi_57628_28993_Hip107870_0018.gpuspec.0002.h5
HIP107887	https://bldata.berkeley.edu/pipeline/AGBT16B_999_18/holding/spliced_blc0001020304050607_guppi_57628_29677_Hip107887_0020.gpuspec.0002.h5
HIP108060	https://bldata.berkeley.edu/pipeline/AGBT18A_999_43/holding/spliced_blc0001020304050607_guppi_58223_56617_HIP108060_0033.gpuspec.0002.h5
HIP108084	https://bldata.berkeley.edu/pipeline/AGBT16B_999_18/holding/spliced_blc0001020304050607_guppi_57628_32459_Hip108084_0028.gpuspec.0002.h5
HIP108094	https://bldata.berkeley.edu/pipeline/AGBT18A_999_43/holding/spliced_blc0001020304050607_guppi_58223_57295_HIP108094_0035.gpuspec.0002.h5
HIP108097	https://bldata.berkeley.edu/pipeline/AGBT16B_999_18/holding/spliced_blc0001020304050607_guppi_57628_33145_Hip108097_0030.gpuspec.0002.h5
HIP108098	https://bldata.berkeley.edu/pipeline/AGBT18A_999_43/holding/spliced_blc0001020304050607_guppi_58223_57967_HIP108098_0037.gpuspec.0002.h5
HIP108103	https://bldata.berkeley.edu/pipeline/AGBT16B_999_18/holding/spliced_blc0001020304050607_guppi_57628_31064_Hip108103_0024.gpuspec.0002.h5
HIP108175	https://bldata.berkeley.edu/pipeline/AGBT16B_999_18/holding/spliced_blc0001020304050607_guppi_57628_33828_Hip108175_0032.gpuspec.0002.h5
HIP108342	https://bldata.berkeley.edu/pipeline/AGBT16B_999_18/holding/spliced_blc0001020304050607_guppi_57628_31737_Hip108342_0026.gpuspec.0002.h5
HIP108380	https://bldata.berkeley.edu/pipeline/AGBT16A_999_233/holding/spliced_blc0001020304050607_guppi_57574_39770_HIP108380_0052.gpuspec.0002.h5
HIP108388	https://bldata.berkeley.edu/pipeline/AGBT18A_999_43/holding/spliced_blc0001020304050607_guppi_58223_60714_HIP108388_0045.gpuspec.0002.h5
HIP108389	https://bldata.berkeley.edu/pipeline/AGBT18A_999_43/holding/spliced_blc0001020304050607_guppi_58223_60000_HIP108389_0043.gpuspec.0002.h5
HIP108399	https://bldata.berkeley.edu/pipeline/AGBT18A_999_43/holding/spliced_blc0001020304050607_guppi_58223_61397_HIP108399_0047.gpuspec.0002.h5
HIP108401	https://bldata.berkeley.edu/pipeline/AGBT16A_999_233/holding/spliced_blc0001020304050607_guppi_57574_41835_HIP108401_0058.gpuspec.0002.h5
HIP108415	https://bldata.berkeley.edu/pipeline/AGBT16A_999_233/holding/spliced_blc0001020304050607_guppi_57574_42517_HIP108415_0060.gpuspec.0002.h5
HIP108423	https://bldata.berkeley.edu/pipeline/AGBT18A_999_43/holding/spliced_blc0001020304050607_guppi_58223_62072_HIP108423_0049.gpuspec.0002.h5
HIP108438	https://bldata.berkeley.edu/pipeline/AGBT16B_999_18/holding/spliced_blc0001020304050607_guppi_57628_34559_Hip108438_0034.gpuspec.0002.h5
HIP108453	https://bldata.berkeley.edu/pipeline/AGBT16B_999_18/holding/spliced_blc0001020304050607_guppi_57628_35235_Hip108453_0036.gpuspec.0002.h5
HIP108457	https://bldata.berkeley.edu/pipeline/AGBT16A_999_233/holding/spliced_blc0001020304050607_guppi_57574_40456_HIP108457_0054.gpuspec.0002.h5
HIP108459	https://bldata.berkeley.edu/pipeline/AGBT16A_999_233/holding/spliced_blc0001020304050607_guppi_57574_37711_HIP108459_0046.gpuspec.0002.h5
HIP108460	https://bldata.berkeley.edu/pipeline/AGBT16A_999_233/holding/spliced_blc0001020304050607_guppi_57574_38393_HIP108460_0048.gpuspec.0002.h5
HIP10850	https://bldata.berkeley.edu/pipeline/AGBT17A_999_20/holding/spliced_blc0001020304050607_guppi_57817_68077_HIP10850_0003.gpuspec.0002.h5
HIP108544	https://bldata.berkeley.edu/pipeline/AGBT16B_999_18/holding/spliced_blc0001020304050607_guppi_57628_35910_Hip108544_0038.gpuspec.0002.h5
HIP108550	https://bldata.berkeley.edu/pipeline/AGBT16A_999_233/holding/spliced_blc0001020304050607_guppi_57574_39077_HIP108550_0050.gpuspec.0002.h5
HIP108616	https://bldata.berkeley.edu/pipeline/AGBT16A_999_237/holding/spliced_blc0001020304050607_guppi_57580_39582_Hip108616_0062.gpuspec.0002.h5
HIP108644	https://bldata.berkeley.edu/pipeline/AGBT17A_999_76/holding/spliced_blc0001020304050607_guppi_57907_41405_HIP108644_0051.gpuspec.0002.h5
HIP108647	https://bldata.berkeley.edu/pipeline/AGBT16A_999_250/holding/spliced_blc0001020304050607_guppi_57601_28069_Hip108647_0028.gpuspec.0002.h5
HIP108649	https://bldata.berkeley.edu/pipeline/AGBT16A_999_250/holding/spliced_blc0001020304050607_guppi_57601_28751_Hip108649_0030.gpuspec.0002.h5
HIP108663	https://bldata.berkeley.edu/pipeline/AGBT16A_999_233/holding/spliced_blc0001020304050607_guppi_57574_41138_HIP108663_0056.gpuspec.0002.h5
HIP108669	https://bldata.berkeley.edu/pipeline/AGBT16A_999_250/holding/spliced_blc0001020304050607_guppi_57601_25934_Hip108669_0022.gpuspec.0002.h5
HIP108692	https://bldata.berkeley.edu/pipeline/AGBT16A_999_250/holding/spliced_blc0001020304050607_guppi_57601_29434_Hip108692_0032.gpuspec.0002.h5
HIP108748	https://bldata.berkeley.edu/pipeline/AGBT17A_999_76/holding/spliced_blc0001020304050607_guppi_57907_42084_HIP108748_0053.gpuspec.0002.h5
HIP108749	https://bldata.berkeley.edu/pipeline/AGBT17A_999_05/holding/spliced_blc0001020304050607_guppi_57798_65699_HIP108749_0177.gpuspec.0002.h5
HIP108750	https://bldata.berkeley.edu/pipeline/AGBT17A_999_86/holding/spliced_blc0001020304050607_guppi_57928_41967_HIP108750_0009.gpuspec.0002.h5
HIP108766	https://bldata.berkeley.edu/pipeline/AGBT16A_999_250/holding/spliced_blc0001020304050607_guppi_57601_26626_Hip108766_0024.gpuspec.0002.h5
HIP10878	https://bldata.berkeley.edu/pipeline/AGBT17B_999_19/holding/spliced_blc3031323334353637_guppi_57998_39168_HIP10878_0014.gpuspec.0002.h5
HIP108794	https://bldata.berkeley.edu/pipeline/AGBT17A_999_05/holding/spliced_blc0001020304050607_guppi_57798_66375_HIP108794_0179.gpuspec.0002.h5
HIP108806	https://bldata.berkeley.edu/pipeline/AGBT16A_999_250/holding/spliced_blc0001020304050607_guppi_57601_27318_Hip108806_0026.gpuspec.0002.h5
HIP108827	https://bldata.berkeley.edu/pipeline/AGBT17A_999_76/holding/spliced_blc0001020304050607_guppi_57907_42762_HIP108827_0055.gpuspec.0002.h5
HIP108830	https://bldata.berkeley.edu/pipeline/AGBT17A_999_86/holding/spliced_blc0001020304050607_guppi_57928_42652_HIP108830_0011.gpuspec.0002.h5
HIP108833	https://bldata.berkeley.edu/pipeline/AGBT17A_999_86/holding/spliced_blc0001020304050607_guppi_57928_43336_HIP108833_0013.gpuspec.0002.h5
HIP108860	https://bldata.berkeley.edu/pipeline/AGBT16B_999_34/holding/spliced_blc0001020304050607_guppi_57662_15999_HIP108860_0028.gpuspec.0002.h5
HIP10888	https://bldata.berkeley.edu/pipeline/AGBT16A_999_172/holding/spliced_blc0001020304050607_guppi_57511_68356_HIP10888_0025.gpuspec.0002.h5
HIP108898	https://bldata.berkeley.edu/pipeline/AGBT18A_999_43/holding/spliced_blc0001020304050607_guppi_58223_62794_HIP108898_0051.gpuspec.0002.h5
HIP108938	https://bldata.berkeley.edu/pipeline/AGBT16B_999_34/holding/spliced_blc0001020304050607_guppi_57662_16670_HIP108938_0030.gpuspec.0002.h5
HIP108948	https://bldata.berkeley.edu/pipeline/AGBT16B_999_34/holding/spliced_blc0001020304050607_guppi_57662_17339_HIP108948_0032.gpuspec.0002.h5
HIP108977	https://bldata.berkeley.edu/pipeline/AGBT17A_999_03/holding/spliced_blc0001020304050607_guppi_57793_11955_HIP108977_0011.gpuspec.0002.h5
HIP1090	https://bldata.berkeley.edu/pipeline/AGBT17A_999_08/holding/spliced_blc0001020304050607_guppi_57803_79018_HIP1090_0027.gpuspec.0002.h5
HIP109051	https://bldata.berkeley.edu/pipeline/AGBT17A_999_76/holding/spliced_blc0001020304050607_guppi_57907_43464_HIP109051_0057.gpuspec.0002.h5
HIP109063	https://bldata.berkeley.edu/pipeline/AGBT17A_999_05/holding/spliced_blc0001020304050607_guppi_57798_67051_HIP109063_0181.gpuspec.0002.h5
HIP109139	https://bldata.berkeley.edu/pipeline/AGBT17A_999_76/holding/spliced_blc0001020304050607_guppi_57907_44137_HIP109139_0059.gpuspec.0002.h5
HIP109191	https://bldata.berkeley.edu/pipeline/AGBT17B_999_24/holding/spliced_blc0001020304050607_guppi_58002_18929_HIP109191_0015.gpuspec.0002.h5
HIP109197	https://bldata.berkeley.edu/pipeline/AGBT17A_999_03/holding/spliced_blc0001020304050607_guppi_57793_12647_HIP109197_0013.gpuspec.0002.h5
HIP10920	https://bldata.berkeley.edu/pipeline/AGBT17B_999_19/holding/spliced_blc3031323334353637_guppi_57998_37762_HIP10920_0010.gpuspec.0002.h5
HIP109218	https://bldata.berkeley.edu/pipeline/AGBT16A_999_250/holding/spliced_blc0001020304050607_guppi_57601_30177_Hip109218_0034.gpuspec.0002.h5
HIP109220	https://bldata.berkeley.edu/pipeline/AGBT17A_999_76/holding/spliced_blc0001020304050607_guppi_57907_44807_HIP109220_0061.gpuspec.0002.h5
HIP109235	https://bldata.berkeley.edu/pipeline/AGBT17A_999_03/holding/spliced_blc0001020304050607_guppi_57793_18556_HIP109235_0025.gpuspec.0002.h5
HIP109275	https://bldata.berkeley.edu/pipeline/AGBT17A_999_03/holding/spliced_blc0001020304050607_guppi_57793_13967_HIP109275_0017.gpuspec.0002.h5
HIP109301	https://bldata.berkeley.edu/pipeline/AGBT16B_999_26/holding/spliced_blc0001020304050607_guppi_57654_12338_Hip109301_0003.gpuspec.0002.h5
HIP109341	https://bldata.berkeley.edu/pipeline/AGBT16A_999_250/holding/spliced_blc0001020304050607_guppi_57601_30865_Hip109341_0036.gpuspec.0002.h5
HIP109361	https://bldata.berkeley.edu/pipeline/AGBT16B_999_26/holding/spliced_blc0001020304050607_guppi_57654_14508_Hip109361_0009.gpuspec.0002.h5
HIP109389	https://bldata.berkeley.edu/pipeline/AGBT17B_999_24/holding/spliced_blc0001020304050607_guppi_58002_19590_HIP109389_0017.gpuspec.0002.h5
HIP109418	https://bldata.berkeley.edu/pipeline/AGBT16B_999_26/holding/spliced_blc0001020304050607_guppi_57654_15258_Hip109418_0011.gpuspec.0002.h5
HIP109434	https://bldata.berkeley.edu/pipeline/AGBT17B_999_24/holding/spliced_blc0001020304050607_guppi_58002_20249_HIP109434_0019.gpuspec.0002.h5
HIP109447	https://bldata.berkeley.edu/pipeline/AGBT16B_999_26/holding/spliced_blc0001020304050607_guppi_57654_16752_Hip109447_0015.gpuspec.0002.h5
HIP109501	https://bldata.berkeley.edu/pipeline/AGBT16B_999_26/holding/spliced_blc0001020304050607_guppi_57654_17461_Hip109501_0017.gpuspec.0002.h5
HIP109589	https://bldata.berkeley.edu/pipeline/AGBT16B_999_26/holding/spliced_blc0001020304050607_guppi_57654_18169_Hip109589_0019.gpuspec.0002.h5
HIP109607	https://bldata.berkeley.edu/pipeline/AGBT16B_999_26/holding/spliced_blc0001020304050607_guppi_57654_21001_Hip109607_0027.gpuspec.0002.h5
HIP10962	https://bldata.berkeley.edu/pipeline/AGBT17B_999_19/holding/spliced_blc3031323334353637_guppi_57998_39833_HIP10962_0016.gpuspec.0002.h5
HIP109624	https://bldata.berkeley.edu/pipeline/AGBT16B_999_26/holding/spliced_blc0001020304050607_guppi_57654_21684_Hip109624_0029.gpuspec.0002.h5
HIP109635	https://bldata.berkeley.edu/pipeline/AGBT17A_999_03/holding/spliced_blc0001020304050607_guppi_57793_14643_HIP109635_0019.gpuspec.0002.h5
HIP109645	https://bldata.berkeley.edu/pipeline/AGBT16B_999_26/holding/spliced_blc0001020304050607_guppi_57654_15990_Hip109645_0013.gpuspec.0002.h5
HIP109650	https://bldata.berkeley.edu/pipeline/AGBT16B_999_26/holding/spliced_blc0001020304050607_guppi_57654_13020_Hip109650_0005.gpuspec.0002.h5
HIP109658	https://bldata.berkeley.edu/pipeline/AGBT16A_999_250/holding/spliced_blc0001020304050607_guppi_57601_31552_Hip109658_0038.gpuspec.0002.h5
HIP109675	https://bldata.berkeley.edu/pipeline/AGBT16B_999_26/holding/spliced_blc0001020304050607_guppi_57654_18957_Hip109675_0021.gpuspec.0002.h5
HIP109685	https://bldata.berkeley.edu/pipeline/AGBT16B_999_26/holding/spliced_blc0001020304050607_guppi_57654_19640_Hip109685_0023.gpuspec.0002.h5
HIP10970	https://bldata.berkeley.edu/pipeline/AGBT17A_999_20/holding/spliced_blc0001020304050607_guppi_57817_68754_HIP10970_0005.gpuspec.0002.h5
HIP109748	https://bldata.berkeley.edu/pipeline/AGBT16B_999_26/holding/spliced_blc0001020304050607_guppi_57654_13697_Hip109748_0007.gpuspec.0002.h5
HIP109776	https://bldata.berkeley.edu/pipeline/AGBT17A_999_03/holding/spliced_blc0001020304050607_guppi_57793_15312_HIP109776_0021.gpuspec.0002.h5
HIP109798	https://bldata.berkeley.edu/pipeline/AGBT17A_999_03/holding/spliced_blc0001020304050607_guppi_57793_15978_HIP109798_0023.gpuspec.0002.h5
HIP109820	https://bldata.berkeley.edu/pipeline/AGBT16B_999_26/holding/spliced_blc0001020304050607_guppi_57654_22363_Hip109820_0031.gpuspec.0002.h5
HIP109846	https://bldata.berkeley.edu/pipeline/AGBT16B_999_30/holding/spliced_blc0001020304050607_guppi_57659_10623_HIP109846_0010.gpuspec.0002.h5
HIP109858	https://bldata.berkeley.edu/pipeline/AGBT16B_999_30/holding/spliced_blc0001020304050607_guppi_57659_11330_HIP109858_0012.gpuspec.0002.h5
HIP109867	https://bldata.berkeley.edu/pipeline/AGBT16B_999_86/holding/spliced_blc0001020304050607_guppi_57727_82704_HIP109867_0004.gpuspec.0002.h5
HIP109889	https://bldata.berkeley.edu/pipeline/AGBT16B_999_86/holding/spliced_blc0001020304050607_guppi_57727_83386_HIP109889_0006.gpuspec.0002.h5
HIP109966	https://bldata.berkeley.edu/pipeline/AGBT16B_999_30/holding/spliced_blc0001020304050607_guppi_57659_12038_HIP109966_0014.gpuspec.0002.h5
HIP10998	https://bldata.berkeley.edu/pipeline/AGBT17B_999_19/holding/spliced_blc3031323334353637_guppi_57998_40499_HIP10998_0018.gpuspec.0002.h5
HIP110025	https://bldata.berkeley.edu/pipeline/AGBT16A_999_205/holding/spliced_blc0001020304050607_guppi_57535_41085_HIP110025_0004.gpuspec.0002.h5
HIP110026	https://bldata.berkeley.edu/pipeline/AGBT16A_999_205/holding/spliced_blc0001020304050607_guppi_57535_41777_HIP110026_0006.gpuspec.0002.h5
HIP11005	https://bldata.berkeley.edu/pipeline/AGBT17B_999_19/holding/spliced_blc3031323334353637_guppi_57998_38436_HIP11005_0012.gpuspec.0002.h5
HIP11006	https://bldata.berkeley.edu/pipeline/AGBT17A_999_20/holding/spliced_blc0001020304050607_guppi_57817_69432_HIP11006_0007.gpuspec.0002.h5
HIP110075	https://bldata.berkeley.edu/pipeline/AGBT16B_999_80/holding/spliced_blc1011121314151617_guppi_57723_00066_HIP110075_0022.gpuspec.0002.h5
HIP110094	https://bldata.berkeley.edu/pipeline/AGBT16B_999_86/holding/spliced_blc0001020304050607_guppi_57727_84065_HIP110094_0008.gpuspec.0002.h5
HIP110106	https://bldata.berkeley.edu/pipeline/AGBT16B_999_80/holding/spliced_blc1011121314151617_guppi_57723_00753_HIP110106_0024.gpuspec.0002.h5
HIP110186	https://bldata.berkeley.edu/pipeline/AGBT16A_999_205/holding/spliced_blc0001020304050607_guppi_57535_42479_HIP110186_0008.gpuspec.0002.h5
HIP110205	https://bldata.berkeley.edu/pipeline/AGBT16B_999_80/holding/spliced_blc1011121314151617_guppi_57723_02160_HIP110205_0028.gpuspec.0002.h5
HIP110240	https://bldata.berkeley.edu/pipeline/AGBT16A_999_179/holding/spliced_blc0001020304050607_guppi_57515_50227_HIP110240_0004.gpuspec.0002.h5
HIP110250	https://bldata.berkeley.edu/pipeline/AGBT16B_999_80/holding/spliced_blc1011121314151617_guppi_57723_02857_HIP110250_0030.gpuspec.0002.h5
HIP110273	https://bldata.berkeley.edu/pipeline/AGBT16A_999_179/holding/spliced_blc0001020304050607_guppi_57515_50924_HIP110273_0006.gpuspec.0002.h5
HIP110291	https://bldata.berkeley.edu/pipeline/AGBT16A_999_205/holding/spliced_blc0001020304050607_guppi_57535_45297_HIP110291_0016.gpuspec.0002.h5
HIP110339	https://bldata.berkeley.edu/pipeline/AGBT16A_999_205/holding/spliced_blc0001020304050607_guppi_57535_46022_HIP110339_0018.gpuspec.0002.h5
HIP110351	https://bldata.berkeley.edu/pipeline/AGBT16A_999_205/holding/spliced_blc0001020304050607_guppi_57535_46742_HIP110351_0020.gpuspec.0002.h5
HIP110359	https://bldata.berkeley.edu/pipeline/AGBT16A_999_179/holding/spliced_blc0001020304050607_guppi_57515_51618_HIP110359_0008.gpuspec.0002.h5
HIP110386	https://bldata.berkeley.edu/pipeline/AGBT16A_999_179/holding/spliced_blc0001020304050607_guppi_57515_52358_HIP110386_0010.gpuspec.0002.h5
HIP110444	https://bldata.berkeley.edu/pipeline/AGBT16A_999_179/holding/spliced_blc0001020304050607_guppi_57515_53971_HIP110444_0004.gpuspec.0002.h5
HIP11056	https://bldata.berkeley.edu/pipeline/AGBT17B_999_19/holding/spliced_blc3031323334353637_guppi_57998_41163_HIP11056_0020.gpuspec.0002.h5
HIP110642	https://bldata.berkeley.edu/pipeline/AGBT18A_999_88/holding/spliced_blc2021222324252627_guppi_58293_39856_HIP110642_0011.gpuspec.0002.h5
HIP110657	https://bldata.berkeley.edu/pipeline/AGBT18A_999_88/holding/spliced_blc2021222324252627_guppi_58293_40551_HIP110657_0013.gpuspec.0002.h5
HIP110663	https://bldata.berkeley.edu/pipeline/AGBT16A_999_233/holding/spliced_blc0001020304050607_guppi_57574_35658_HIP110663_0040.gpuspec.0002.h5
HIP110710	https://bldata.berkeley.edu/pipeline/AGBT18A_999_88/holding/spliced_blc2021222324252627_guppi_58293_41241_HIP110710_0015.gpuspec.0002.h5
HIP110722	https://bldata.berkeley.edu/pipeline/AGBT16A_999_179/holding/spliced_blc0001020304050607_guppi_57515_58832_HIP110722_0018.gpuspec.0002.h5
HIP11074	https://bldata.berkeley.edu/pipeline/AGBT17A_999_20/holding/spliced_blc0001020304050607_guppi_57817_76399_HIP11074_0027.gpuspec.0002.h5
HIP110741	https://bldata.berkeley.edu/pipeline/AGBT16A_999_233/holding/spliced_blc0001020304050607_guppi_57574_36338_HIP110741_0042.gpuspec.0002.h5
HIP110782	https://bldata.berkeley.edu/pipeline/AGBT16B_999_80/holding/spliced_blc1011121314151617_guppi_57723_04256_HIP110782_0034.gpuspec.0002.h5
HIP110850	https://bldata.berkeley.edu/pipeline/AGBT16B_999_80/holding/spliced_blc1011121314151617_guppi_57723_04946_HIP110850_0036.gpuspec.0002.h5
HIP110870	https://bldata.berkeley.edu/pipeline/AGBT16B_999_80/holding/spliced_blc1011121314151617_guppi_57723_05635_HIP110870_0038.gpuspec.0002.h5
HIP110902	https://bldata.berkeley.edu/pipeline/AGBT16A_999_233/holding/spliced_blc0001020304050607_guppi_57574_37019_HIP110902_0044.gpuspec.0002.h5
HIP11094	https://bldata.berkeley.edu/pipeline/AGBT17B_999_19/holding/spliced_blc3031323334353637_guppi_57998_41830_HIP11094_0022.gpuspec.0002.h5
HIP110980	https://bldata.berkeley.edu/pipeline/AGBT16A_999_179/holding/spliced_blc0001020304050607_guppi_57515_54667_HIP110980_0006.gpuspec.0002.h5
HIP11101	https://bldata.berkeley.edu/pipeline/AGBT17A_999_17/holding/spliced_blc0001020304050607_guppi_57813_81058_HIP11101_0017.gpuspec.0002.h5
HIP111038	https://bldata.berkeley.edu/pipeline/AGBT17B_999_24/holding/spliced_blc0001020304050607_guppi_58002_21045_HIP111038_0021.gpuspec.0002.h5
HIP11106	https://bldata.berkeley.edu/pipeline/AGBT17A_999_20/holding/spliced_blc0001020304050607_guppi_57817_74314_HIP11106_0021.gpuspec.0002.h5
HIP11107	https://bldata.berkeley.edu/pipeline/AGBT17B_999_19/holding/spliced_blc3031323334353637_guppi_57998_42495_HIP11107_0024.gpuspec.0002.h5
HIP111090	https://bldata.berkeley.edu/pipeline/AGBT16A_999_179/holding/spliced_blc0001020304050607_guppi_57515_55342_HIP111090_0008.gpuspec.0002.h5
HIP111131	https://bldata.berkeley.edu/pipeline/AGBT16A_999_179/holding/spliced_blc0001020304050607_guppi_57515_56020_HIP111131_0010.gpuspec.0002.h5
HIP11114	https://bldata.berkeley.edu/pipeline/AGBT17A_999_20/holding/spliced_blc0001020304050607_guppi_57817_72223_HIP11114_0015.gpuspec.0002.h5
HIP11124	https://bldata.berkeley.edu/pipeline/AGBT16A_999_215/holding/spliced_blc0001020304050607_guppi_57544_55579_HIP11124_0044.gpuspec.0002.h5
HIP111241	https://bldata.berkeley.edu/pipeline/AGBT16A_999_205/holding/spliced_blc0001020304050607_guppi_57535_47500_HIP111241_0022.gpuspec.0002.h5
HIP111258	https://bldata.berkeley.edu/pipeline/AGBT16A_999_179/holding/spliced_blc0001020304050607_guppi_57515_56718_HIP111258_0012.gpuspec.0002.h5
HIP111266	https://bldata.berkeley.edu/pipeline/AGBT16A_999_205/holding/spliced_blc0001020304050607_guppi_57535_48208_HIP111266_0024.gpuspec.0002.h5
HIP111292	https://bldata.berkeley.edu/pipeline/AGBT16B_999_13/holding/spliced_blc0001020304050607_guppi_57622_20396_Hip111292_0004.gpuspec.0002.h5
HIP111328	https://bldata.berkeley.edu/pipeline/AGBT16B_999_13/holding/spliced_blc0001020304050607_guppi_57622_21148_Hip111328_0006.gpuspec.0002.h5
HIP111332	https://bldata.berkeley.edu/pipeline/AGBT16A_999_179/holding/spliced_blc0001020304050607_guppi_57515_57394_HIP111332_0014.gpuspec.0002.h5
HIP111340	https://bldata.berkeley.edu/pipeline/AGBT16B_999_13/holding/spliced_blc0001020304050607_guppi_57622_21882_Hip111340_0008.gpuspec.0002.h5
HIP11136	https://bldata.berkeley.edu/pipeline/AGBT16A_999_215/holding/spliced_blc0001020304050607_guppi_57544_57034_HIP11136_0048.gpuspec.0002.h5
HIP111373	https://bldata.berkeley.edu/pipeline/AGBT16A_999_179/holding/spliced_blc0001020304050607_guppi_57515_58071_HIP111373_0016.gpuspec.0002.h5
HIP111384	https://bldata.berkeley.edu/pipeline/AGBT16B_999_87/holding/spliced_blc0001020304050607_guppi_57731_84525_HIP111384_0016.gpuspec.0002.h5
HIP11139	https://bldata.berkeley.edu/pipeline/AGBT16A_999_215/holding/spliced_blc0001020304050607_guppi_57544_57743_HIP11139_0050.gpuspec.0002.h5
HIP111446	https://bldata.berkeley.edu/pipeline/AGBT16B_999_87/holding/spliced_blc0001020304050607_guppi_57731_83095_HIP111446_0012.gpuspec.0002.h5
HIP111454	https://bldata.berkeley.edu/pipeline/AGBT16B_999_87/holding/spliced_blc0001020304050607_guppi_57731_83773_HIP111454_0014.gpuspec.0002.h5
HIP111469	https://bldata.berkeley.edu/pipeline/AGBT16A_999_205/holding/spliced_blc0001020304050607_guppi_57535_48910_HIP111469_0026.gpuspec.0002.h5
HIP1115	https://bldata.berkeley.edu/pipeline/AGBT16A_999_232/holding/spliced_blc0001020304050607_guppi_57573_50865_HIP1115_0022.gpuspec.0002.h5
HIP111569	https://bldata.berkeley.edu/pipeline/AGBT17A_999_09/holding/spliced_blc0001020304050607_guppi_57804_63043_HIP111569_0040.gpuspec.0002.h5
HIP111571	https://bldata.berkeley.edu/pipeline/AGBT16B_999_87/holding/spliced_blc0001020304050607_guppi_57732_02403_HIP111571_0028.gpuspec.0002.h5
HIP111573	https://bldata.berkeley.edu/pipeline/AGBT16B_999_87/holding/spliced_blc0001020304050607_guppi_57731_85232_HIP111573_0018.gpuspec.0002.h5
HIP111583	https://bldata.berkeley.edu/pipeline/AGBT16B_999_87/holding/spliced_blc0001020304050607_guppi_57732_03105_HIP111583_0030.gpuspec.0002.h5
HIP111586	https://bldata.berkeley.edu/pipeline/AGBT16B_999_87/holding/spliced_blc0001020304050607_guppi_57732_00238_HIP111586_0022.gpuspec.0002.h5
HIP111598	https://bldata.berkeley.edu/pipeline/AGBT16B_999_87/holding/spliced_blc0001020304050607_guppi_57732_03806_HIP111598_0032.gpuspec.0002.h5
HIP111612	https://bldata.berkeley.edu/pipeline/AGBT16A_999_210/holding/spliced_blc0001020304050607_guppi_57540_45040_HIP111612_0004.gpuspec.0002.h5
HIP111630	https://bldata.berkeley.edu/pipeline/AGBT16B_999_87/holding/spliced_blc0001020304050607_guppi_57731_85941_HIP111630_0020.gpuspec.0002.h5
HIP111658	https://bldata.berkeley.edu/pipeline/AGBT16B_999_87/holding/spliced_blc0001020304050607_guppi_57732_04526_HIP111658_0034.gpuspec.0002.h5
HIP111670	https://bldata.berkeley.edu/pipeline/AGBT17A_999_09/holding/spliced_blc0001020304050607_guppi_57804_63718_HIP111670_0042.gpuspec.0002.h5
HIP111678	https://bldata.berkeley.edu/pipeline/AGBT16B_999_87/holding/spliced_blc0001020304050607_guppi_57732_00942_HIP111678_0024.gpuspec.0002.h5
HIP111696	https://bldata.berkeley.edu/pipeline/AGBT16B_999_87/holding/spliced_blc0001020304050607_guppi_57732_01642_HIP111696_0026.gpuspec.0002.h5
HIP111706	https://bldata.berkeley.edu/pipeline/AGBT16A_999_210/holding/spliced_blc0001020304050607_guppi_57540_45742_HIP111706_0006.gpuspec.0002.h5
HIP111734	https://bldata.berkeley.edu/pipeline/AGBT16B_999_114/holding/spliced_blc0001020304050607_guppi_57760_81713_HIP111734_0004.gpuspec.0002.h5
HIP111740	https://bldata.berkeley.edu/pipeline/AGBT16A_999_210/holding/spliced_blc0001020304050607_guppi_57540_46443_HIP111740_0008.gpuspec.0002.h5
HIP111747	https://bldata.berkeley.edu/pipeline/AGBT17A_999_09/holding/spliced_blc0001020304050607_guppi_57804_59002_HIP111747_0028.gpuspec.0002.h5
HIP111754	https://bldata.berkeley.edu/pipeline/AGBT16B_999_114/holding/spliced_blc0001020304050607_guppi_57760_85977_HIP111754_0016.gpuspec.0002.h5
HIP111787	https://bldata.berkeley.edu/pipeline/AGBT17A_999_09/holding/spliced_blc0001020304050607_guppi_57804_65768_HIP111787_0048.gpuspec.0002.h5
HIP111796	https://bldata.berkeley.edu/pipeline/AGBT16B_999_114/holding/spliced_blc0001020304050607_guppi_57760_82408_HIP111796_0006.gpuspec.0002.h5
HIP111803	https://bldata.berkeley.edu/pipeline/AGBT16B_999_114/holding/spliced_blc0001020304050607_guppi_57760_83848_HIP111803_0010.gpuspec.0002.h5
HIP111823	https://bldata.berkeley.edu/pipeline/AGBT16B_999_87/holding/spliced_blc0001020304050607_guppi_57732_05221_HIP111823_0036.gpuspec.0002.h5
HIP111829	https://bldata.berkeley.edu/pipeline/AGBT17A_999_09/holding/spliced_blc0001020304050607_guppi_57804_66444_HIP111829_0050.gpuspec.0002.h5
HIP111837	https://bldata.berkeley.edu/pipeline/AGBT16B_999_87/holding/spliced_blc0001020304050607_guppi_57732_05908_HIP111837_0038.gpuspec.0002.h5
HIP111850	https://bldata.berkeley.edu/pipeline/AGBT17A_999_09/holding/spliced_blc0001020304050607_guppi_57804_59672_HIP111850_0030.gpuspec.0002.h5
HIP111868	https://bldata.berkeley.edu/pipeline/AGBT16A_999_210/holding/spliced_blc0001020304050607_guppi_57540_47145_HIP111868_0010.gpuspec.0002.h5
HIP111870	https://bldata.berkeley.edu/pipeline/AGBT16B_999_18/holding/spliced_blc0001020304050607_guppi_57628_26215_Hip111870_0010.gpuspec.0002.h5
HIP111871	https://bldata.berkeley.edu/pipeline/AGBT16B_999_114/holding/spliced_blc0001020304050607_guppi_57761_00264_HIP111871_0018.gpuspec.0002.h5
HIP1119	https://bldata.berkeley.edu/pipeline/AGBT16A_999_219/holding/spliced_blc0001020304050607_guppi_57550_50839_HIP1119_0028.gpuspec.0002.h5
HIP111912	https://bldata.berkeley.edu/pipeline/AGBT16A_999_199/holding/spliced_blc0001020304050607_guppi_57530_44726_HIP111912_0004.gpuspec.0002.h5
HIP111924	https://bldata.berkeley.edu/pipeline/AGBT16A_999_210/holding/spliced_blc0001020304050607_guppi_57540_47871_HIP111924_0012.gpuspec.0002.h5
HIP111949	https://bldata.berkeley.edu/pipeline/AGBT16A_999_210/holding/spliced_blc0001020304050607_guppi_57540_48588_HIP111949_0014.gpuspec.0002.h5
HIP111962	https://bldata.berkeley.edu/pipeline/AGBT16A_999_205/holding/spliced_blc0001020304050607_guppi_57535_49636_HIP111962_0028.gpuspec.0002.h5
HIP111977	https://bldata.berkeley.edu/pipeline/AGBT17A_999_09/holding/spliced_blc0001020304050607_guppi_57804_60341_HIP111977_0032.gpuspec.0002.h5
HIP111987	https://bldata.berkeley.edu/pipeline/AGBT16B_999_114/holding/spliced_blc0001020304050607_guppi_57760_84539_HIP111987_0012.gpuspec.0002.h5
HIP112	https://bldata.berkeley.edu/pipeline/AGBT16A_999_232/holding/spliced_blc0001020304050607_guppi_57573_51535_HIP112_0024.gpuspec.0002.h5
HIP112008	https://bldata.berkeley.edu/pipeline/AGBT16B_999_114/holding/spliced_blc0001020304050607_guppi_57761_00948_HIP112008_0020.gpuspec.0002.h5
HIP112034	https://bldata.berkeley.edu/pipeline/AGBT16B_999_114/holding/spliced_blc0001020304050607_guppi_57760_85229_HIP112034_0014.gpuspec.0002.h5
HIP112051	https://bldata.berkeley.edu/pipeline/AGBT16A_999_199/holding/spliced_blc0001020304050607_guppi_57530_45443_HIP112051_0006.gpuspec.0002.h5
HIP112053	https://bldata.berkeley.edu/pipeline/AGBT16B_999_18/holding/spliced_blc0001020304050607_guppi_57628_26894_Hip112053_0012.gpuspec.0002.h5
HIP11208	https://bldata.berkeley.edu/pipeline/AGBT17A_999_20/holding/spliced_blc0001020304050607_guppi_57817_77086_HIP11208_0029.gpuspec.0002.h5
HIP11211	https://bldata.berkeley.edu/pipeline/AGBT17A_999_20/holding/spliced_blc0001020304050607_guppi_57817_75003_HIP11211_0023.gpuspec.0002.h5
HIP112111	https://bldata.berkeley.edu/pipeline/AGBT16B_999_18/holding/spliced_blc0001020304050607_guppi_57628_27570_Hip112111_0014.gpuspec.0002.h5
HIP112172	https://bldata.berkeley.edu/pipeline/AGBT17A_999_09/holding/spliced_blc0001020304050607_guppi_57804_61043_HIP112172_0034.gpuspec.0002.h5
HIP112219	https://bldata.berkeley.edu/pipeline/AGBT16A_999_199/holding/spliced_blc0001020304050607_guppi_57530_46114_HIP112219_0008.gpuspec.0002.h5
HIP11225	https://bldata.berkeley.edu/pipeline/AGBT17B_999_19/holding/spliced_blc3031323334353637_guppi_57998_44487_HIP11225_0030.gpuspec.0002.h5
HIP11227	https://bldata.berkeley.edu/pipeline/AGBT17A_999_20/holding/spliced_blc0001020304050607_guppi_57817_77770_HIP11227_0031.gpuspec.0002.h5
HIP112317	https://bldata.berkeley.edu/pipeline/AGBT17A_999_09/holding/spliced_blc0001020304050607_guppi_57804_64386_HIP112317_0044.gpuspec.0002.h5
HIP112319	https://bldata.berkeley.edu/pipeline/AGBT17A_999_39/holding/spliced_blc0001020304050607_guppi_57848_52137_HIP112319_0039.gpuspec.0002.h5
HIP112344	https://bldata.berkeley.edu/pipeline/AGBT17A_999_39/holding/spliced_blc0001020304050607_guppi_57848_52818_HIP112344_0041.gpuspec.0002.h5
HIP112359	https://bldata.berkeley.edu/pipeline/AGBT16B_999_114/holding/spliced_blc0001020304050607_guppi_57761_01646_HIP112359_0022.gpuspec.0002.h5
HIP11237	https://bldata.berkeley.edu/pipeline/AGBT17A_999_20/holding/spliced_blc0001020304050607_guppi_57817_72906_HIP11237_0017.gpuspec.0002.h5
HIP112479	https://bldata.berkeley.edu/pipeline/AGBT16A_999_199/holding/spliced_blc0001020304050607_guppi_57530_46990_HIP112479_0010.gpuspec.0002.h5
HIP112495	https://bldata.berkeley.edu/pipeline/AGBT16B_999_114/holding/spliced_blc0001020304050607_guppi_57761_02336_HIP112495_0024.gpuspec.0002.h5
HIP1125	https://bldata.berkeley.edu/pipeline/AGBT17A_999_08/holding/spliced_blc0001020304050607_guppi_57803_72647_HIP1125_0009.gpuspec.0002.h5
HIP112504	https://bldata.berkeley.edu/pipeline/AGBT16A_999_199/holding/spliced_blc0001020304050607_guppi_57530_47823_HIP112504_0012.gpuspec.0002.h5
HIP112526	https://bldata.berkeley.edu/pipeline/AGBT16A_999_199/holding/spliced_blc0001020304050607_guppi_57530_48646_HIP112526_0014.gpuspec.0002.h5
HIP112559	https://bldata.berkeley.edu/pipeline/AGBT16A_999_199/holding/spliced_blc0001020304050607_guppi_57530_49354_HIP112559_0016.gpuspec.0002.h5
HIP112658	https://bldata.berkeley.edu/pipeline/AGBT16A_999_164/holding/spliced_blc0001020304050607_guppi_57506_76299_HIP112658_0029.gpuspec.0002.h5
HIP112662	https://bldata.berkeley.edu/pipeline/AGBT16A_999_215/holding/spliced_blc0001020304050607_guppi_57544_47557_HIP112662_0022.gpuspec.0002.h5
HIP112669	https://bldata.berkeley.edu/pipeline/AGBT16A_999_215/holding/spliced_blc0001020304050607_guppi_57544_48263_HIP112669_0024.gpuspec.0002.h5
HIP112705	https://bldata.berkeley.edu/pipeline/AGBT17A_999_87/holding/spliced_blc1011121314151617_guppi_57929_35581_HIP112705_0051.gpuspec.0002.h5
HIP112742	https://bldata.berkeley.edu/pipeline/AGBT16A_999_215/holding/spliced_blc0001020304050607_guppi_57544_48967_HIP112742_0026.gpuspec.0002.h5
HIP112762	https://bldata.berkeley.edu/pipeline/AGBT17A_999_09/holding/spliced_blc0001020304050607_guppi_57804_67137_HIP112762_0052.gpuspec.0002.h5
HIP11277	https://bldata.berkeley.edu/pipeline/AGBT17A_999_20/holding/spliced_blc0001020304050607_guppi_57817_78468_HIP11277_0033.gpuspec.0002.h5
HIP112789	https://bldata.berkeley.edu/pipeline/AGBT17A_999_09/holding/spliced_blc0001020304050607_guppi_57804_67806_HIP112789_0054.gpuspec.0002.h5
HIP1128	https://bldata.berkeley.edu/pipeline/AGBT16B_999_43/holding/spliced_blc0001020304050607_guppi_57674_18830_HIP1128_0014.gpuspec.0002.h5
HIP112807	https://bldata.berkeley.edu/pipeline/AGBT17A_999_39/holding/spliced_blc0001020304050607_guppi_57848_53493_HIP112807_0043.gpuspec.0002.h5
HIP112821	https://bldata.berkeley.edu/pipeline/AGBT16A_999_245/holding/spliced_blc0001020304050607_guppi_57594_37835_Hip112821_0016.gpuspec.0002.h5
HIP112845	https://bldata.berkeley.edu/pipeline/AGBT17A_999_39/holding/spliced_blc0001020304050607_guppi_57848_54848_HIP112845_0047.gpuspec.0002.h5
HIP112880	https://bldata.berkeley.edu/pipeline/AGBT17A_999_39/holding/spliced_blc0001020304050607_guppi_57848_55527_HIP112880_0049.gpuspec.0002.h5
HIP112926	https://bldata.berkeley.edu/pipeline/AGBT17A_999_87/holding/spliced_blc1011121314151617_guppi_57929_36271_HIP112926_0053.gpuspec.0002.h5
HIP112946	https://bldata.berkeley.edu/pipeline/AGBT17A_999_09/holding/spliced_blc0001020304050607_guppi_57804_68468_HIP112946_0056.gpuspec.0002.h5
HIP112953	https://bldata.berkeley.edu/pipeline/AGBT18B_999_01/holding/spliced_blc0001020304050607_guppi_58331_24287_HIP112953_0039.gpuspec.0002.h5
HIP112974	https://bldata.berkeley.edu/pipeline/AGBT17A_999_87/holding/spliced_blc1011121314151617_guppi_57929_36964_HIP112974_0055.gpuspec.0002.h5
HIP113001	https://bldata.berkeley.edu/pipeline/AGBT18B_999_01/holding/spliced_blc0001020304050607_guppi_58331_24943_HIP113001_0041.gpuspec.0002.h5
HIP113007	https://bldata.berkeley.edu/pipeline/AGBT16A_999_250/holding/spliced_blc0001020304050607_guppi_57601_32286_Hip113007_0040.gpuspec.0002.h5
HIP113028	https://bldata.berkeley.edu/pipeline/AGBT16A_999_199/holding/spliced_blc0001020304050607_guppi_57530_52735_HIP113028_0026.gpuspec.0002.h5
HIP113090	https://bldata.berkeley.edu/pipeline/AGBT17A_999_39/holding/spliced_blc0001020304050607_guppi_57848_56219_HIP113090_0051.gpuspec.0002.h5
HIP113124	https://bldata.berkeley.edu/pipeline/AGBT16A_999_250/holding/spliced_blc0001020304050607_guppi_57601_32994_Hip113124_0042.gpuspec.0002.h5
HIP11314	https://bldata.berkeley.edu/pipeline/AGBT17A_999_20/holding/spliced_blc0001020304050607_guppi_57817_75690_HIP11314_0025.gpuspec.0002.h5
HIP113165	https://bldata.berkeley.edu/pipeline/AGBT17A_999_09/holding/spliced_blc0001020304050607_guppi_57804_62329_HIP113165_0038.gpuspec.0002.h5
HIP113186	https://bldata.berkeley.edu/pipeline/AGBT18B_999_01/holding/spliced_blc0001020304050607_guppi_58331_25602_HIP113186_0043.gpuspec.0002.h5
HIP113206	https://bldata.berkeley.edu/pipeline/AGBT16A_999_245/holding/spliced_blc0001020304050607_guppi_57594_38532_Hip113206_0018.gpuspec.0002.h5
HIP113211	https://bldata.berkeley.edu/pipeline/AGBT16A_999_245/holding/spliced_blc0001020304050607_guppi_57594_39219_Hip113211_0020.gpuspec.0002.h5
HIP113244	https://bldata.berkeley.edu/pipeline/AGBT17A_999_39/holding/spliced_blc0001020304050607_guppi_57848_56910_HIP113244_0053.gpuspec.0002.h5
HIP113266	https://bldata.berkeley.edu/pipeline/AGBT17A_999_10/holding/spliced_blc0001020304050607_guppi_57805_61255_HIP113266_0037.gpuspec.0002.h5
HIP113294	https://bldata.berkeley.edu/pipeline/AGBT17A_999_39/holding/spliced_blc0001020304050607_guppi_57848_57601_HIP113294_0055.gpuspec.0002.h5
HIP1133	https://bldata.berkeley.edu/pipeline/AGBT16B_999_09/holding/spliced_blc0001020304050607_guppi_57614_25155_Hip1133_0012.gpuspec.0002.h5
HIP11330	https://bldata.berkeley.edu/pipeline/AGBT17A_999_20/holding/spliced_blc0001020304050607_guppi_57817_79152_HIP11330_0035.gpuspec.0002.h5
HIP113308	https://bldata.berkeley.edu/pipeline/AGBT16A_999_210/holding/spliced_blc0001020304050607_guppi_57540_49312_HIP113308_0016.gpuspec.0002.h5
HIP11331	https://bldata.berkeley.edu/pipeline/AGBT17A_999_20/holding/spliced_blc0001020304050607_guppi_57817_79834_HIP11331_0037.gpuspec.0002.h5
HIP113323	https://bldata.berkeley.edu/pipeline/AGBT17A_999_24/holding/spliced_blc0001020304050607_guppi_57825_58160_HIP113323_0040.gpuspec.0002.h5
HIP113327	https://bldata.berkeley.edu/pipeline/AGBT17A_999_10/holding/spliced_blc0001020304050607_guppi_57805_63420_HIP113327_0043.gpuspec.0002.h5
HIP113336	https://bldata.berkeley.edu/pipeline/AGBT17A_999_24/holding/spliced_blc0001020304050607_guppi_57825_58839_HIP113336_0042.gpuspec.0002.h5
HIP113337	https://bldata.berkeley.edu/pipeline/AGBT17A_999_10/holding/spliced_blc0001020304050607_guppi_57805_64159_HIP113337_0045.gpuspec.0002.h5
HIP11334	https://bldata.berkeley.edu/pipeline/AGBT16A_999_194/holding/spliced_blc0001020304050607_guppi_57525_62618_HIP11334_0022.gpuspec.0002.h5
HIP113359	https://bldata.berkeley.edu/pipeline/AGBT17A_999_10/holding/spliced_blc0001020304050607_guppi_57805_64900_HIP113359_0047.gpuspec.0002.h5
HIP113371	https://bldata.berkeley.edu/pipeline/AGBT16A_999_210/holding/spliced_blc0001020304050607_guppi_57540_50033_HIP113371_0018.gpuspec.0002.h5
HIP11338	https://bldata.berkeley.edu/pipeline/AGBT17A_999_23/holding/spliced_blc1011121314151617_guppi_57824_66351_HIP11338_0003.gpuspec.0002.h5
HIP113384	https://bldata.berkeley.edu/pipeline/AGBT17A_999_24/holding/spliced_blc0001020304050607_guppi_57825_59520_HIP113384_0044.gpuspec.0002.h5
HIP1134	https://bldata.berkeley.edu/pipeline/AGBT16B_999_43/holding/spliced_blc0001020304050607_guppi_57674_31801_HIP1134_0010.gpuspec.0002.h5
HIP113446	https://bldata.berkeley.edu/pipeline/AGBT17A_999_10/holding/spliced_blc0001020304050607_guppi_57805_65615_HIP113446_0049.gpuspec.0002.h5
HIP113455	https://bldata.berkeley.edu/pipeline/AGBT16A_999_210/holding/spliced_blc0001020304050607_guppi_57540_50752_HIP113455_0020.gpuspec.0002.h5
HIP113469	https://bldata.berkeley.edu/pipeline/AGBT16A_999_210/holding/spliced_blc0001020304050607_guppi_57540_51481_HIP113469_0022.gpuspec.0002.h5
HIP113474	https://bldata.berkeley.edu/pipeline/AGBT17A_999_10/holding/spliced_blc0001020304050607_guppi_57805_61975_HIP113474_0039.gpuspec.0002.h5
HIP113485	https://bldata.berkeley.edu/pipeline/AGBT16A_999_210/holding/spliced_blc0001020304050607_guppi_57540_52196_HIP113485_0024.gpuspec.0002.h5
HIP113498	https://bldata.berkeley.edu/pipeline/AGBT16B_999_13/holding/spliced_blc0001020304050607_guppi_57622_29190_Hip113498_0028.gpuspec.0002.h5
HIP113527	https://bldata.berkeley.edu/pipeline/AGBT16B_999_108/holding/spliced_blc0001020304050607_guppi_57754_83108_HIP113527_0031.gpuspec.0002.h5
HIP113557	https://bldata.berkeley.edu/pipeline/AGBT16B_999_109/holding/spliced_blc0001020304050607_guppi_57755_71977_HIP113557_0004.gpuspec.0002.h5
HIP113584	https://bldata.berkeley.edu/pipeline/AGBT16B_999_109/holding/spliced_blc0001020304050607_guppi_57755_72648_HIP113584_0006.gpuspec.0002.h5
HIP113606	https://bldata.berkeley.edu/pipeline/AGBT17A_999_82/holding/spliced_blc3031323334353637_guppi_57915_34992_HIP113606_0051.gpuspec.0002.h5
HIP113609	https://bldata.berkeley.edu/pipeline/AGBT17A_999_10/holding/spliced_blc0001020304050607_guppi_57805_62701_HIP113609_0041.gpuspec.0002.h5
HIP113613	https://bldata.berkeley.edu/pipeline/AGBT16A_999_210/holding/spliced_blc0001020304050607_guppi_57540_52905_HIP113613_0026.gpuspec.0002.h5
HIP113614	https://bldata.berkeley.edu/pipeline/AGBT16B_999_109/holding/spliced_blc0001020304050607_guppi_57755_73314_HIP113614_0008.gpuspec.0002.h5
HIP113617	https://bldata.berkeley.edu/pipeline/AGBT17A_999_82/holding/spliced_blc3031323334353637_guppi_57915_35690_HIP113617_0053.gpuspec.0002.h5
HIP113626	https://bldata.berkeley.edu/pipeline/AGBT16B_999_108/holding/spliced_blc0001020304050607_guppi_57754_83803_HIP113626_0033.gpuspec.0002.h5
HIP113631	https://bldata.berkeley.edu/pipeline/AGBT16A_999_215/holding/spliced_blc0001020304050607_guppi_57544_41139_HIP113631_0004.gpuspec.0002.h5
HIP113702	https://bldata.berkeley.edu/pipeline/AGBT16B_999_108/holding/spliced_blc0001020304050607_guppi_57754_84501_HIP113702_0035.gpuspec.0002.h5
HIP113716	https://bldata.berkeley.edu/pipeline/AGBT17A_999_08/holding/spliced_blc0001020304050607_guppi_57803_70524_HIP113716_0003.gpuspec.0002.h5
HIP113728	https://bldata.berkeley.edu/pipeline/AGBT17A_999_24/holding/spliced_blc0001020304050607_guppi_57825_60268_HIP113728_0046.gpuspec.0002.h5
HIP113755	https://bldata.berkeley.edu/pipeline/AGBT17A_999_08/holding/spliced_blc0001020304050607_guppi_57803_71207_HIP113755_0005.gpuspec.0002.h5
HIP113764	https://bldata.berkeley.edu/pipeline/AGBT17A_999_08/holding/spliced_blc0001020304050607_guppi_57803_71891_HIP113764_0007.gpuspec.0002.h5
HIP113769	https://bldata.berkeley.edu/pipeline/AGBT16A_999_215/holding/spliced_blc0001020304050607_guppi_57544_41842_HIP113769_0006.gpuspec.0002.h5
HIP113771	https://bldata.berkeley.edu/pipeline/AGBT16A_999_215/holding/spliced_blc0001020304050607_guppi_57544_42540_HIP113771_0008.gpuspec.0002.h5
HIP113772	https://bldata.berkeley.edu/pipeline/AGBT16B_999_13/holding/spliced_blc0001020304050607_guppi_57622_29864_Hip113772_0030.gpuspec.0002.h5
HIP113789	https://bldata.berkeley.edu/pipeline/AGBT16B_999_13/holding/spliced_blc0001020304050607_guppi_57622_30534_Hip113789_0032.gpuspec.0002.h5
HIP113790	https://bldata.berkeley.edu/pipeline/AGBT16B_999_34/holding/spliced_blc0001020304050607_guppi_57662_18031_HIP113790_0034.gpuspec.0002.h5
HIP113797	https://bldata.berkeley.edu/pipeline/AGBT17A_999_09/holding/spliced_blc0001020304050607_guppi_57804_53466_HIP113797_0015.gpuspec.0002.h5
HIP113803	https://bldata.berkeley.edu/pipeline/AGBT17A_999_09/holding/spliced_blc0001020304050607_guppi_57804_54134_HIP113803_0017.gpuspec.0002.h5
HIP113819	https://bldata.berkeley.edu/pipeline/AGBT17A_999_10/holding/spliced_blc0001020304050607_guppi_57805_66316_HIP113819_0051.gpuspec.0002.h5
HIP113832	https://bldata.berkeley.edu/pipeline/AGBT17A_999_39/holding/spliced_blc0001020304050607_guppi_57848_58301_HIP113832_0057.gpuspec.0002.h5
HIP113834	https://bldata.berkeley.edu/pipeline/AGBT16A_999_199/holding/spliced_blc0001020304050607_guppi_57530_50699_HIP113834_0020.gpuspec.0002.h5
HIP113835	https://bldata.berkeley.edu/pipeline/AGBT17A_999_82/holding/spliced_blc3031323334353637_guppi_57915_36391_HIP113835_0055.gpuspec.0002.h5
HIP113853	https://bldata.berkeley.edu/pipeline/AGBT16B_999_34/holding/spliced_blc0001020304050607_guppi_57662_18703_HIP113853_0036.gpuspec.0002.h5
HIP113898	https://bldata.berkeley.edu/pipeline/AGBT17A_999_24/holding/spliced_blc0001020304050607_guppi_57825_61003_HIP113898_0048.gpuspec.0002.h5
HIP113904	https://bldata.berkeley.edu/pipeline/AGBT17A_999_39/holding/spliced_blc0001020304050607_guppi_57848_58995_HIP113904_0059.gpuspec.0002.h5
HIP113908	https://bldata.berkeley.edu/pipeline/AGBT17A_999_09/holding/spliced_blc0001020304050607_guppi_57804_54801_HIP113908_0019.gpuspec.0002.h5
HIP113918	https://bldata.berkeley.edu/pipeline/AGBT16B_999_34/holding/spliced_blc0001020304050607_guppi_57662_19374_HIP113918_0038.gpuspec.0002.h5
HIP113934	https://bldata.berkeley.edu/pipeline/AGBT17A_999_10/holding/spliced_blc0001020304050607_guppi_57805_66996_HIP113934_0053.gpuspec.0002.h5
HIP113977	https://bldata.berkeley.edu/pipeline/AGBT16A_999_250/holding/spliced_blc0001020304050607_guppi_57601_35818_Hip113977_0050.gpuspec.0002.h5
HIP113985	https://bldata.berkeley.edu/pipeline/AGBT17A_999_24/holding/spliced_blc0001020304050607_guppi_57825_61757_HIP113985_0050.gpuspec.0002.h5
HIP114	https://bldata.berkeley.edu/pipeline/AGBT16B_999_13/holding/spliced_blc0001020304050607_guppi_57622_34076_Hip114_0042.gpuspec.0002.h5
HIP114042	https://bldata.berkeley.edu/pipeline/AGBT16A_999_215/holding/spliced_blc0001020304050607_guppi_57544_43238_HIP114042_0010.gpuspec.0002.h5
HIP114111	https://bldata.berkeley.edu/pipeline/AGBT16A_999_215/holding/spliced_blc0001020304050607_guppi_57544_43948_HIP114111_0012.gpuspec.0002.h5
HIP114137	https://bldata.berkeley.edu/pipeline/AGBT16A_999_215/holding/spliced_blc0001020304050607_guppi_57544_44663_HIP114137_0014.gpuspec.0002.h5
HIP114163	https://bldata.berkeley.edu/pipeline/AGBT16B_999_48/holding/spliced_blc0001020304050607_guppi_57680_02880_HIP114163_0004.gpuspec.0002.h5
HIP11417	https://bldata.berkeley.edu/pipeline/AGBT17A_999_23/holding/spliced_blc1011121314151617_guppi_57824_68389_HIP11417_0009.gpuspec.0002.h5
HIP114174	https://bldata.berkeley.edu/pipeline/AGBT16B_999_13/holding/spliced_blc0001020304050607_guppi_57622_31265_Hip114174_0034.gpuspec.0002.h5
HIP114178	https://bldata.berkeley.edu/pipeline/AGBT17A_999_15/holding/spliced_blc0001020304050607_guppi_57811_62424_HIP114178_0045.gpuspec.0002.h5
HIP114194	https://bldata.berkeley.edu/pipeline/AGBT17A_999_15/holding/spliced_blc0001020304050607_guppi_57811_63083_HIP114194_0047.gpuspec.0002.h5
HIP114223	https://bldata.berkeley.edu/pipeline/AGBT16A_999_215/holding/spliced_blc0001020304050607_guppi_57544_45411_HIP114223_0016.gpuspec.0002.h5
HIP11425	https://bldata.berkeley.edu/pipeline/AGBT16A_999_194/holding/spliced_blc0001020304050607_guppi_57525_63299_HIP11425_0024.gpuspec.0002.h5
HIP114253	https://bldata.berkeley.edu/pipeline/AGBT16B_999_48/holding/spliced_blc0001020304050607_guppi_57680_03571_HIP114253_0006.gpuspec.0002.h5
HIP114257	https://bldata.berkeley.edu/pipeline/AGBT16A_999_215/holding/spliced_blc0001020304050607_guppi_57544_46119_HIP114257_0018.gpuspec.0002.h5
HIP114264	https://bldata.berkeley.edu/pipeline/AGBT16B_999_48/holding/spliced_blc0001020304050607_guppi_57680_05006_HIP114264_0010.gpuspec.0002.h5
HIP114266	https://bldata.berkeley.edu/pipeline/AGBT17A_999_91/holding/spliced_blc0001020304050607_guppi_57936_30917_HIP114266_0039.gpuspec.0002.h5
HIP114274	https://bldata.berkeley.edu/pipeline/AGBT16B_999_48/holding/spliced_blc0001020304050607_guppi_57680_05730_HIP114274_0012.gpuspec.0002.h5
HIP114277	https://bldata.berkeley.edu/pipeline/AGBT16B_999_48/holding/spliced_blc0001020304050607_guppi_57680_06461_HIP114277_0014.gpuspec.0002.h5
HIP114294	https://bldata.berkeley.edu/pipeline/AGBT17A_999_91/holding/spliced_blc0001020304050607_guppi_57936_31590_HIP114294_0041.gpuspec.0002.h5
HIP114313	https://bldata.berkeley.edu/pipeline/AGBT17A_999_42/holding/spliced_blc0001020304050607_guppi_57852_52408_HIP114313_0039.gpuspec.0002.h5
HIP114315	https://bldata.berkeley.edu/pipeline/AGBT17A_999_42/holding/spliced_blc0001020304050607_guppi_57852_53080_HIP114315_0041.gpuspec.0002.h5
HIP114322	https://bldata.berkeley.edu/pipeline/AGBT17A_999_42/holding/spliced_blc0001020304050607_guppi_57852_53752_HIP114322_0043.gpuspec.0002.h5
HIP114330	https://bldata.berkeley.edu/pipeline/AGBT17A_999_42/holding/spliced_blc0001020304050607_guppi_57852_54447_HIP114330_0045.gpuspec.0002.h5
HIP114353	https://bldata.berkeley.edu/pipeline/AGBT16B_999_13/holding/spliced_blc0001020304050607_guppi_57622_31955_Hip114353_0036.gpuspec.0002.h5
HIP11442	https://bldata.berkeley.edu/pipeline/AGBT16A_999_194/holding/spliced_blc0001020304050607_guppi_57525_63977_HIP11442_0026.gpuspec.0002.h5
HIP114424	https://bldata.berkeley.edu/pipeline/AGBT17A_999_42/holding/spliced_blc0001020304050607_guppi_57852_55128_HIP114424_0047.gpuspec.0002.h5
HIP11443	https://bldata.berkeley.edu/pipeline/AGBT17A_999_23/holding/spliced_blc1011121314151617_guppi_57824_67026_HIP11443_0005.gpuspec.0002.h5
HIP114441	https://bldata.berkeley.edu/pipeline/AGBT16B_999_13/holding/spliced_blc0001020304050607_guppi_57622_32646_Hip114441_0038.gpuspec.0002.h5
HIP11446	https://bldata.berkeley.edu/pipeline/AGBT16A_999_194/holding/spliced_blc0001020304050607_guppi_57525_64722_HIP11446_0028.gpuspec.0002.h5
HIP114463	https://bldata.berkeley.edu/pipeline/AGBT17A_999_15/holding/spliced_blc0001020304050607_guppi_57811_63747_HIP114463_0049.gpuspec.0002.h5
HIP114525	https://bldata.berkeley.edu/pipeline/AGBT17A_999_91/holding/spliced_blc0001020304050607_guppi_57936_32260_HIP114525_0043.gpuspec.0002.h5
HIP114532	https://bldata.berkeley.edu/pipeline/AGBT17A_999_42/holding/spliced_blc0001020304050607_guppi_57852_55806_HIP114532_0049.gpuspec.0002.h5
HIP114563	https://bldata.berkeley.edu/pipeline/AGBT16B_999_48/holding/spliced_blc0001020304050607_guppi_57680_04254_HIP114563_0008.gpuspec.0002.h5
HIP114573	https://bldata.berkeley.edu/pipeline/AGBT17A_999_42/holding/spliced_blc0001020304050607_guppi_57852_56513_HIP114573_0051.gpuspec.0002.h5
HIP114576	https://bldata.berkeley.edu/pipeline/AGBT17A_999_42/holding/spliced_blc0001020304050607_guppi_57852_57204_HIP114576_0053.gpuspec.0002.h5
HIP114587	https://bldata.berkeley.edu/pipeline/AGBT17B_999_93/holding/spliced_blc1011121314151617_guppi_58110_65766_HIP114587_0046.gpuspec.0002.h5
HIP114593	https://bldata.berkeley.edu/pipeline/AGBT17B_999_93/holding/spliced_blc1011121314151617_guppi_58110_66431_HIP114593_0048.gpuspec.0002.h5
HIP114639	https://bldata.berkeley.edu/pipeline/AGBT17A_999_42/holding/spliced_blc0001020304050607_guppi_57852_57895_HIP114639_0055.gpuspec.0002.h5
HIP114675	https://bldata.berkeley.edu/pipeline/AGBT17B_999_93/holding/spliced_blc1011121314151617_guppi_58110_67101_HIP114675_0050.gpuspec.0002.h5
HIP1148	https://bldata.berkeley.edu/pipeline/AGBT17A_999_41/holding/spliced_blc0001020304050607_guppi_57850_70839_HIP1148_0033.gpuspec.0002.h5
HIP11484	https://bldata.berkeley.edu/pipeline/AGBT17A_999_23/holding/spliced_blc1011121314151617_guppi_57824_67700_HIP11484_0007.gpuspec.0002.h5
HIP11491	https://bldata.berkeley.edu/pipeline/AGBT17A_999_20/holding/spliced_blc0001020304050607_guppi_57817_73587_HIP11491_0019.gpuspec.0002.h5
HIP115012	https://bldata.berkeley.edu/pipeline/AGBT17A_999_42/holding/spliced_blc0001020304050607_guppi_57852_58593_HIP115012_0057.gpuspec.0002.h5
HIP115074	https://bldata.berkeley.edu/pipeline/AGBT17A_999_42/holding/spliced_blc0001020304050607_guppi_57852_59281_HIP115074_0059.gpuspec.0002.h5
HIP11509	https://bldata.berkeley.edu/pipeline/AGBT17B_999_19/holding/spliced_blc3031323334353637_guppi_57998_45905_HIP11509_0034.gpuspec.0002.h5
HIP115104	https://bldata.berkeley.edu/pipeline/AGBT16B_999_105/holding/spliced_blc0001020304050607_guppi_57752_72531_HIP115104_0004.gpuspec.0002.h5
HIP115126	https://bldata.berkeley.edu/pipeline/AGBT17A_999_44/holding/spliced_blc0001020304050607_guppi_57858_49344_HIP115126_0039.gpuspec.0002.h5
HIP115131	https://bldata.berkeley.edu/pipeline/AGBT16B_999_48/holding/spliced_blc0001020304050607_guppi_57680_07168_HIP115131_0016.gpuspec.0002.h5
HIP115185	https://bldata.berkeley.edu/pipeline/AGBT18A_999_88/holding/spliced_blc2021222324252627_guppi_58293_42018_HIP115185_0017.gpuspec.0002.h5
HIP115186	https://bldata.berkeley.edu/pipeline/AGBT16B_999_105/holding/spliced_blc0001020304050607_guppi_57752_73221_HIP115186_0006.gpuspec.0002.h5
HIP115198	https://bldata.berkeley.edu/pipeline/AGBT16B_999_48/holding/spliced_blc0001020304050607_guppi_57680_07856_HIP115198_0018.gpuspec.0002.h5
HIP1152	https://bldata.berkeley.edu/pipeline/AGBT17A_999_08/holding/spliced_blc0001020304050607_guppi_57803_73383_HIP1152_0011.gpuspec.0002.h5
HIP115260	https://bldata.berkeley.edu/pipeline/AGBT16A_999_181/holding/spliced_blc0001020304050607_guppi_57516_50721_HIP115260_0004.gpuspec.0002.h5
HIP115261	https://bldata.berkeley.edu/pipeline/AGBT18B_999_01/holding/spliced_blc0001020304050607_guppi_58331_15309_HIP115261_0019.gpuspec.0002.h5
HIP115267	https://bldata.berkeley.edu/pipeline/AGBT16B_999_48/holding/spliced_blc0001020304050607_guppi_57680_08543_HIP115267_0020.gpuspec.0002.h5
HIP115279	https://bldata.berkeley.edu/pipeline/AGBT18A_999_88/holding/spliced_blc2021222324252627_guppi_58293_42702_HIP115279_0019.gpuspec.0002.h5
HIP115288	https://bldata.berkeley.edu/pipeline/AGBT18A_999_88/holding/spliced_blc2021222324252627_guppi_58293_43383_HIP115288_0021.gpuspec.0002.h5
HIP115294	https://bldata.berkeley.edu/pipeline/AGBT16A_999_181/holding/spliced_blc0001020304050607_guppi_57516_51398_HIP115294_0006.gpuspec.0002.h5
HIP115302	https://bldata.berkeley.edu/pipeline/AGBT16A_999_181/holding/spliced_blc0001020304050607_guppi_57516_52079_HIP115302_0008.gpuspec.0002.h5
HIP115306	https://bldata.berkeley.edu/pipeline/AGBT17A_999_24/holding/spliced_blc0001020304050607_guppi_57825_62574_HIP115306_0052.gpuspec.0002.h5
HIP115343	https://bldata.berkeley.edu/pipeline/AGBT17A_999_24/holding/spliced_blc0001020304050607_guppi_57825_63345_HIP115343_0054.gpuspec.0002.h5
HIP115352	https://bldata.berkeley.edu/pipeline/AGBT18B_999_01/holding/spliced_blc0001020304050607_guppi_58331_15977_HIP115352_0021.gpuspec.0002.h5
HIP115357	https://bldata.berkeley.edu/pipeline/AGBT17A_999_24/holding/spliced_blc0001020304050607_guppi_57825_64120_HIP115357_0056.gpuspec.0002.h5
HIP115364	https://bldata.berkeley.edu/pipeline/AGBT17A_999_44/holding/spliced_blc0001020304050607_guppi_57858_53530_HIP115364_0051.gpuspec.0002.h5
HIP11538	https://bldata.berkeley.edu/pipeline/AGBT17A_999_23/holding/spliced_blc1011121314151617_guppi_57824_69743_HIP11538_0013.gpuspec.0002.h5
HIP115401	https://bldata.berkeley.edu/pipeline/AGBT17A_999_44/holding/spliced_blc0001020304050607_guppi_57858_50036_HIP115401_0041.gpuspec.0002.h5
HIP115404	https://bldata.berkeley.edu/pipeline/AGBT17A_999_44/holding/spliced_blc0001020304050607_guppi_57858_50715_HIP115404_0043.gpuspec.0002.h5
HIP115412	https://bldata.berkeley.edu/pipeline/AGBT17A_999_44/holding/spliced_blc0001020304050607_guppi_57858_51476_HIP115412_0045.gpuspec.0002.h5
HIP115428	https://bldata.berkeley.edu/pipeline/AGBT17A_999_44/holding/spliced_blc0001020304050607_guppi_57858_52155_HIP115428_0047.gpuspec.0002.h5
HIP115461	https://bldata.berkeley.edu/pipeline/AGBT18B_999_01/holding/spliced_blc0001020304050607_guppi_58331_16641_HIP115461_0023.gpuspec.0002.h5
HIP11548	https://bldata.berkeley.edu/pipeline/AGBT16A_999_212/holding/spliced_blc0001020304050607_guppi_57541_59084_HIP11548_0013.gpuspec.0002.h5
HIP115480	https://bldata.berkeley.edu/pipeline/AGBT16B_999_48/holding/spliced_blc0001020304050607_guppi_57680_09302_HIP115480_0022.gpuspec.0002.h5
HIP115508	https://bldata.berkeley.edu/pipeline/AGBT16B_999_105/holding/spliced_blc0001020304050607_guppi_57752_73910_HIP115508_0008.gpuspec.0002.h5
HIP115514	https://bldata.berkeley.edu/pipeline/AGBT16B_999_48/holding/spliced_blc0001020304050607_guppi_57680_10036_HIP115514_0024.gpuspec.0002.h5
HIP115524	https://bldata.berkeley.edu/pipeline/AGBT17A_999_44/holding/spliced_blc0001020304050607_guppi_57858_52843_HIP115524_0049.gpuspec.0002.h5
HIP115540	https://bldata.berkeley.edu/pipeline/AGBT16B_999_48/holding/spliced_blc0001020304050607_guppi_57680_10762_HIP115540_0026.gpuspec.0002.h5
HIP115570	https://bldata.berkeley.edu/pipeline/AGBT18B_999_71/holding/spliced_blc1011121314151617_guppi_58452_73108_HIP115570_0061.gpuspec.0002.h5
HIP115572	https://bldata.berkeley.edu/pipeline/AGBT17A_999_91/holding/spliced_blc0001020304050607_guppi_57936_32954_HIP115572_0045.gpuspec.0002.h5
HIP115618	https://bldata.berkeley.edu/pipeline/AGBT16A_999_181/holding/spliced_blc0001020304050607_guppi_57516_52759_HIP115618_0010.gpuspec.0002.h5
HIP115624	https://bldata.berkeley.edu/pipeline/AGBT16A_999_181/holding/spliced_blc0001020304050607_guppi_57516_53434_HIP115624_0012.gpuspec.0002.h5
HIP115625	https://bldata.berkeley.edu/pipeline/AGBT16B_999_48/holding/spliced_blc0001020304050607_guppi_57680_12855_HIP115625_0032.gpuspec.0002.h5
HIP115629	https://bldata.berkeley.edu/pipeline/AGBT17A_999_44/holding/spliced_blc0001020304050607_guppi_57858_55693_HIP115629_0057.gpuspec.0002.h5
HIP115673	https://bldata.berkeley.edu/pipeline/AGBT18B_999_71/holding/spliced_blc1011121314151617_guppi_58452_73767_HIP115673_0063.gpuspec.0002.h5
HIP115680	https://bldata.berkeley.edu/pipeline/AGBT17A_999_51/holding/spliced_blc0001020304050607_guppi_57867_47784_HIP115680_0039.gpuspec.0002.h5
HIP115685	https://bldata.berkeley.edu/pipeline/AGBT17A_999_44/holding/spliced_blc0001020304050607_guppi_57858_56374_HIP115685_0059.gpuspec.0002.h5
HIP115687	https://bldata.berkeley.edu/pipeline/AGBT18B_999_71/holding/spliced_blc1011121314151617_guppi_58452_74427_HIP115687_0065.gpuspec.0002.h5
HIP115692	https://bldata.berkeley.edu/pipeline/AGBT16A_999_181/holding/spliced_blc0001020304050607_guppi_57516_54110_HIP115692_0014.gpuspec.0002.h5
HIP115697	https://bldata.berkeley.edu/pipeline/AGBT17A_999_51/holding/spliced_blc0001020304050607_guppi_57867_48465_HIP115697_0041.gpuspec.0002.h5
HIP11572	https://bldata.berkeley.edu/pipeline/AGBT17B_999_19/holding/spliced_blc3031323334353637_guppi_57998_46576_HIP11572_0036.gpuspec.0002.h5
HIP115752	https://bldata.berkeley.edu/pipeline/AGBT17A_999_91/holding/spliced_blc0001020304050607_guppi_57936_33625_HIP115752_0047.gpuspec.0002.h5
HIP115764	https://bldata.berkeley.edu/pipeline/AGBT16B_999_48/holding/spliced_blc0001020304050607_guppi_57680_13599_HIP115764_0034.gpuspec.0002.h5
HIP115773	https://bldata.berkeley.edu/pipeline/AGBT16B_999_48/holding/spliced_blc0001020304050607_guppi_57680_14264_HIP115773_0036.gpuspec.0002.h5
HIP115779	https://bldata.berkeley.edu/pipeline/AGBT16A_999_181/holding/spliced_blc0001020304050607_guppi_57516_56151_HIP115779_0020.gpuspec.0002.h5
HIP115845	https://bldata.berkeley.edu/pipeline/AGBT17A_999_91/holding/spliced_blc0001020304050607_guppi_57936_34292_HIP115845_0049.gpuspec.0002.h5
HIP115874	https://bldata.berkeley.edu/pipeline/AGBT17B_999_93/holding/spliced_blc1011121314151617_guppi_58110_67769_HIP115874_0052.gpuspec.0002.h5
HIP115883	https://bldata.berkeley.edu/pipeline/AGBT17A_999_51/holding/spliced_blc0001020304050607_guppi_57867_49142_HIP115883_0043.gpuspec.0002.h5
HIP115904	https://bldata.berkeley.edu/pipeline/AGBT16B_999_30/holding/spliced_blc0001020304050607_guppi_57659_12811_HIP115904_0016.gpuspec.0002.h5
HIP115927	https://bldata.berkeley.edu/pipeline/AGBT18A_999_88/holding/spliced_blc2021222324252627_guppi_58293_46165_HIP115927_0029.gpuspec.0002.h5
HIP115944	https://bldata.berkeley.edu/pipeline/AGBT16B_999_13/holding/spliced_blc0001020304050607_guppi_57622_22717_Hip115944_0010.gpuspec.0002.h5
HIP115947	https://bldata.berkeley.edu/pipeline/AGBT17B_999_93/holding/spliced_blc1011121314151617_guppi_58110_68437_HIP115947_0054.gpuspec.0002.h5
HIP115951	https://bldata.berkeley.edu/pipeline/AGBT17A_999_51/holding/spliced_blc0001020304050607_guppi_57867_51943_HIP115951_0051.gpuspec.0002.h5
HIP115954	https://bldata.berkeley.edu/pipeline/AGBT16B_999_30/holding/spliced_blc0001020304050607_guppi_57659_14958_HIP115954_0022.gpuspec.0002.h5
HIP11597	https://bldata.berkeley.edu/pipeline/AGBT17A_999_23/holding/spliced_blc1011121314151617_guppi_57824_71779_HIP11597_0019.gpuspec.0002.h5
HIP115976	https://bldata.berkeley.edu/pipeline/AGBT17A_999_51/holding/spliced_blc0001020304050607_guppi_57867_49889_HIP115976_0045.gpuspec.0002.h5
HIP115985	https://bldata.berkeley.edu/pipeline/AGBT16B_999_13/holding/spliced_blc0001020304050607_guppi_57622_23460_Hip115985_0012.gpuspec.0002.h5
HIP116026	https://bldata.berkeley.edu/pipeline/AGBT16B_999_48/holding/spliced_blc0001020304050607_guppi_57680_14934_HIP116026_0038.gpuspec.0002.h5
HIP116040	https://bldata.berkeley.edu/pipeline/AGBT16B_999_30/holding/spliced_blc0001020304050607_guppi_57659_13494_HIP116040_0018.gpuspec.0002.h5
HIP116051	https://bldata.berkeley.edu/pipeline/AGBT17A_999_51/holding/spliced_blc0001020304050607_guppi_57867_50560_HIP116051_0047.gpuspec.0002.h5
HIP116058	https://bldata.berkeley.edu/pipeline/AGBT17A_999_86/holding/spliced_blc0001020304050607_guppi_57928_44136_HIP116058_0015.gpuspec.0002.h5
HIP116078	https://bldata.berkeley.edu/pipeline/AGBT16A_999_181/holding/spliced_blc0001020304050607_guppi_57516_57729_HIP116078_0024.gpuspec.0002.h5
HIP1161	https://bldata.berkeley.edu/pipeline/AGBT16A_999_232/holding/spliced_blc0001020304050607_guppi_57573_49522_HIP1161_0018.gpuspec.0002.h5
HIP116108	https://bldata.berkeley.edu/pipeline/AGBT18A_999_88/holding/spliced_blc2021222324252627_guppi_58293_46849_HIP116108_0031.gpuspec.0002.h5
HIP116135	https://bldata.berkeley.edu/pipeline/AGBT16B_999_13/holding/spliced_blc0001020304050607_guppi_57622_24204_Hip116135_0014.gpuspec.0002.h5
HIP116164	https://bldata.berkeley.edu/pipeline/AGBT17A_999_86/holding/spliced_blc0001020304050607_guppi_57928_44817_HIP116164_0017.gpuspec.0002.h5
HIP116186	https://bldata.berkeley.edu/pipeline/AGBT18A_999_88/holding/spliced_blc2021222324252627_guppi_58293_47534_HIP116186_0033.gpuspec.0002.h5
HIP11619	https://bldata.berkeley.edu/pipeline/AGBT16A_999_215/holding/spliced_blc0001020304050607_guppi_57544_58540_HIP11619_0052.gpuspec.0002.h5
HIP116209	https://bldata.berkeley.edu/pipeline/AGBT17A_999_51/holding/spliced_blc0001020304050607_guppi_57867_52622_HIP116209_0053.gpuspec.0002.h5
HIP116233	https://bldata.berkeley.edu/pipeline/AGBT16B_999_30/holding/spliced_blc0001020304050607_guppi_57659_15632_HIP116233_0024.gpuspec.0002.h5
HIP116239	https://bldata.berkeley.edu/pipeline/AGBT17A_999_86/holding/spliced_blc0001020304050607_guppi_57928_45493_HIP116239_0019.gpuspec.0002.h5
HIP116245	https://bldata.berkeley.edu/pipeline/AGBT16B_999_30/holding/spliced_blc0001020304050607_guppi_57659_16304_HIP116245_0026.gpuspec.0002.h5
HIP116282	https://bldata.berkeley.edu/pipeline/AGBT16B_999_30/holding/spliced_blc0001020304050607_guppi_57659_14171_HIP116282_0020.gpuspec.0002.h5
HIP116317	https://bldata.berkeley.edu/pipeline/AGBT17A_999_51/holding/spliced_blc0001020304050607_guppi_57867_53297_HIP116317_0055.gpuspec.0002.h5
HIP116329	https://bldata.berkeley.edu/pipeline/AGBT16B_999_04/holding/spliced_blc0001020304050607_guppi_57608_38619_Hip116329_0058.gpuspec.0002.h5
HIP11633	https://bldata.berkeley.edu/pipeline/AGBT17A_999_17/holding/spliced_blc0001020304050607_guppi_57813_81718_HIP11633_0019.gpuspec.0002.h5
HIP116360	https://bldata.berkeley.edu/pipeline/AGBT16B_999_04/holding/spliced_blc0001020304050607_guppi_57608_36472_Hip116360_0052.gpuspec.0002.h5
HIP11637	https://bldata.berkeley.edu/pipeline/AGBT17A_999_23/holding/spliced_blc1011121314151617_guppi_57824_72467_HIP11637_0021.gpuspec.0002.h5
HIP116398	https://bldata.berkeley.edu/pipeline/AGBT16B_999_04/holding/spliced_blc0001020304050607_guppi_57608_39301_Hip116398_0060.gpuspec.0002.h5
HIP116433	https://bldata.berkeley.edu/pipeline/AGBT17A_999_55/holding/spliced_blc0001020304050607_guppi_57871_51667_HIP116433_0052.gpuspec.0002.h5
HIP116459	https://bldata.berkeley.edu/pipeline/AGBT17A_999_51/holding/spliced_blc0001020304050607_guppi_57867_53987_HIP116459_0057.gpuspec.0002.h5
HIP116521	https://bldata.berkeley.edu/pipeline/AGBT17A_999_51/holding/spliced_blc0001020304050607_guppi_57867_54677_HIP116521_0059.gpuspec.0002.h5
HIP11658	https://bldata.berkeley.edu/pipeline/AGBT17A_999_17/holding/spliced_blc0001020304050607_guppi_57813_82443_HIP11658_0021.gpuspec.0002.h5
HIP116662	https://bldata.berkeley.edu/pipeline/AGBT17A_999_55/holding/spliced_blc0001020304050607_guppi_57871_52352_HIP116662_0054.gpuspec.0002.h5
HIP116666	https://bldata.berkeley.edu/pipeline/AGBT16B_999_105/holding/spliced_blc0001020304050607_guppi_57752_74639_HIP116666_0010.gpuspec.0002.h5
HIP116707	https://bldata.berkeley.edu/pipeline/AGBT16B_999_105/holding/spliced_blc0001020304050607_guppi_57752_76764_HIP116707_0016.gpuspec.0002.h5
HIP116719	https://bldata.berkeley.edu/pipeline/AGBT17A_999_72/holding/spliced_blc0001020304050607_guppi_57901_44332_HIP116719_0052.gpuspec.0002.h5
HIP11672	https://bldata.berkeley.edu/pipeline/AGBT17A_999_23/holding/spliced_blc1011121314151617_guppi_57824_76612_HIP11672_0033.gpuspec.0002.h5
HIP116736	https://bldata.berkeley.edu/pipeline/AGBT16B_999_04/holding/spliced_blc0001020304050607_guppi_57608_37159_Hip116736_0054.gpuspec.0002.h5
HIP11678	https://bldata.berkeley.edu/pipeline/AGBT16A_999_215/holding/spliced_blc0001020304050607_guppi_57544_59256_HIP11678_0054.gpuspec.0002.h5
HIP116781	https://bldata.berkeley.edu/pipeline/AGBT16B_999_04/holding/spliced_blc0001020304050607_guppi_57608_37841_Hip116781_0056.gpuspec.0002.h5
HIP11686	https://bldata.berkeley.edu/pipeline/AGBT16A_999_215/holding/spliced_blc0001020304050607_guppi_57544_59957_HIP11686_0056.gpuspec.0002.h5
HIP116863	https://bldata.berkeley.edu/pipeline/AGBT17B_999_12/holding/spliced_blc2021222324252627_guppi_57986_29982_HIP116863_0044.gpuspec.0002.h5
HIP116877	https://bldata.berkeley.edu/pipeline/AGBT17B_999_12/holding/spliced_blc2021222324252627_guppi_57986_27914_HIP116877_0038.gpuspec.0002.h5
HIP116888	https://bldata.berkeley.edu/pipeline/AGBT17A_999_09/holding/spliced_blc0001020304050607_guppi_57804_55553_HIP116888_0021.gpuspec.0002.h5
HIP11691	https://bldata.berkeley.edu/pipeline/AGBT17A_999_23/holding/spliced_blc1011121314151617_guppi_57824_74521_HIP11691_0027.gpuspec.0002.h5
HIP116933	https://bldata.berkeley.edu/pipeline/AGBT17A_999_09/holding/spliced_blc0001020304050607_guppi_57804_56230_HIP116933_0023.gpuspec.0002.h5
HIP116944	https://bldata.berkeley.edu/pipeline/AGBT16B_999_105/holding/spliced_blc0001020304050607_guppi_57752_77474_HIP116944_0018.gpuspec.0002.h5
HIP116947	https://bldata.berkeley.edu/pipeline/AGBT17B_999_16/holding/spliced_blc2021222324252627_guppi_57993_10270_HIP116947_0019.gpuspec.0002.h5
HIP11699	https://bldata.berkeley.edu/pipeline/AGBT17A_999_75/holding/spliced_blc0001020304050607_guppi_57906_51096_HIP11699_0015.gpuspec.0002.h5
HIP11700	https://bldata.berkeley.edu/pipeline/AGBT17A_999_23/holding/spliced_blc1011121314151617_guppi_57824_77313_HIP11700_0035.gpuspec.0002.h5
HIP117044	https://bldata.berkeley.edu/pipeline/AGBT17A_999_72/holding/spliced_blc0001020304050607_guppi_57901_45025_HIP117044_0054.gpuspec.0002.h5
HIP117059	https://bldata.berkeley.edu/pipeline/AGBT18B_999_71/holding/spliced_blc1011121314151617_guppi_58452_70595_HIP117059_0055.gpuspec.0002.h5
HIP11707	https://bldata.berkeley.edu/pipeline/AGBT17B_999_34/holding/spliced_blc0001020304050607_guppi_58016_36567_HIP11707_0015.gpuspec.0002.h5
HIP117083	https://bldata.berkeley.edu/pipeline/AGBT17A_999_32/holding/spliced_blc0001020304050607_guppi_57838_65333_HIP117083_0009.gpuspec.0002.h5
HIP117150	https://bldata.berkeley.edu/pipeline/AGBT18B_999_71/holding/spliced_blc1011121314151617_guppi_58452_71257_HIP117150_0057.gpuspec.0002.h5
HIP117158	https://bldata.berkeley.edu/pipeline/AGBT17B_999_12/holding/spliced_blc2021222324252627_guppi_57986_31373_HIP117158_0048.gpuspec.0002.h5
HIP117169	https://bldata.berkeley.edu/pipeline/AGBT17B_999_12/holding/spliced_blc2021222324252627_guppi_57986_28580_HIP117169_0040.gpuspec.0002.h5
HIP117172	https://bldata.berkeley.edu/pipeline/AGBT16B_999_105/holding/spliced_blc0001020304050607_guppi_57752_75328_HIP117172_0012.gpuspec.0002.h5
HIP117175	https://bldata.berkeley.edu/pipeline/AGBT18B_999_71/holding/spliced_blc1011121314151617_guppi_58452_71918_HIP117175_0059.gpuspec.0002.h5
HIP117179	https://bldata.berkeley.edu/pipeline/AGBT17B_999_12/holding/spliced_blc2021222324252627_guppi_57986_29241_HIP117179_0042.gpuspec.0002.h5
HIP117185	https://bldata.berkeley.edu/pipeline/AGBT17A_999_09/holding/spliced_blc0001020304050607_guppi_57804_56906_HIP117185_0025.gpuspec.0002.h5
HIP117196	https://bldata.berkeley.edu/pipeline/AGBT18A_999_88/holding/spliced_blc2021222324252627_guppi_58293_44091_HIP117196_0023.gpuspec.0002.h5
HIP117207	https://bldata.berkeley.edu/pipeline/AGBT16B_999_105/holding/spliced_blc0001020304050607_guppi_57752_78958_HIP117207_0022.gpuspec.0002.h5
HIP11721	https://bldata.berkeley.edu/pipeline/AGBT17A_999_17/holding/spliced_blc0001020304050607_guppi_57813_83114_HIP11721_0023.gpuspec.0002.h5
HIP117212	https://bldata.berkeley.edu/pipeline/AGBT17A_999_72/holding/spliced_blc0001020304050607_guppi_57901_45716_HIP117212_0056.gpuspec.0002.h5
HIP117217	https://bldata.berkeley.edu/pipeline/AGBT16B_999_105/holding/spliced_blc0001020304050607_guppi_57752_78176_HIP117217_0020.gpuspec.0002.h5
HIP117236	https://bldata.berkeley.edu/pipeline/AGBT17A_999_61/holding/spliced_blc3031323334353637_guppi_57879_60899_HIP117236_0015.gpuspec.0002.h5
HIP117242	https://bldata.berkeley.edu/pipeline/AGBT17A_999_32/holding/spliced_blc0001020304050607_guppi_57838_66033_HIP117242_0011.gpuspec.0002.h5
HIP11726	https://bldata.berkeley.edu/pipeline/AGBT17A_999_75/holding/spliced_blc0001020304050607_guppi_57906_51763_HIP11726_0017.gpuspec.0002.h5
HIP117286	https://bldata.berkeley.edu/pipeline/AGBT16B_999_105/holding/spliced_blc0001020304050607_guppi_57752_79709_HIP117286_0024.gpuspec.0002.h5
HIP11729	https://bldata.berkeley.edu/pipeline/AGBT17A_999_32/holding/spliced_blc0001020304050607_guppi_57838_69936_HIP11729_0021.gpuspec.0002.h5
HIP117334	https://bldata.berkeley.edu/pipeline/AGBT16B_999_105/holding/spliced_blc0001020304050607_guppi_57752_80454_HIP117334_0026.gpuspec.0002.h5
HIP117376	https://bldata.berkeley.edu/pipeline/AGBT16B_999_105/holding/spliced_blc0001020304050607_guppi_57752_76017_HIP117376_0014.gpuspec.0002.h5
HIP117379	https://bldata.berkeley.edu/pipeline/AGBT17A_999_32/holding/spliced_blc0001020304050607_guppi_57838_66727_HIP117379_0013.gpuspec.0002.h5
HIP117393	https://bldata.berkeley.edu/pipeline/AGBT18A_999_88/holding/spliced_blc2021222324252627_guppi_58293_44787_HIP117393_0025.gpuspec.0002.h5
HIP117394	https://bldata.berkeley.edu/pipeline/AGBT17A_999_61/holding/spliced_blc3031323334353637_guppi_57879_61584_HIP117394_0017.gpuspec.0002.h5
HIP1174	https://bldata.berkeley.edu/pipeline/AGBT16B_999_43/holding/spliced_blc0001020304050607_guppi_57674_20238_HIP1174_0018.gpuspec.0002.h5
HIP11741	https://bldata.berkeley.edu/pipeline/AGBT16B_999_87/holding/spliced_blc0001020304050607_guppi_57732_08895_HIP11741_0046.gpuspec.0002.h5
HIP117461	https://bldata.berkeley.edu/pipeline/AGBT17A_999_61/holding/spliced_blc3031323334353637_guppi_57879_62267_HIP117461_0019.gpuspec.0002.h5
HIP11747	https://bldata.berkeley.edu/pipeline/AGBT17A_999_32/holding/spliced_blc0001020304050607_guppi_57838_70634_HIP11747_0023.gpuspec.0002.h5
HIP117511	https://bldata.berkeley.edu/pipeline/AGBT18A_999_88/holding/spliced_blc2021222324252627_guppi_58293_45475_HIP117511_0027.gpuspec.0002.h5
HIP117564	https://bldata.berkeley.edu/pipeline/AGBT17A_999_72/holding/spliced_blc0001020304050607_guppi_57901_46460_HIP117564_0058.gpuspec.0002.h5
HIP117681	https://bldata.berkeley.edu/pipeline/AGBT17B_999_93/holding/spliced_blc1011121314151617_guppi_58110_71172_HIP117681_0062.gpuspec.0002.h5
HIP117740	https://bldata.berkeley.edu/pipeline/AGBT17A_999_86/holding/spliced_blc0001020304050607_guppi_57928_46873_HIP117740_0023.gpuspec.0002.h5
HIP117765	https://bldata.berkeley.edu/pipeline/AGBT18B_999_01/holding/spliced_blc0001020304050607_guppi_58331_28736_HIP117765_0051.gpuspec.0002.h5
HIP117784	https://bldata.berkeley.edu/pipeline/AGBT18B_999_01/holding/spliced_blc0001020304050607_guppi_58331_36029_HIP117784_0070.gpuspec.0002.h5
HIP117861	https://bldata.berkeley.edu/pipeline/AGBT18B_999_01/holding/spliced_blc0001020304050607_guppi_58331_36719_HIP117861_0072.gpuspec.0002.h5
HIP11793	https://bldata.berkeley.edu/pipeline/AGBT17B_999_34/holding/spliced_blc0001020304050607_guppi_58016_37242_HIP11793_0017.gpuspec.0002.h5
HIP11795	https://bldata.berkeley.edu/pipeline/AGBT17A_999_23/holding/spliced_blc1011121314151617_guppi_57824_75221_HIP11795_0029.gpuspec.0002.h5
HIP117962	https://bldata.berkeley.edu/pipeline/AGBT17A_999_86/holding/spliced_blc0001020304050607_guppi_57928_47548_HIP117962_0025.gpuspec.0002.h5
HIP11808	https://bldata.berkeley.edu/pipeline/AGBT16B_999_87/holding/spliced_blc0001020304050607_guppi_57732_09615_HIP11808_0048.gpuspec.0002.h5
HIP11809	https://bldata.berkeley.edu/pipeline/AGBT17B_999_34/holding/spliced_blc0001020304050607_guppi_58016_38590_HIP11809_0021.gpuspec.0002.h5
HIP11810	https://bldata.berkeley.edu/pipeline/AGBT17A_999_75/holding/spliced_blc0001020304050607_guppi_57906_52431_HIP11810_0019.gpuspec.0002.h5
HIP11815	https://bldata.berkeley.edu/pipeline/AGBT17B_999_34/holding/spliced_blc0001020304050607_guppi_58016_39257_HIP11815_0023.gpuspec.0002.h5
HIP11827	https://bldata.berkeley.edu/pipeline/AGBT17A_999_23/holding/spliced_blc1011121314151617_guppi_57824_78013_HIP11827_0037.gpuspec.0002.h5
HIP11828	https://bldata.berkeley.edu/pipeline/AGBT17B_999_34/holding/spliced_blc0001020304050607_guppi_58016_39926_HIP11828_0025.gpuspec.0002.h5
HIP11836	https://bldata.berkeley.edu/pipeline/AGBT17A_999_23/holding/spliced_blc1011121314151617_guppi_57824_73150_HIP11836_0023.gpuspec.0002.h5
HIP11839	https://bldata.berkeley.edu/pipeline/AGBT17A_999_86/holding/spliced_blc0001020304050607_guppi_57928_52634_HIP11839_0039.gpuspec.0002.h5
HIP11843	https://bldata.berkeley.edu/pipeline/AGBT17A_999_32/holding/spliced_blc0001020304050607_guppi_57838_72121_HIP11843_0027.gpuspec.0002.h5
HIP11845	https://bldata.berkeley.edu/pipeline/AGBT16A_999_172/holding/spliced_blc0001020304050607_guppi_57511_69083_HIP11845_0027.gpuspec.0002.h5
HIP11846	https://bldata.berkeley.edu/pipeline/AGBT17A_999_86/holding/spliced_blc0001020304050607_guppi_57928_53305_HIP11846_0041.gpuspec.0002.h5
HIP1185	https://bldata.berkeley.edu/pipeline/AGBT16A_999_232/holding/spliced_blc0001020304050607_guppi_57573_50180_HIP1185_0020.gpuspec.0002.h5
HIP11862	https://bldata.berkeley.edu/pipeline/AGBT17B_999_34/holding/spliced_blc0001020304050607_guppi_58016_37912_HIP11862_0019.gpuspec.0002.h5
HIP11865	https://bldata.berkeley.edu/pipeline/AGBT17A_999_86/holding/spliced_blc0001020304050607_guppi_57928_53976_HIP11865_0043.gpuspec.0002.h5
HIP11889	https://bldata.berkeley.edu/pipeline/AGBT17A_999_17/holding/spliced_blc0001020304050607_guppi_57813_83795_HIP11889_0025.gpuspec.0002.h5
HIP1191	https://bldata.berkeley.edu/pipeline/AGBT16A_999_219/holding/spliced_blc0001020304050607_guppi_57550_51514_HIP1191_0030.gpuspec.0002.h5
HIP11915	https://bldata.berkeley.edu/pipeline/AGBT16A_999_215/holding/spliced_blc0001020304050607_guppi_57544_51992_HIP11915_0034.gpuspec.0002.h5
HIP11941	https://bldata.berkeley.edu/pipeline/AGBT17A_999_23/holding/spliced_blc1011121314151617_guppi_57824_75917_HIP11941_0031.gpuspec.0002.h5
HIP11974	https://bldata.berkeley.edu/pipeline/AGBT16A_999_172/holding/spliced_blc0001020304050607_guppi_57511_69772_HIP11974_0029.gpuspec.0002.h5
HIP11983	https://bldata.berkeley.edu/pipeline/AGBT17A_999_23/holding/spliced_blc1011121314151617_guppi_57824_73828_HIP11983_0025.gpuspec.0002.h5
HIP11993	https://bldata.berkeley.edu/pipeline/AGBT16A_999_215/holding/spliced_blc0001020304050607_guppi_57544_60698_HIP11993_0058.gpuspec.0002.h5
HIP11995	https://bldata.berkeley.edu/pipeline/AGBT17A_999_75/holding/spliced_blc0001020304050607_guppi_57906_53180_HIP11995_0021.gpuspec.0002.h5
HIP12005	https://bldata.berkeley.edu/pipeline/AGBT16A_999_215/holding/spliced_blc0001020304050607_guppi_57544_52683_HIP12005_0036.gpuspec.0002.h5
HIP120148	https://bldata.berkeley.edu/pipeline/AGBT16B_999_45/holding/spliced_blc0001020304050607_guppi_57676_85772_HIP120148_0050.gpuspec.0002.h5
HIP12025	https://bldata.berkeley.edu/pipeline/AGBT17A_999_32/holding/spliced_blc0001020304050607_guppi_57838_72842_HIP12025_0029.gpuspec.0002.h5
HIP12038	https://bldata.berkeley.edu/pipeline/AGBT16A_999_215/holding/spliced_blc0001020304050607_guppi_57544_53376_HIP12038_0038.gpuspec.0002.h5
HIP12080	https://bldata.berkeley.edu/pipeline/AGBT17A_999_32/holding/spliced_blc0001020304050607_guppi_57838_74306_HIP12080_0033.gpuspec.0002.h5
HIP12111	https://bldata.berkeley.edu/pipeline/AGBT17A_999_32/holding/spliced_blc0001020304050607_guppi_57838_73557_HIP12111_0031.gpuspec.0002.h5
HIP12115	https://bldata.berkeley.edu/pipeline/AGBT17A_999_32/holding/spliced_blc0001020304050607_guppi_57838_75043_HIP12115_0035.gpuspec.0002.h5
HIP12161	https://bldata.berkeley.edu/pipeline/AGBT17A_999_75/holding/spliced_blc0001020304050607_guppi_57906_53858_HIP12161_0023.gpuspec.0002.h5
HIP12187	https://bldata.berkeley.edu/pipeline/AGBT16B_999_33/holding/spliced_blc0001020304050607_guppi_57661_29757_HIP12187_0002.gpuspec.0002.h5
HIP12207	https://bldata.berkeley.edu/pipeline/AGBT17A_999_32/holding/spliced_blc0001020304050607_guppi_57838_75779_HIP12207_0037.gpuspec.0002.h5
HIP1222	https://bldata.berkeley.edu/pipeline/AGBT17A_999_41/holding/spliced_blc0001020304050607_guppi_57850_71513_HIP1222_0035.gpuspec.0002.h5
HIP12255	https://bldata.berkeley.edu/pipeline/AGBT16B_999_87/holding/spliced_blc0001020304050607_guppi_57732_10330_HIP12255_0050.gpuspec.0002.h5
HIP12287	https://bldata.berkeley.edu/pipeline/AGBT16B_999_33/holding/spliced_blc0001020304050607_guppi_57661_31219_HIP12287_0006.gpuspec.0002.h5
HIP1233	https://bldata.berkeley.edu/pipeline/AGBT17A_999_08/holding/spliced_blc0001020304050607_guppi_57803_74108_HIP1233_0013.gpuspec.0002.h5
HIP1234	https://bldata.berkeley.edu/pipeline/AGBT16A_999_219/holding/spliced_blc0001020304050607_guppi_57550_48723_HIP1234_0022.gpuspec.0002.h5
HIP1237	https://bldata.berkeley.edu/pipeline/AGBT17A_999_58/holding/spliced_blc3031323334353637_guppi_57873_61038_HIP1237_0025.gpuspec.0002.h5
HIP12402	https://bldata.berkeley.edu/pipeline/AGBT16A_999_212/holding/spliced_blc0001020304050607_guppi_57541_59890_HIP12402_0015.gpuspec.0002.h5
HIP1241	https://bldata.berkeley.edu/pipeline/AGBT16B_999_09/holding/spliced_blc0001020304050607_guppi_57614_28699_Hip1241_0022.gpuspec.0002.h5
HIP12442	https://bldata.berkeley.edu/pipeline/AGBT16B_999_33/holding/spliced_blc0001020304050607_guppi_57661_30459_HIP12442_0004.gpuspec.0002.h5
HIP12482	https://bldata.berkeley.edu/pipeline/AGBT16A_999_212/holding/spliced_blc0001020304050607_guppi_57541_60602_HIP12482_0017.gpuspec.0002.h5
HIP1252	https://bldata.berkeley.edu/pipeline/AGBT16B_999_43/holding/spliced_blc0001020304050607_guppi_57674_32471_HIP1252_0012.gpuspec.0002.h5
HIP12534	https://bldata.berkeley.edu/pipeline/AGBT16B_999_33/holding/spliced_blc0001020304050607_guppi_57661_34117_HIP12534_0014.gpuspec.0002.h5
HIP12549	https://bldata.berkeley.edu/pipeline/AGBT16A_999_212/holding/spliced_blc0001020304050607_guppi_57541_61313_HIP12549_0019.gpuspec.0002.h5
HIP1255	https://bldata.berkeley.edu/pipeline/AGBT17A_999_28/holding/spliced_blc0001020304050607_guppi_57831_66182_HIP1255_0008.gpuspec.0002.h5
HIP1256	https://bldata.berkeley.edu/pipeline/AGBT16A_999_219/holding/spliced_blc0001020304050607_guppi_57550_43183_HIP1256_0010.gpuspec.0002.h5
HIP12574	https://bldata.berkeley.edu/pipeline/AGBT16B_999_33/holding/spliced_blc0001020304050607_guppi_57661_34797_HIP12574_0016.gpuspec.0002.h5
HIP12597	https://bldata.berkeley.edu/pipeline/AGBT16B_999_113/holding/spliced_blc0001020304050607_guppi_57760_10189_HIP12597_0003.gpuspec.0002.h5
HIP1260	https://bldata.berkeley.edu/pipeline/AGBT17A_999_58/holding/spliced_blc3031323334353637_guppi_57873_61710_HIP1260_0027.gpuspec.0002.h5
HIP1263	https://bldata.berkeley.edu/pipeline/AGBT17A_999_41/holding/spliced_blc0001020304050607_guppi_57850_72187_HIP1263_0037.gpuspec.0002.h5
HIP12636	https://bldata.berkeley.edu/pipeline/AGBT16B_999_113/holding/spliced_blc0001020304050607_guppi_57760_10858_HIP12636_0005.gpuspec.0002.h5
HIP1266	https://bldata.berkeley.edu/pipeline/AGBT16A_999_219/holding/spliced_blc0001020304050607_guppi_57550_52191_HIP1266_0032.gpuspec.0002.h5
HIP12678	https://bldata.berkeley.edu/pipeline/AGBT16B_999_33/holding/spliced_blc0001020304050607_guppi_57661_31937_HIP12678_0008.gpuspec.0002.h5
HIP12679	https://bldata.berkeley.edu/pipeline/AGBT16B_999_113/holding/spliced_blc0001020304050607_guppi_57760_11528_HIP12679_0007.gpuspec.0002.h5
HIP1274	https://bldata.berkeley.edu/pipeline/AGBT16B_999_61/holding/spliced_blc0001020304050607_guppi_57697_15888_HIP1274_0050.gpuspec.0002.h5
HIP12790	https://bldata.berkeley.edu/pipeline/AGBT16B_999_33/holding/spliced_blc0001020304050607_guppi_57661_32644_HIP12790_0010.gpuspec.0002.h5
HIP12808	https://bldata.berkeley.edu/pipeline/AGBT16B_999_27/holding/spliced_blc0001020304050607_guppi_57655_32301_Hip12808_0010.gpuspec.0002.h5
HIP12815	https://bldata.berkeley.edu/pipeline/AGBT16A_999_219/holding/spliced_blc0001020304050607_guppi_57550_57240_HIP12815_0046.gpuspec.0002.h5
HIP12816	https://bldata.berkeley.edu/pipeline/AGBT16A_999_207/holding/spliced_blc0001020304050607_guppi_57536_52065_HIP12816_0004.gpuspec.0002.h5
HIP12830	https://bldata.berkeley.edu/pipeline/AGBT16A_999_219/holding/spliced_blc0001020304050607_guppi_57550_57955_HIP12830_0048.gpuspec.0002.h5
HIP12865	https://bldata.berkeley.edu/pipeline/AGBT16A_999_207/holding/spliced_blc0001020304050607_guppi_57536_52752_HIP12865_0006.gpuspec.0002.h5
HIP12881	https://bldata.berkeley.edu/pipeline/AGBT16B_999_27/holding/spliced_blc0001020304050607_guppi_57655_33018_Hip12881_0012.gpuspec.0002.h5
HIP12916	https://bldata.berkeley.edu/pipeline/AGBT16B_999_27/holding/spliced_blc0001020304050607_guppi_57655_33726_Hip12916_0014.gpuspec.0002.h5
HIP12919	https://bldata.berkeley.edu/pipeline/AGBT17A_999_86/holding/spliced_blc0001020304050607_guppi_57928_56197_HIP12919_0049.gpuspec.0002.h5
HIP12932	https://bldata.berkeley.edu/pipeline/AGBT16B_999_27/holding/spliced_blc0001020304050607_guppi_57655_30894_Hip12932_0006.gpuspec.0002.h5
HIP1294	https://bldata.berkeley.edu/pipeline/AGBT16A_999_219/holding/spliced_blc0001020304050607_guppi_57550_49401_HIP1294_0024.gpuspec.0002.h5
HIP13021	https://bldata.berkeley.edu/pipeline/AGBT16B_999_27/holding/spliced_blc0001020304050607_guppi_57655_31593_Hip13021_0008.gpuspec.0002.h5
HIP13027	https://bldata.berkeley.edu/pipeline/AGBT17A_999_74/holding/spliced_blc0001020304050607_guppi_57903_52843_HIP13027_0019.gpuspec.0002.h5
HIP1303	https://bldata.berkeley.edu/pipeline/AGBT16A_999_219/holding/spliced_blc0001020304050607_guppi_57550_46636_HIP1303_0016.gpuspec.0002.h5
HIP13035	https://bldata.berkeley.edu/pipeline/AGBT16A_999_219/holding/spliced_blc0001020304050607_guppi_57550_58663_HIP13035_0050.gpuspec.0002.h5
HIP13042	https://bldata.berkeley.edu/pipeline/AGBT16B_999_27/holding/spliced_blc0001020304050607_guppi_57655_36577_Hip13042_0022.gpuspec.0002.h5
HIP13043	https://bldata.berkeley.edu/pipeline/AGBT16B_999_27/holding/spliced_blc0001020304050607_guppi_57655_37266_Hip13043_0024.gpuspec.0002.h5
HIP13063	https://bldata.berkeley.edu/pipeline/AGBT16A_999_207/holding/spliced_blc0001020304050607_guppi_57536_53439_HIP13063_0008.gpuspec.0002.h5
HIP131	https://bldata.berkeley.edu/pipeline/AGBT17A_999_97/holding/spliced_blc0001020304050607_guppi_57956_48978_HIP131_0020.gpuspec.0002.h5
HIP1318	https://bldata.berkeley.edu/pipeline/AGBT17A_999_58/holding/spliced_blc3031323334353637_guppi_57873_62382_HIP1318_0029.gpuspec.0002.h5
HIP13212	https://bldata.berkeley.edu/pipeline/AGBT16B_999_27/holding/spliced_blc0001020304050607_guppi_57655_40783_Hip13212_0034.gpuspec.0002.h5
HIP13233	https://bldata.berkeley.edu/pipeline/AGBT16B_999_27/holding/spliced_blc0001020304050607_guppi_57655_41466_Hip13233_0036.gpuspec.0002.h5
HIP1324	https://bldata.berkeley.edu/pipeline/AGBT16A_999_219/holding/spliced_blc0001020304050607_guppi_57550_40980_HIP1324_0004.gpuspec.0002.h5
HIP13342	https://bldata.berkeley.edu/pipeline/AGBT16B_999_27/holding/spliced_blc0001020304050607_guppi_57655_37952_Hip13342_0026.gpuspec.0002.h5
HIP1337	https://bldata.berkeley.edu/pipeline/AGBT17A_999_08/holding/spliced_blc0001020304050607_guppi_57803_79691_HIP1337_0029.gpuspec.0002.h5
HIP13374	https://bldata.berkeley.edu/pipeline/AGBT16B_999_27/holding/spliced_blc0001020304050607_guppi_57655_38667_Hip13374_0028.gpuspec.0002.h5
HIP13394	https://bldata.berkeley.edu/pipeline/AGBT16B_999_113/holding/spliced_blc0001020304050607_guppi_57760_12198_HIP13394_0009.gpuspec.0002.h5
HIP13412	https://bldata.berkeley.edu/pipeline/AGBT16B_999_20/holding/spliced_blc0001020304050607_guppi_57635_37379_Hip13412_0010.gpuspec.0002.h5
HIP13421	https://bldata.berkeley.edu/pipeline/AGBT16A_999_192/holding/spliced_blc0001020304050607_guppi_57523_65541_HIP13421_0004.gpuspec.0002.h5
HIP1343	https://bldata.berkeley.edu/pipeline/AGBT17A_999_08/holding/spliced_blc0001020304050607_guppi_57803_80362_HIP1343_0031.gpuspec.0002.h5
HIP13437	https://bldata.berkeley.edu/pipeline/AGBT16B_999_113/holding/spliced_blc0001020304050607_guppi_57760_12867_HIP13437_0011.gpuspec.0002.h5
HIP1344	https://bldata.berkeley.edu/pipeline/AGBT16B_999_13/holding/spliced_blc0001020304050607_guppi_57622_34759_Hip1344_0044.gpuspec.0002.h5
HIP13440	https://bldata.berkeley.edu/pipeline/AGBT16B_999_27/holding/spliced_blc0001020304050607_guppi_57655_39359_Hip13440_0030.gpuspec.0002.h5
HIP13467	https://bldata.berkeley.edu/pipeline/AGBT16A_999_192/holding/spliced_blc0001020304050607_guppi_57523_66232_HIP13467_0006.gpuspec.0002.h5
HIP13475	https://bldata.berkeley.edu/pipeline/AGBT16A_999_192/holding/spliced_blc0001020304050607_guppi_57523_66922_HIP13475_0008.gpuspec.0002.h5
HIP13487	https://bldata.berkeley.edu/pipeline/AGBT16B_999_113/holding/spliced_blc0001020304050607_guppi_57760_13541_HIP13487_0013.gpuspec.0002.h5
HIP13494	https://bldata.berkeley.edu/pipeline/AGBT16B_999_20/holding/spliced_blc0001020304050607_guppi_57635_38070_Hip13494_0012.gpuspec.0002.h5
HIP13510	https://bldata.berkeley.edu/pipeline/AGBT16B_999_20/holding/spliced_blc0001020304050607_guppi_57635_38762_Hip13510_0014.gpuspec.0002.h5
HIP13528	https://bldata.berkeley.edu/pipeline/AGBT16B_999_49/holding/spliced_blc0001020304050607_guppi_57681_24554_HIP13528_0004.gpuspec.0002.h5
HIP13584	https://bldata.berkeley.edu/pipeline/AGBT16B_999_49/holding/spliced_blc0001020304050607_guppi_57681_26692_HIP13584_0010.gpuspec.0002.h5
HIP13592	https://bldata.berkeley.edu/pipeline/AGBT16B_999_43/holding/spliced_blc0001020304050607_guppi_57674_34006_HIP13592_0016.gpuspec.0002.h5
HIP1361	https://bldata.berkeley.edu/pipeline/AGBT17A_999_61/holding/spliced_blc3031323334353637_guppi_57879_62971_HIP1361_0021.gpuspec.0002.h5
HIP13615	https://bldata.berkeley.edu/pipeline/AGBT16B_999_27/holding/spliced_blc0001020304050607_guppi_57655_40040_Hip13615_0032.gpuspec.0002.h5
HIP13625	https://bldata.berkeley.edu/pipeline/AGBT16B_999_43/holding/spliced_blc0001020304050607_guppi_57674_34700_HIP13625_0018.gpuspec.0002.h5
HIP13640	https://bldata.berkeley.edu/pipeline/AGBT16B_999_43/holding/spliced_blc0001020304050607_guppi_57674_35392_HIP13640_0020.gpuspec.0002.h5
HIP1366	https://bldata.berkeley.edu/pipeline/AGBT16A_999_219/holding/spliced_blc0001020304050607_guppi_57550_44491_HIP1366_0012.gpuspec.0002.h5
HIP13664	https://bldata.berkeley.edu/pipeline/AGBT16B_999_49/holding/spliced_blc0001020304050607_guppi_57681_27361_HIP13664_0012.gpuspec.0002.h5
HIP13678	https://bldata.berkeley.edu/pipeline/AGBT16B_999_20/holding/spliced_blc0001020304050607_guppi_57635_39464_Hip13678_0016.gpuspec.0002.h5
HIP1372	https://bldata.berkeley.edu/pipeline/AGBT17A_999_38/holding/spliced_blc0001020304050607_guppi_57847_74173_HIP1372_0038.gpuspec.0002.h5
HIP13760	https://bldata.berkeley.edu/pipeline/AGBT16B_999_49/holding/spliced_blc0001020304050607_guppi_57681_28029_HIP13760_0014.gpuspec.0002.h5
HIP13762	https://bldata.berkeley.edu/pipeline/AGBT17B_999_15/holding/spliced_blc2021222324252627_guppi_57992_38603_HIP13762_0039.gpuspec.0002.h5
HIP13774	https://bldata.berkeley.edu/pipeline/AGBT16A_999_207/holding/spliced_blc0001020304050607_guppi_57536_54159_HIP13774_0010.gpuspec.0002.h5
HIP13779	https://bldata.berkeley.edu/pipeline/AGBT16B_999_49/holding/spliced_blc0001020304050607_guppi_57681_28759_HIP13779_0016.gpuspec.0002.h5
HIP13783	https://bldata.berkeley.edu/pipeline/AGBT16B_999_27/holding/spliced_blc0001020304050607_guppi_57655_42140_Hip13783_0038.gpuspec.0002.h5
HIP13802	https://bldata.berkeley.edu/pipeline/AGBT16A_999_207/holding/spliced_blc0001020304050607_guppi_57536_54861_HIP13802_0012.gpuspec.0002.h5
HIP13804	https://bldata.berkeley.edu/pipeline/AGBT16A_999_207/holding/spliced_blc0001020304050607_guppi_57536_55569_HIP13804_0014.gpuspec.0002.h5
HIP13810	https://bldata.berkeley.edu/pipeline/AGBT16B_999_20/holding/spliced_blc0001020304050607_guppi_57635_40158_Hip13810_0018.gpuspec.0002.h5
HIP13827	https://bldata.berkeley.edu/pipeline/AGBT17B_999_15/holding/spliced_blc2021222324252627_guppi_57992_37261_HIP13827_0035.gpuspec.0002.h5
HIP13840	https://bldata.berkeley.edu/pipeline/AGBT16A_999_207/holding/spliced_blc0001020304050607_guppi_57536_56256_HIP13840_0016.gpuspec.0002.h5
HIP1386	https://bldata.berkeley.edu/pipeline/AGBT17A_999_61/holding/spliced_blc3031323334353637_guppi_57879_63633_HIP1386_0023.gpuspec.0002.h5
HIP13871	https://bldata.berkeley.edu/pipeline/AGBT16B_999_20/holding/spliced_blc0001020304050607_guppi_57635_40852_Hip13871_0020.gpuspec.0002.h5
HIP13872	https://bldata.berkeley.edu/pipeline/AGBT17B_999_15/holding/spliced_blc2021222324252627_guppi_57992_37924_HIP13872_0037.gpuspec.0002.h5
HIP13937	https://bldata.berkeley.edu/pipeline/AGBT17B_999_15/holding/spliced_blc2021222324252627_guppi_57992_39272_HIP13937_0041.gpuspec.0002.h5
HIP13957	https://bldata.berkeley.edu/pipeline/AGBT16B_999_20/holding/spliced_blc0001020304050607_guppi_57635_41564_Hip13957_0022.gpuspec.0002.h5
HIP14000	https://bldata.berkeley.edu/pipeline/AGBT16A_999_207/holding/spliced_blc0001020304050607_guppi_57536_58430_HIP14000_0022.gpuspec.0002.h5
HIP14048	https://bldata.berkeley.edu/pipeline/AGBT17B_999_15/holding/spliced_blc2021222324252627_guppi_57992_40628_HIP14048_0045.gpuspec.0002.h5
HIP14054	https://bldata.berkeley.edu/pipeline/AGBT17B_999_15/holding/spliced_blc2021222324252627_guppi_57992_39940_HIP14054_0043.gpuspec.0002.h5
HIP1406	https://bldata.berkeley.edu/pipeline/AGBT16B_999_09/holding/spliced_blc0001020304050607_guppi_57614_25869_Hip1406_0014.gpuspec.0002.h5
HIP14077	https://bldata.berkeley.edu/pipeline/AGBT16B_999_20/holding/spliced_blc0001020304050607_guppi_57635_42248_Hip14077_0024.gpuspec.0002.h5
HIP14084	https://bldata.berkeley.edu/pipeline/AGBT16A_999_207/holding/spliced_blc0001020304050607_guppi_57536_57658_HIP14084_0020.gpuspec.0002.h5
HIP14087	https://bldata.berkeley.edu/pipeline/AGBT16B_999_20/holding/spliced_blc0001020304050607_guppi_57635_42934_Hip14087_0026.gpuspec.0002.h5
HIP1410	https://bldata.berkeley.edu/pipeline/AGBT16B_999_43/holding/spliced_blc0001020304050607_guppi_57674_20907_HIP1410_0020.gpuspec.0002.h5
HIP14124	https://bldata.berkeley.edu/pipeline/AGBT16B_999_20/holding/spliced_blc0001020304050607_guppi_57635_45709_Hip14124_0034.gpuspec.0002.h5
HIP14133	https://bldata.berkeley.edu/pipeline/AGBT16B_999_49/holding/spliced_blc0001020304050607_guppi_57681_32780_HIP14133_0028.gpuspec.0002.h5
HIP14161	https://bldata.berkeley.edu/pipeline/AGBT16B_999_20/holding/spliced_blc0001020304050607_guppi_57635_46389_Hip14161_0036.gpuspec.0002.h5
HIP14172	https://bldata.berkeley.edu/pipeline/AGBT16B_999_20/holding/spliced_blc0001020304050607_guppi_57635_43626_Hip14172_0028.gpuspec.0002.h5
HIP14175	https://bldata.berkeley.edu/pipeline/AGBT16B_999_20/holding/spliced_blc0001020304050607_guppi_57635_44313_Hip14175_0030.gpuspec.0002.h5
HIP1420	https://bldata.berkeley.edu/pipeline/AGBT16B_999_09/holding/spliced_blc0001020304050607_guppi_57614_29379_Hip1420_0024.gpuspec.0002.h5
HIP14209	https://bldata.berkeley.edu/pipeline/AGBT16B_999_49/holding/spliced_blc0001020304050607_guppi_57681_33451_HIP14209_0030.gpuspec.0002.h5
HIP14221	https://bldata.berkeley.edu/pipeline/AGBT16B_999_49/holding/spliced_blc0001020304050607_guppi_57681_34127_HIP14221_0032.gpuspec.0002.h5
HIP1423	https://bldata.berkeley.edu/pipeline/AGBT16A_999_219/holding/spliced_blc0001020304050607_guppi_57550_41660_HIP1423_0006.gpuspec.0002.h5
HIP14231	https://bldata.berkeley.edu/pipeline/AGBT17B_999_15/holding/spliced_blc2021222324252627_guppi_57992_42681_HIP14231_0051.gpuspec.0002.h5
HIP14241	https://bldata.berkeley.edu/pipeline/AGBT16B_999_20/holding/spliced_blc0001020304050607_guppi_57635_47069_Hip14241_0038.gpuspec.0002.h5
HIP14248	https://bldata.berkeley.edu/pipeline/AGBT16A_999_207/holding/spliced_blc0001020304050607_guppi_57536_59110_HIP14248_0024.gpuspec.0002.h5
HIP14276	https://bldata.berkeley.edu/pipeline/AGBT16B_999_49/holding/spliced_blc0001020304050607_guppi_57681_29423_HIP14276_0018.gpuspec.0002.h5
HIP14294	https://bldata.berkeley.edu/pipeline/AGBT16B_999_49/holding/spliced_blc0001020304050607_guppi_57681_30087_HIP14294_0020.gpuspec.0002.h5
HIP14298	https://bldata.berkeley.edu/pipeline/AGBT16B_999_20/holding/spliced_blc0001020304050607_guppi_57635_44999_Hip14298_0032.gpuspec.0002.h5
HIP14358	https://bldata.berkeley.edu/pipeline/AGBT17B_999_15/holding/spliced_blc2021222324252627_guppi_57992_43352_HIP14358_0053.gpuspec.0002.h5
HIP14371	https://bldata.berkeley.edu/pipeline/AGBT17B_999_15/holding/spliced_blc2021222324252627_guppi_57992_44022_HIP14371_0055.gpuspec.0002.h5
HIP14384	https://bldata.berkeley.edu/pipeline/AGBT16B_999_33/holding/spliced_blc0001020304050607_guppi_57661_37565_HIP14384_0024.gpuspec.0002.h5
HIP14404	https://bldata.berkeley.edu/pipeline/AGBT17B_999_15/holding/spliced_blc2021222324252627_guppi_57992_41306_HIP14404_0047.gpuspec.0002.h5
HIP14410	https://bldata.berkeley.edu/pipeline/AGBT16A_999_207/holding/spliced_blc0001020304050607_guppi_57536_59786_HIP14410_0026.gpuspec.0002.h5
HIP1442	https://bldata.berkeley.edu/pipeline/AGBT16A_999_219/holding/spliced_blc0001020304050607_guppi_57550_45800_HIP1442_0014.gpuspec.0002.h5
HIP14437	https://bldata.berkeley.edu/pipeline/AGBT16B_999_33/holding/spliced_blc0001020304050607_guppi_57661_38252_HIP14437_0026.gpuspec.0002.h5
HIP14477	https://bldata.berkeley.edu/pipeline/AGBT16B_999_33/holding/spliced_blc0001020304050607_guppi_57661_38936_HIP14477_0028.gpuspec.0002.h5
HIP145	https://bldata.berkeley.edu/pipeline/AGBT16B_999_09/holding/spliced_blc0001020304050607_guppi_57614_30056_Hip145_0026.gpuspec.0002.h5
HIP14506	https://bldata.berkeley.edu/pipeline/AGBT16B_999_49/holding/spliced_blc0001020304050607_guppi_57681_30752_HIP14506_0022.gpuspec.0002.h5
HIP14516	https://bldata.berkeley.edu/pipeline/AGBT16A_999_207/holding/spliced_blc0001020304050607_guppi_57536_60510_HIP14516_0028.gpuspec.0002.h5
HIP14581	https://bldata.berkeley.edu/pipeline/AGBT16B_999_69/holding/spliced_blc0001020304050607_guppi_57707_18408_HIP14581_0004.gpuspec.0002.h5
HIP14591	https://bldata.berkeley.edu/pipeline/AGBT17B_999_15/holding/spliced_blc2021222324252627_guppi_57992_44702_HIP14591_0057.gpuspec.0002.h5
HIP14606	https://bldata.berkeley.edu/pipeline/AGBT17B_999_15/holding/spliced_blc2021222324252627_guppi_57992_45374_HIP14606_0059.gpuspec.0002.h5
HIP14614	https://bldata.berkeley.edu/pipeline/AGBT17B_999_15/holding/spliced_blc2021222324252627_guppi_57992_41977_HIP14614_0049.gpuspec.0002.h5
HIP14648	https://bldata.berkeley.edu/pipeline/AGBT16B_999_33/holding/spliced_blc0001020304050607_guppi_57661_35495_HIP14648_0018.gpuspec.0002.h5
HIP14661	https://bldata.berkeley.edu/pipeline/AGBT16B_999_90/holding/spliced_blc0001020304050607_guppi_57735_12042_HIP14661_0004.gpuspec.0002.h5
HIP14701	https://bldata.berkeley.edu/pipeline/AGBT16B_999_69/holding/spliced_blc0001020304050607_guppi_57707_19093_HIP14701_0006.gpuspec.0002.h5
HIP14712	https://bldata.berkeley.edu/pipeline/AGBT16B_999_49/holding/spliced_blc0001020304050607_guppi_57681_32068_HIP14712_0026.gpuspec.0002.h5
HIP14734	https://bldata.berkeley.edu/pipeline/AGBT16B_999_90/holding/spliced_blc0001020304050607_guppi_57735_15428_HIP14734_0014.gpuspec.0002.h5
HIP14794	https://bldata.berkeley.edu/pipeline/AGBT16B_999_49/holding/spliced_blc0001020304050607_guppi_57681_34843_HIP14794_0034.gpuspec.0002.h5
HIP14796	https://bldata.berkeley.edu/pipeline/AGBT16B_999_69/holding/spliced_blc0001020304050607_guppi_57707_19772_HIP14796_0008.gpuspec.0002.h5
HIP14811	https://bldata.berkeley.edu/pipeline/AGBT16B_999_90/holding/spliced_blc0001020304050607_guppi_57735_13396_HIP14811_0008.gpuspec.0002.h5
HIP14844	https://bldata.berkeley.edu/pipeline/AGBT16B_999_102/holding/spliced_blc0001020304050607_guppi_57750_09022_HIP14844_0004.gpuspec.0002.h5
HIP14878	https://bldata.berkeley.edu/pipeline/AGBT16B_999_33/holding/spliced_blc0001020304050607_guppi_57661_39639_HIP14878_0030.gpuspec.0002.h5
HIP149	https://bldata.berkeley.edu/pipeline/AGBT17B_999_15/holding/spliced_blc2021222324252627_guppi_57992_33113_HIP149_0023.gpuspec.0002.h5
HIP14921	https://bldata.berkeley.edu/pipeline/AGBT16B_999_33/holding/spliced_blc0001020304050607_guppi_57661_40323_HIP14921_0032.gpuspec.0002.h5
HIP14941	https://bldata.berkeley.edu/pipeline/AGBT16B_999_33/holding/spliced_blc0001020304050607_guppi_57661_36168_HIP14941_0020.gpuspec.0002.h5
HIP15029	https://bldata.berkeley.edu/pipeline/AGBT16B_999_33/holding/spliced_blc0001020304050607_guppi_57661_36835_HIP15029_0022.gpuspec.0002.h5
HIP1505	https://bldata.berkeley.edu/pipeline/AGBT17A_999_38/holding/spliced_blc0001020304050607_guppi_57847_60891_HIP1505_0003.gpuspec.0002.h5
HIP15100	https://bldata.berkeley.edu/pipeline/AGBT18B_999_72/holding/spliced_blc2021222324252627_guppi_58454_16842_HIP15100_0039.gpuspec.0002.h5
HIP15110	https://bldata.berkeley.edu/pipeline/AGBT18B_999_72/holding/spliced_blc2021222324252627_guppi_58454_17536_HIP15110_0041.gpuspec.0002.h5
HIP15189	https://bldata.berkeley.edu/pipeline/AGBT18B_999_72/holding/spliced_blc2021222324252627_guppi_58454_18231_HIP15189_0043.gpuspec.0002.h5
HIP15247	https://bldata.berkeley.edu/pipeline/AGBT16B_999_33/holding/spliced_blc0001020304050607_guppi_57661_41000_HIP15247_0034.gpuspec.0002.h5
HIP15296	https://bldata.berkeley.edu/pipeline/AGBT16B_999_49/holding/spliced_blc0001020304050607_guppi_57681_36163_HIP15296_0038.gpuspec.0002.h5
HIP1540	https://bldata.berkeley.edu/pipeline/AGBT17A_999_38/holding/spliced_blc0001020304050607_guppi_57847_61561_HIP1540_0005.gpuspec.0002.h5
HIP1543	https://bldata.berkeley.edu/pipeline/AGBT17A_999_63/holding/spliced_blc3031323334353637_guppi_57884_66535_HIP1543_0045.gpuspec.0002.h5
HIP15460	https://bldata.berkeley.edu/pipeline/AGBT16B_999_102/holding/spliced_blc0001020304050607_guppi_57750_11174_HIP15460_0010.gpuspec.0002.h5
HIP15477	https://bldata.berkeley.edu/pipeline/AGBT16B_999_20/holding/spliced_blc0001020304050607_guppi_57635_35316_Hip15477_0004.gpuspec.0002.h5
HIP15480	https://bldata.berkeley.edu/pipeline/AGBT16B_999_20/holding/spliced_blc0001020304050607_guppi_57635_35998_Hip15480_0006.gpuspec.0002.h5
HIP15497	https://bldata.berkeley.edu/pipeline/AGBT16B_999_102/holding/spliced_blc0001020304050607_guppi_57750_11851_HIP15497_0012.gpuspec.0002.h5
HIP15498	https://bldata.berkeley.edu/pipeline/AGBT16B_999_102/holding/spliced_blc0001020304050607_guppi_57750_12521_HIP15498_0014.gpuspec.0002.h5
HIP15598	https://bldata.berkeley.edu/pipeline/AGBT16B_999_20/holding/spliced_blc0001020304050607_guppi_57635_36680_Hip15598_0008.gpuspec.0002.h5
HIP15732	https://bldata.berkeley.edu/pipeline/AGBT16A_999_224/holding/spliced_blc0001020304050607_guppi_57557_58700_HIP15732_0036.gpuspec.0002.h5
HIP15779	https://bldata.berkeley.edu/pipeline/AGBT16A_999_224/holding/spliced_blc0001020304050607_guppi_57557_59390_HIP15779_0038.gpuspec.0002.h5
HIP15830	https://bldata.berkeley.edu/pipeline/AGBT16A_999_224/holding/spliced_blc0001020304050607_guppi_57557_60080_HIP15830_0040.gpuspec.0002.h5
HIP1584	https://bldata.berkeley.edu/pipeline/AGBT17A_999_38/holding/spliced_blc0001020304050607_guppi_57847_62232_HIP1584_0007.gpuspec.0002.h5
HIP159	https://bldata.berkeley.edu/pipeline/AGBT17B_999_15/holding/spliced_blc2021222324252627_guppi_57992_35172_HIP159_0029.gpuspec.0002.h5
HIP16000	https://bldata.berkeley.edu/pipeline/AGBT16B_999_39/holding/spliced_blc0001020304050607_guppi_57668_29245_HIP16000_0010.gpuspec.0002.h5
HIP16021	https://bldata.berkeley.edu/pipeline/AGBT16B_999_39/holding/spliced_blc0001020304050607_guppi_57668_29936_HIP16021_0012.gpuspec.0002.h5
HIP16023	https://bldata.berkeley.edu/pipeline/AGBT16B_999_39/holding/spliced_blc0001020304050607_guppi_57668_27193_HIP16023_0004.gpuspec.0002.h5
HIP16045	https://bldata.berkeley.edu/pipeline/AGBT16B_999_39/holding/spliced_blc0001020304050607_guppi_57668_30626_HIP16045_0014.gpuspec.0002.h5
HIP16056	https://bldata.berkeley.edu/pipeline/AGBT16B_999_39/holding/spliced_blc0001020304050607_guppi_57668_27875_HIP16056_0006.gpuspec.0002.h5
HIP16151	https://bldata.berkeley.edu/pipeline/AGBT16B_999_39/holding/spliced_blc0001020304050607_guppi_57668_28558_HIP16151_0008.gpuspec.0002.h5
HIP16191	https://bldata.berkeley.edu/pipeline/AGBT16B_999_102/holding/spliced_blc0001020304050607_guppi_57750_09701_HIP16191_0006.gpuspec.0002.h5
HIP16198	https://bldata.berkeley.edu/pipeline/AGBT16A_999_192/holding/spliced_blc0001020304050607_guppi_57523_67641_HIP16198_0010.gpuspec.0002.h5
HIP16229	https://bldata.berkeley.edu/pipeline/AGBT16A_999_192/holding/spliced_blc0001020304050607_guppi_57523_69728_HIP16229_0016.gpuspec.0002.h5
HIP16259	https://bldata.berkeley.edu/pipeline/AGBT16A_999_240/holding/spliced_blc0001020304050607_guppi_57585_52447_Hip16259_0046.gpuspec.0002.h5
HIP16271	https://bldata.berkeley.edu/pipeline/AGBT16B_999_39/holding/spliced_blc0001020304050607_guppi_57668_35497_HIP16271_0028.gpuspec.0002.h5
HIP16276	https://bldata.berkeley.edu/pipeline/AGBT16B_999_102/holding/spliced_blc0001020304050607_guppi_57750_10390_HIP16276_0008.gpuspec.0002.h5
HIP16288	https://bldata.berkeley.edu/pipeline/AGBT16B_999_39/holding/spliced_blc0001020304050607_guppi_57668_31321_HIP16288_0016.gpuspec.0002.h5
HIP16293	https://bldata.berkeley.edu/pipeline/AGBT16B_999_39/holding/spliced_blc0001020304050607_guppi_57668_32008_HIP16293_0018.gpuspec.0002.h5
HIP16299	https://bldata.berkeley.edu/pipeline/AGBT16A_999_192/holding/spliced_blc0001020304050607_guppi_57523_70423_HIP16299_0018.gpuspec.0002.h5
HIP16313	https://bldata.berkeley.edu/pipeline/AGBT16A_999_192/holding/spliced_blc0001020304050607_guppi_57523_69032_HIP16313_0014.gpuspec.0002.h5
HIP16329	https://bldata.berkeley.edu/pipeline/AGBT16B_999_39/holding/spliced_blc0001020304050607_guppi_57668_36196_HIP16329_0030.gpuspec.0002.h5
HIP16331	https://bldata.berkeley.edu/pipeline/AGBT16A_999_240/holding/spliced_blc0001020304050607_guppi_57585_53130_Hip16331_0048.gpuspec.0002.h5
HIP16341	https://bldata.berkeley.edu/pipeline/AGBT16A_999_192/holding/spliced_blc0001020304050607_guppi_57523_71116_HIP16341_0020.gpuspec.0002.h5
HIP16359	https://bldata.berkeley.edu/pipeline/AGBT16A_999_240/holding/spliced_blc0001020304050607_guppi_57585_54577_Hip16359_0052.gpuspec.0002.h5
HIP16371	https://bldata.berkeley.edu/pipeline/AGBT16B_999_39/holding/spliced_blc0001020304050607_guppi_57668_34066_HIP16371_0024.gpuspec.0002.h5
HIP16374	https://bldata.berkeley.edu/pipeline/AGBT16B_999_39/holding/spliced_blc0001020304050607_guppi_57668_36892_HIP16374_0032.gpuspec.0002.h5
HIP16384	https://bldata.berkeley.edu/pipeline/AGBT16A_999_240/holding/spliced_blc0001020304050607_guppi_57585_53812_Hip16384_0050.gpuspec.0002.h5
HIP16399	https://bldata.berkeley.edu/pipeline/AGBT16A_999_240/holding/spliced_blc0001020304050607_guppi_57585_55270_Hip16399_0054.gpuspec.0002.h5
HIP16401	https://bldata.berkeley.edu/pipeline/AGBT16A_999_240/holding/spliced_blc0001020304050607_guppi_57585_51664_Hip16401_0044.gpuspec.0002.h5
HIP16435	https://bldata.berkeley.edu/pipeline/AGBT16A_999_192/holding/spliced_blc0001020304050607_guppi_57523_71862_HIP16435_0022.gpuspec.0002.h5
HIP16445	https://bldata.berkeley.edu/pipeline/AGBT16A_999_240/holding/spliced_blc0001020304050607_guppi_57585_55961_Hip16445_0056.gpuspec.0002.h5
HIP16462	https://bldata.berkeley.edu/pipeline/AGBT16B_999_39/holding/spliced_blc0001020304050607_guppi_57668_34747_HIP16462_0026.gpuspec.0002.h5
HIP16463	https://bldata.berkeley.edu/pipeline/AGBT16B_999_39/holding/spliced_blc0001020304050607_guppi_57668_32693_HIP16463_0020.gpuspec.0002.h5
HIP16477	https://bldata.berkeley.edu/pipeline/AGBT16A_999_192/holding/spliced_blc0001020304050607_guppi_57523_73299_HIP16477_0026.gpuspec.0002.h5
HIP16655	https://bldata.berkeley.edu/pipeline/AGBT16B_999_102/holding/spliced_blc0001020304050607_guppi_57750_13243_HIP16655_0016.gpuspec.0002.h5
HIP16669	https://bldata.berkeley.edu/pipeline/AGBT16A_999_244/holding/spliced_blc0001020304050607_guppi_57592_51974_Hip16669_0021.gpuspec.0002.h5
HIP16705	https://bldata.berkeley.edu/pipeline/AGBT16A_999_244/holding/spliced_blc0001020304050607_guppi_57592_52703_Hip16705_0023.gpuspec.0002.h5
HIP16718	https://bldata.berkeley.edu/pipeline/AGBT16A_999_244/holding/spliced_blc0001020304050607_guppi_57592_53422_Hip16718_0025.gpuspec.0002.h5
HIP16731	https://bldata.berkeley.edu/pipeline/AGBT16B_999_102/holding/spliced_blc0001020304050607_guppi_57750_15390_HIP16731_0022.gpuspec.0002.h5
HIP1680	https://bldata.berkeley.edu/pipeline/AGBT17A_999_61/holding/spliced_blc3031323334353637_guppi_57879_64301_HIP1680_0025.gpuspec.0002.h5
HIP16849	https://bldata.berkeley.edu/pipeline/AGBT16B_999_102/holding/spliced_blc0001020304050607_guppi_57750_16054_HIP16849_0024.gpuspec.0002.h5
HIP16912	https://bldata.berkeley.edu/pipeline/AGBT16B_999_102/holding/spliced_blc0001020304050607_guppi_57750_13942_HIP16912_0018.gpuspec.0002.h5
HIP16964	https://bldata.berkeley.edu/pipeline/AGBT16B_999_102/holding/spliced_blc0001020304050607_guppi_57750_14635_HIP16964_0020.gpuspec.0002.h5
HIP17167	https://bldata.berkeley.edu/pipeline/AGBT16B_999_64/holding/spliced_blc0001020304050607_guppi_57699_29844_HIP17167_0028.gpuspec.0002.h5
HIP17174	https://bldata.berkeley.edu/pipeline/AGBT16A_999_244/holding/spliced_blc0001020304050607_guppi_57592_54166_Hip17174_0027.gpuspec.0002.h5
HIP17178	https://bldata.berkeley.edu/pipeline/AGBT16B_999_102/holding/spliced_blc0001020304050607_guppi_57750_16722_HIP17178_0026.gpuspec.0002.h5
HIP17180	https://bldata.berkeley.edu/pipeline/AGBT16B_999_64/holding/spliced_blc0001020304050607_guppi_57699_30529_HIP17180_0030.gpuspec.0002.h5
HIP17205	https://bldata.berkeley.edu/pipeline/AGBT16B_999_64/holding/spliced_blc0001020304050607_guppi_57699_31212_HIP17205_0032.gpuspec.0002.h5
HIP17233	https://bldata.berkeley.edu/pipeline/AGBT16A_999_214/holding/spliced_blc0001020304050607_guppi_57543_64706_HIP17233_0010.gpuspec.0002.h5
HIP17234	https://bldata.berkeley.edu/pipeline/AGBT16A_999_244/holding/spliced_blc0001020304050607_guppi_57592_54887_Hip17234_0029.gpuspec.0002.h5
HIP17268	https://bldata.berkeley.edu/pipeline/AGBT16A_999_214/holding/spliced_blc0001020304050607_guppi_57543_65419_HIP17268_0012.gpuspec.0002.h5
HIP17275	https://bldata.berkeley.edu/pipeline/AGBT16A_999_214/holding/spliced_blc0001020304050607_guppi_57543_66127_HIP17275_0014.gpuspec.0002.h5
HIP17282	https://bldata.berkeley.edu/pipeline/AGBT16A_999_244/holding/spliced_blc0001020304050607_guppi_57592_55595_Hip17282_0031.gpuspec.0002.h5
HIP17293	https://bldata.berkeley.edu/pipeline/AGBT16B_999_69/holding/spliced_blc0001020304050607_guppi_57707_26629_HIP17293_0028.gpuspec.0002.h5
HIP17375	https://bldata.berkeley.edu/pipeline/AGBT16B_999_64/holding/spliced_blc0001020304050607_guppi_57699_31901_HIP17375_0034.gpuspec.0002.h5
HIP17385	https://bldata.berkeley.edu/pipeline/AGBT16B_999_64/holding/spliced_blc0001020304050607_guppi_57699_32586_HIP17385_0036.gpuspec.0002.h5
HIP17389	https://bldata.berkeley.edu/pipeline/AGBT16B_999_64/holding/spliced_blc0001020304050607_guppi_57699_33267_HIP17389_0038.gpuspec.0002.h5
HIP17431	https://bldata.berkeley.edu/pipeline/AGBT16B_999_69/holding/spliced_blc0001020304050607_guppi_57707_24603_HIP17431_0022.gpuspec.0002.h5
HIP17513	https://bldata.berkeley.edu/pipeline/AGBT16B_999_69/holding/spliced_blc0001020304050607_guppi_57707_27298_HIP17513_0030.gpuspec.0002.h5
HIP1755	https://bldata.berkeley.edu/pipeline/AGBT16B_999_43/holding/spliced_blc0001020304050607_guppi_57674_29805_HIP1755_0004.gpuspec.0002.h5
HIP17679	https://bldata.berkeley.edu/pipeline/AGBT16B_999_69/holding/spliced_blc0001020304050607_guppi_57707_27962_HIP17679_0032.gpuspec.0002.h5
HIP17721	https://bldata.berkeley.edu/pipeline/AGBT16B_999_69/holding/spliced_blc0001020304050607_guppi_57707_25274_HIP17721_0024.gpuspec.0002.h5
HIP1778	https://bldata.berkeley.edu/pipeline/AGBT16B_999_43/holding/spliced_blc0001020304050607_guppi_57674_30469_HIP1778_0006.gpuspec.0002.h5
HIP17780	https://bldata.berkeley.edu/pipeline/AGBT16B_999_65/holding/spliced_blc0001020304050607_guppi_57700_22353_HIP17780_0040.gpuspec.0002.h5
HIP17799	https://bldata.berkeley.edu/pipeline/AGBT16B_999_65/holding/spliced_blc0001020304050607_guppi_57700_23064_HIP17799_0042.gpuspec.0002.h5
HIP17810	https://bldata.berkeley.edu/pipeline/AGBT16B_999_69/holding/spliced_blc0001020304050607_guppi_57707_28669_HIP17810_0034.gpuspec.0002.h5
HIP17831	https://bldata.berkeley.edu/pipeline/AGBT16B_999_69/holding/spliced_blc0001020304050607_guppi_57707_25946_HIP17831_0026.gpuspec.0002.h5
HIP17867	https://bldata.berkeley.edu/pipeline/AGBT16B_999_65/holding/spliced_blc0001020304050607_guppi_57700_23775_HIP17867_0044.gpuspec.0002.h5
HIP17891	https://bldata.berkeley.edu/pipeline/AGBT17A_999_71/holding/spliced_blc0001020304050607_guppi_57900_65442_HIP17891_0050.gpuspec.0002.h5
HIP17907	https://bldata.berkeley.edu/pipeline/AGBT16B_999_65/holding/spliced_blc0001020304050607_guppi_57700_24485_HIP17907_0046.gpuspec.0002.h5
HIP17961	https://bldata.berkeley.edu/pipeline/AGBT18B_999_50/holding/spliced_blc1011121314151617_guppi_58420_31469_HIP17961_0054.gpuspec.0002.h5
HIP17983	https://bldata.berkeley.edu/pipeline/AGBT18B_999_50/holding/spliced_blc1011121314151617_guppi_58420_32142_HIP17983_0056.gpuspec.0002.h5
HIP17995	https://bldata.berkeley.edu/pipeline/AGBT16B_999_65/holding/spliced_blc0001020304050607_guppi_57700_25201_HIP17995_0048.gpuspec.0002.h5
HIP18018	https://bldata.berkeley.edu/pipeline/AGBT16B_999_17/holding/spliced_blc0001020304050607_guppi_57627_49191_Hip18018_0028.gpuspec.0002.h5
HIP18046	https://bldata.berkeley.edu/pipeline/AGBT16B_999_17/holding/spliced_blc0001020304050607_guppi_57627_49881_Hip18046_0030.gpuspec.0002.h5
HIP18050	https://bldata.berkeley.edu/pipeline/AGBT16B_999_17/holding/spliced_blc0001020304050607_guppi_57627_50572_Hip18050_0032.gpuspec.0002.h5
HIP18063	https://bldata.berkeley.edu/pipeline/AGBT16B_999_65/holding/spliced_blc0001020304050607_guppi_57700_27338_HIP18063_0054.gpuspec.0002.h5
HIP18064	https://bldata.berkeley.edu/pipeline/AGBT16B_999_69/holding/spliced_blc0001020304050607_guppi_57707_29338_HIP18064_0036.gpuspec.0002.h5
HIP18076	https://bldata.berkeley.edu/pipeline/AGBT16B_999_65/holding/spliced_blc0001020304050607_guppi_57700_25915_HIP18076_0050.gpuspec.0002.h5
HIP18091	https://bldata.berkeley.edu/pipeline/AGBT18B_999_50/holding/spliced_blc1011121314151617_guppi_58420_32814_HIP18091_0058.gpuspec.0002.h5
HIP18113	https://bldata.berkeley.edu/pipeline/AGBT17A_999_71/holding/spliced_blc0001020304050607_guppi_57900_67455_HIP18113_0056.gpuspec.0002.h5
HIP18146	https://bldata.berkeley.edu/pipeline/AGBT16B_999_65/holding/spliced_blc0001020304050607_guppi_57700_28049_HIP18146_0056.gpuspec.0002.h5
HIP1815	https://bldata.berkeley.edu/pipeline/AGBT16B_999_43/holding/spliced_blc0001020304050607_guppi_57674_31130_HIP1815_0008.gpuspec.0002.h5
HIP18204	https://bldata.berkeley.edu/pipeline/AGBT16B_999_17/holding/spliced_blc0001020304050607_guppi_57627_51255_Hip18204_0034.gpuspec.0002.h5
HIP18258	https://bldata.berkeley.edu/pipeline/AGBT16B_999_17/holding/spliced_blc0001020304050607_guppi_57627_51935_Hip18258_0036.gpuspec.0002.h5
HIP18345	https://bldata.berkeley.edu/pipeline/AGBT16B_999_03/holding/spliced_blc0001020304050607_guppi_57606_41370_Hip18345_0004.gpuspec.0002.h5
HIP18366	https://bldata.berkeley.edu/bl_tess/l_band/spliced_blc0001020304050607_guppi_58965_61011_HIP18366_0027.rawspec.0000.h5
HIP18392	https://bldata.berkeley.edu/pipeline/AGBT16B_999_17/holding/spliced_blc0001020304050607_guppi_57627_52619_Hip18392_0038.gpuspec.0002.h5
HIP184	https://bldata.berkeley.edu/pipeline/AGBT16A_999_219/holding/spliced_blc0001020304050607_guppi_57550_52893_HIP184_0034.gpuspec.0002.h5
HIP1840	https://bldata.berkeley.edu/pipeline/AGBT17A_999_63/holding/spliced_blc3031323334353637_guppi_57884_67200_HIP1840_0047.gpuspec.0002.h5
HIP18421	https://bldata.berkeley.edu/pipeline/AGBT16A_999_244/holding/spliced_blc0001020304050607_guppi_57592_56346_Hip18421_0033.gpuspec.0002.h5
HIP18434	https://bldata.berkeley.edu/pipeline/AGBT16B_999_03/holding/spliced_blc0001020304050607_guppi_57606_42041_Hip18434_0006.gpuspec.0002.h5
HIP18438	https://bldata.berkeley.edu/pipeline/AGBT16B_999_90/holding/spliced_blc0001020304050607_guppi_57735_18310_HIP18438_0022.gpuspec.0002.h5
HIP1846	https://bldata.berkeley.edu/pipeline/AGBT17A_999_63/holding/spliced_blc3031323334353637_guppi_57884_67872_HIP1846_0049.gpuspec.0002.h5
HIP18464	https://bldata.berkeley.edu/pipeline/AGBT16B_999_03/holding/spliced_blc0001020304050607_guppi_57606_42721_Hip18464_0008.gpuspec.0002.h5
HIP185	https://bldata.berkeley.edu/pipeline/AGBT16A_999_219/holding/spliced_blc0001020304050607_guppi_57550_53562_HIP185_0036.gpuspec.0002.h5
HIP18521	https://bldata.berkeley.edu/pipeline/AGBT16B_999_79/holding/spliced_blc0001020304050607_guppi_57722_15951_HIP18521_0004.gpuspec.0002.h5
HIP18532	https://bldata.berkeley.edu/pipeline/AGBT16A_999_244/holding/spliced_blc0001020304050607_guppi_57592_57057_Hip18532_0035.gpuspec.0002.h5
HIP18552	https://bldata.berkeley.edu/pipeline/AGBT16A_999_244/holding/spliced_blc0001020304050607_guppi_57592_57757_Hip18552_0037.gpuspec.0002.h5
HIP18555	https://bldata.berkeley.edu/pipeline/AGBT16B_999_79/holding/spliced_blc0001020304050607_guppi_57722_16643_HIP18555_0006.gpuspec.0002.h5
HIP18566	https://bldata.berkeley.edu/pipeline/AGBT16B_999_79/holding/spliced_blc0001020304050607_guppi_57722_17336_HIP18566_0008.gpuspec.0002.h5
HIP18658	https://bldata.berkeley.edu/pipeline/AGBT16B_999_79/holding/spliced_blc0001020304050607_guppi_57722_18035_HIP18658_0010.gpuspec.0002.h5
HIP18688	https://bldata.berkeley.edu/pipeline/AGBT16A_999_249/holding/spliced_blc0001020304050607_guppi_57599_49909_Hip18688_0030.gpuspec.0002.h5
HIP187	https://bldata.berkeley.edu/pipeline/AGBT16A_999_219/holding/spliced_blc0001020304050607_guppi_57550_42330_HIP187_0008.gpuspec.0002.h5
HIP18700	https://bldata.berkeley.edu/pipeline/AGBT16B_999_79/holding/spliced_blc0001020304050607_guppi_57722_18735_HIP18700_0012.gpuspec.0002.h5
HIP18715	https://bldata.berkeley.edu/pipeline/AGBT16B_999_79/holding/spliced_blc0001020304050607_guppi_57722_19434_HIP18715_0014.gpuspec.0002.h5
HIP18751	https://bldata.berkeley.edu/pipeline/AGBT16B_999_17/holding/spliced_blc0001020304050607_guppi_57627_40761_Hip18751_0004.gpuspec.0002.h5
HIP18763	https://bldata.berkeley.edu/pipeline/AGBT16B_999_79/holding/spliced_blc0001020304050607_guppi_57722_22407_HIP18763_0022.gpuspec.0002.h5
HIP18770	https://bldata.berkeley.edu/pipeline/AGBT16A_999_249/holding/spliced_blc0001020304050607_guppi_57599_50612_Hip18770_0032.gpuspec.0002.h5
HIP18778	https://bldata.berkeley.edu/pipeline/AGBT16B_999_79/holding/spliced_blc0001020304050607_guppi_57722_23106_HIP18778_0024.gpuspec.0002.h5
HIP18810	https://bldata.berkeley.edu/pipeline/AGBT16B_999_79/holding/spliced_blc0001020304050607_guppi_57722_23802_HIP18810_0026.gpuspec.0002.h5
HIP18840	https://bldata.berkeley.edu/pipeline/AGBT16B_999_70/holding/spliced_blc0001020304050607_guppi_57708_20182_HIP18840_0010.gpuspec.0002.h5
HIP18851	https://bldata.berkeley.edu/pipeline/AGBT16B_999_03/holding/spliced_blc0001020304050607_guppi_57606_43478_Hip18851_0010.gpuspec.0002.h5
HIP18912	https://bldata.berkeley.edu/pipeline/AGBT16B_999_03/holding/spliced_blc0001020304050607_guppi_57606_44233_Hip18912_0012.gpuspec.0002.h5
HIP18955	https://bldata.berkeley.edu/pipeline/AGBT16B_999_85/holding/spliced_blc1011121314151617_guppi_57727_15299_HIP18955_0004.gpuspec.0002.h5
HIP18962	https://bldata.berkeley.edu/bl_tess/c_band/spliced_blc30313233343536o7o0414243444546o7o0515253545556o7o061626364656667_guppi_58919_20838_HIP18962_0119.rawspec.0000.h5
HIP18973	https://bldata.berkeley.edu/pipeline/AGBT16B_999_03/holding/spliced_blc0001020304050607_guppi_57606_45288_Hip18973_0014.gpuspec.0002.h5
HIP18977	https://bldata.berkeley.edu/pipeline/AGBT16B_999_17/holding/spliced_blc0001020304050607_guppi_57627_41444_Hip18977_0006.gpuspec.0002.h5
HIP190	https://bldata.berkeley.edu/pipeline/AGBT16A_999_219/holding/spliced_blc0001020304050607_guppi_57550_54230_HIP190_0038.gpuspec.0002.h5
HIP19007	https://bldata.berkeley.edu/pipeline/AGBT16B_999_17/holding/spliced_blc0001020304050607_guppi_57627_42125_Hip19007_0008.gpuspec.0002.h5
HIP19022	https://bldata.berkeley.edu/pipeline/AGBT16B_999_70/holding/spliced_blc0001020304050607_guppi_57708_20862_HIP19022_0012.gpuspec.0002.h5
HIP19027	https://bldata.berkeley.edu/pipeline/AGBT16B_999_70/holding/spliced_blc0001020304050607_guppi_57708_21539_HIP19027_0014.gpuspec.0002.h5
HIP19061	https://bldata.berkeley.edu/pipeline/AGBT16B_999_70/holding/spliced_blc0001020304050607_guppi_57708_22898_HIP19061_0018.gpuspec.0002.h5
HIP19072	https://bldata.berkeley.edu/pipeline/AGBT16B_999_85/holding/spliced_blc1011121314151617_guppi_57727_16003_HIP19072_0006.gpuspec.0002.h5
HIP19120	https://bldata.berkeley.edu/pipeline/AGBT16B_999_85/holding/spliced_blc1011121314151617_guppi_57727_17419_HIP19120_0010.gpuspec.0002.h5
HIP19135	https://bldata.berkeley.edu/bl_tess/l_band/spliced_blc0001020304050607_guppi_58965_57164_HIP19135_0015.rawspec.0000.h5
HIP19148	https://bldata.berkeley.edu/pipeline/AGBT16B_999_85/holding/spliced_blc1011121314151617_guppi_57727_18123_HIP19148_0012.gpuspec.0002.h5
HIP19164	https://bldata.berkeley.edu/pipeline/AGBT16B_999_90/holding/spliced_blc0001020304050607_guppi_57735_18977_HIP19164_0024.gpuspec.0002.h5
HIP19187	https://bldata.berkeley.edu/pipeline/AGBT16B_999_85/holding/spliced_blc1011121314151617_guppi_57727_19526_HIP19187_0016.gpuspec.0002.h5
HIP19207	https://bldata.berkeley.edu/pipeline/AGBT16B_999_85/holding/spliced_blc1011121314151617_guppi_57727_18824_HIP19207_0014.gpuspec.0002.h5
HIP19249	https://bldata.berkeley.edu/pipeline/AGBT16B_999_70/holding/spliced_blc0001020304050607_guppi_57708_23574_HIP19249_0020.gpuspec.0002.h5
HIP19263	https://bldata.berkeley.edu/pipeline/AGBT16B_999_85/holding/spliced_blc1011121314151617_guppi_57727_20228_HIP19263_0018.gpuspec.0002.h5
HIP19281	https://bldata.berkeley.edu/pipeline/AGBT16B_999_85/holding/spliced_blc1011121314151617_guppi_57727_20929_HIP19281_0020.gpuspec.0002.h5
HIP19289	https://bldata.berkeley.edu/pipeline/AGBT16B_999_69/holding/spliced_blc0001020304050607_guppi_57707_30017_HIP19289_0038.gpuspec.0002.h5
HIP19377	https://bldata.berkeley.edu/pipeline/AGBT16B_999_90/holding/spliced_blc0001020304050607_guppi_57735_19640_HIP19377_0026.gpuspec.0002.h5
HIP19402	https://bldata.berkeley.edu/pipeline/AGBT16B_999_90/holding/spliced_blc0001020304050607_guppi_57735_20966_HIP19402_0030.gpuspec.0002.h5
HIP19450	https://bldata.berkeley.edu/bl_tess/l_band/spliced_blc0001020304050607_guppi_58965_57795_HIP19450_0017.rawspec.0000.h5
HIP19465	https://bldata.berkeley.edu/bl_tess/c_band/spliced_blc30313233343536o7o0414243444546o7o0515253545556o7o061626364656667_guppi_58919_21468_HIP19465_0121.rawspec.0000.h5
HIP19586	https://bldata.berkeley.edu/pipeline/AGBT16B_999_85/holding/spliced_blc1011121314151617_guppi_57727_23725_HIP19586_0028.gpuspec.0002.h5
HIP19591	https://bldata.berkeley.edu/pipeline/AGBT16B_999_85/holding/spliced_blc1011121314151617_guppi_57727_24417_HIP19591_0030.gpuspec.0002.h5
HIP19616	https://bldata.berkeley.edu/pipeline/AGBT16B_999_85/holding/spliced_blc1011121314151617_guppi_57727_21627_HIP19616_0022.gpuspec.0002.h5
HIP19665	https://bldata.berkeley.edu/pipeline/AGBT16B_999_85/holding/spliced_blc1011121314151617_guppi_57727_22332_HIP19665_0024.gpuspec.0002.h5
HIP19669	https://bldata.berkeley.edu/pipeline/AGBT16B_999_85/holding/spliced_blc1011121314151617_guppi_57727_23030_HIP19669_0026.gpuspec.0002.h5
HIP19734	https://bldata.berkeley.edu/bl_tess/c_band/spliced_blc30313233343536o7o0414243444546o7o0515253545556o7o061626364656667_guppi_58918_77091_HIP19734_0020.rawspec.0000.h5
HIP19763	https://bldata.berkeley.edu/pipeline/AGBT16B_999_03/holding/spliced_blc0001020304050607_guppi_57606_46166_Hip19763_0016.gpuspec.0002.h5
HIP19772	https://bldata.berkeley.edu/pipeline/AGBT16B_999_93/holding/spliced_blc0001020304050607_guppi_57740_11174_HIP19772_0004.gpuspec.0002.h5
HIP19793	https://bldata.berkeley.edu/pipeline/AGBT16B_999_85/holding/spliced_blc1011121314151617_guppi_57727_25102_HIP19793_0032.gpuspec.0002.h5
HIP19822	https://bldata.berkeley.edu/pipeline/AGBT16B_999_03/holding/spliced_blc0001020304050607_guppi_57606_50409_Hip19822_0028.gpuspec.0002.h5
HIP19829	https://bldata.berkeley.edu/pipeline/AGBT16B_999_03/holding/spliced_blc0001020304050607_guppi_57606_52500_Hip19829_0034.gpuspec.0002.h5
HIP19834	https://bldata.berkeley.edu/pipeline/AGBT16B_999_03/holding/spliced_blc0001020304050607_guppi_57606_51107_Hip19834_0030.gpuspec.0002.h5
HIP19847	https://bldata.berkeley.edu/pipeline/AGBT16B_999_03/holding/spliced_blc0001020304050607_guppi_57606_46870_Hip19847_0018.gpuspec.0002.h5
HIP19862	https://bldata.berkeley.edu/pipeline/AGBT16B_999_03/holding/spliced_blc0001020304050607_guppi_57606_51802_Hip19862_0032.gpuspec.0002.h5
HIP19870	https://bldata.berkeley.edu/pipeline/AGBT16B_999_93/holding/spliced_blc0001020304050607_guppi_57740_11855_HIP19870_0006.gpuspec.0002.h5
HIP19902	https://bldata.berkeley.edu/pipeline/AGBT16B_999_03/holding/spliced_blc0001020304050607_guppi_57606_53201_Hip19902_0036.gpuspec.0002.h5
HIP19949	https://bldata.berkeley.edu/bl_tess/c_band/spliced_blc30313233343536o7o0414243444546o7o0515253545556o7o061626364656667_guppi_58918_75153_HIP19949_0014.rawspec.0000.h5
HIP1997	https://bldata.berkeley.edu/pipeline/AGBT16A_999_224/holding/spliced_blc0001020304050607_guppi_57557_48097_HIP1997_0006.gpuspec.0002.h5
HIP19975	https://bldata.berkeley.edu/pipeline/AGBT16B_999_08/holding/spliced_blc0001020304050607_guppi_57613_43873_Hip19975_0004.gpuspec.0002.h5
HIP20007	https://bldata.berkeley.edu/pipeline/AGBT16B_999_90/holding/spliced_blc0001020304050607_guppi_57735_21639_HIP20007_0032.gpuspec.0002.h5
HIP20011	https://bldata.berkeley.edu/pipeline/AGBT16B_999_08/holding/spliced_blc0001020304050607_guppi_57613_46051_Hip20011_0010.gpuspec.0002.h5
HIP20012	https://bldata.berkeley.edu/pipeline/AGBT16B_999_03/holding/spliced_blc0001020304050607_guppi_57606_53897_Hip20012_0038.gpuspec.0002.h5
HIP20019	https://bldata.berkeley.edu/pipeline/AGBT16B_999_03/holding/spliced_blc0001020304050607_guppi_57606_47567_Hip20019_0020.gpuspec.0002.h5
HIP20028	https://bldata.berkeley.edu/bl_tess/c_band/spliced_blc30313233343536o7o0414243444546o7o0515253545556o7o061626364656667_guppi_58918_77736_HIP20028_0022.rawspec.0000.h5
HIP20041	https://bldata.berkeley.edu/pipeline/AGBT16B_999_08/holding/spliced_blc0001020304050607_guppi_57613_44598_Hip20041_0006.gpuspec.0002.h5
HIP20047	https://bldata.berkeley.edu/pipeline/AGBT16B_999_93/holding/spliced_blc0001020304050607_guppi_57740_16747_HIP20047_0020.gpuspec.0002.h5
HIP20056	https://bldata.berkeley.edu/pipeline/AGBT16B_999_08/holding/spliced_blc0001020304050607_guppi_57613_45323_Hip20056_0008.gpuspec.0002.h5
HIP20082	https://bldata.berkeley.edu/pipeline/AGBT16B_999_08/holding/spliced_blc0001020304050607_guppi_57613_46776_Hip20082_0012.gpuspec.0002.h5
HIP20086	https://bldata.berkeley.edu/pipeline/AGBT16B_999_08/holding/spliced_blc0001020304050607_guppi_57613_49654_Hip20086_0020.gpuspec.0002.h5
HIP20146	https://bldata.berkeley.edu/pipeline/AGBT16B_999_122/holding/spliced_blc0001020304050607_guppi_57774_03985_HIP20146_0006.gpuspec.0002.h5
HIP20215	https://bldata.berkeley.edu/pipeline/AGBT16B_999_08/holding/spliced_blc0001020304050607_guppi_57613_47497_Hip20215_0014.gpuspec.0002.h5
HIP2023	https://bldata.berkeley.edu/pipeline/AGBT16A_999_224/holding/spliced_blc0001020304050607_guppi_57557_50213_HIP2023_0012.gpuspec.0002.h5
HIP20237	https://bldata.berkeley.edu/pipeline/AGBT16B_999_122/holding/spliced_blc0001020304050607_guppi_57774_04690_HIP20237_0008.gpuspec.0002.h5
HIP20244	https://bldata.berkeley.edu/pipeline/AGBT16B_999_122/holding/spliced_blc0001020304050607_guppi_57774_05429_HIP20244_0010.gpuspec.0002.h5
HIP20273	https://bldata.berkeley.edu/pipeline/AGBT16B_999_122/holding/spliced_blc0001020304050607_guppi_57774_06141_HIP20273_0012.gpuspec.0002.h5
HIP20350	https://bldata.berkeley.edu/pipeline/AGBT16B_999_08/holding/spliced_blc0001020304050607_guppi_57613_50374_Hip20350_0022.gpuspec.0002.h5
HIP20352	https://bldata.berkeley.edu/pipeline/AGBT16B_999_122/holding/spliced_blc0001020304050607_guppi_57774_08303_HIP20352_0018.gpuspec.0002.h5
HIP20356	https://bldata.berkeley.edu/pipeline/AGBT16B_999_122/holding/spliced_blc0001020304050607_guppi_57774_06852_HIP20356_0014.gpuspec.0002.h5
HIP20369	https://bldata.berkeley.edu/pipeline/AGBT16B_999_08/holding/spliced_blc0001020304050607_guppi_57613_51095_Hip20369_0024.gpuspec.0002.h5
HIP20371	https://bldata.berkeley.edu/pipeline/AGBT16B_999_122/holding/spliced_blc0001020304050607_guppi_57774_09754_HIP20371_0022.gpuspec.0002.h5
HIP20381	https://bldata.berkeley.edu/bl_tess/c_band/spliced_blc30313233343536o7o0414243444546o7o0515253545556o7o061626364656667_guppi_58918_74513_HIP20381_0012.rawspec.0000.h5
HIP20393	https://bldata.berkeley.edu/pipeline/AGBT16B_999_122/holding/spliced_blc0001020304050607_guppi_57774_10474_HIP20393_0024.gpuspec.0002.h5
HIP20397	https://bldata.berkeley.edu/pipeline/AGBT16B_999_122/holding/spliced_blc0001020304050607_guppi_57774_11190_HIP20397_0026.gpuspec.0002.h5
HIP20441	https://bldata.berkeley.edu/pipeline/AGBT16B_999_122/holding/spliced_blc0001020304050607_guppi_57774_09023_HIP20441_0020.gpuspec.0002.h5
HIP20477	https://bldata.berkeley.edu/pipeline/AGBT16B_999_126/holding/spliced_blc0001020304050607_guppi_57781_06443_HIP20477_0004.gpuspec.0002.h5
HIP20482	https://bldata.berkeley.edu/pipeline/AGBT16B_999_08/holding/spliced_blc0001020304050607_guppi_57613_51816_Hip20482_0026.gpuspec.0002.h5
HIP20505	https://bldata.berkeley.edu/pipeline/AGBT16A_999_214/holding/spliced_blc0001020304050607_guppi_57543_66841_HIP20505_0016.gpuspec.0002.h5
HIP20527	https://bldata.berkeley.edu/pipeline/AGBT16B_999_08/holding/spliced_blc0001020304050607_guppi_57613_54706_Hip20527_0034.gpuspec.0002.h5
HIP20541	https://bldata.berkeley.edu/bl_tess/c_band/spliced_blc30313233343536o7o0414243444546o7o0515253545556o7o061626364656667_guppi_58918_76454_HIP20541_0018.rawspec.0000.h5
HIP20553	https://bldata.berkeley.edu/pipeline/AGBT16B_999_08/holding/spliced_blc0001020304050607_guppi_57613_55412_Hip20553_0036.gpuspec.0002.h5
HIP20563	https://bldata.berkeley.edu/pipeline/AGBT17A_999_02/holding/spliced_blc0001020304050607_guppi_57792_06425_HIP20563_0043.gpuspec.0002.h5
HIP20567	https://bldata.berkeley.edu/pipeline/AGBT17A_999_74/holding/spliced_blc0001020304050607_guppi_57903_57405_HIP20567_0030.gpuspec.0002.h5
HIP20577	https://bldata.berkeley.edu/pipeline/AGBT17A_999_74/holding/spliced_blc0001020304050607_guppi_57903_58077_HIP20577_0032.gpuspec.0002.h5
HIP20589	https://bldata.berkeley.edu/pipeline/AGBT16B_999_70/holding/spliced_blc0001020304050607_guppi_57708_26321_HIP20589_0028.gpuspec.0002.h5
HIP20598	https://bldata.berkeley.edu/pipeline/AGBT16B_999_70/holding/spliced_blc0001020304050607_guppi_57708_24271_HIP20598_0022.gpuspec.0002.h5
HIP20603	https://bldata.berkeley.edu/pipeline/AGBT16B_999_70/holding/spliced_blc0001020304050607_guppi_57708_24953_HIP20603_0024.gpuspec.0002.h5
HIP20605	https://bldata.berkeley.edu/pipeline/AGBT16B_999_08/holding/spliced_blc0001020304050607_guppi_57613_56122_Hip20605_0038.gpuspec.0002.h5
HIP20614	https://bldata.berkeley.edu/pipeline/AGBT16B_999_09/holding/spliced_blc0001020304050607_guppi_57614_37216_Hip20614_0046.gpuspec.0002.h5
HIP20655	https://bldata.berkeley.edu/pipeline/AGBT16B_999_90/holding/spliced_blc0001020304050607_guppi_57735_22356_HIP20655_0034.gpuspec.0002.h5
HIP20674	https://bldata.berkeley.edu/pipeline/AGBT16B_999_08/holding/spliced_blc0001020304050607_guppi_57613_52536_Hip20674_0028.gpuspec.0002.h5
HIP20679	https://bldata.berkeley.edu/pipeline/AGBT16B_999_09/holding/spliced_blc0001020304050607_guppi_57614_38576_Hip20679_0050.gpuspec.0002.h5
HIP20692	https://bldata.berkeley.edu/pipeline/AGBT16B_999_126/holding/spliced_blc0001020304050607_guppi_57781_07131_HIP20692_0006.gpuspec.0002.h5
HIP20715	https://bldata.berkeley.edu/pipeline/AGBT17A_999_74/holding/spliced_blc0001020304050607_guppi_57903_54688_HIP20715_0022.gpuspec.0002.h5
HIP20718	https://bldata.berkeley.edu/pipeline/AGBT17A_999_74/holding/spliced_blc0001020304050607_guppi_57903_55364_HIP20718_0024.gpuspec.0002.h5
HIP20720	https://bldata.berkeley.edu/pipeline/AGBT16B_999_90/holding/spliced_blc0001020304050607_guppi_57735_23023_HIP20720_0036.gpuspec.0002.h5
HIP20728	https://bldata.berkeley.edu/pipeline/AGBT16B_999_08/holding/spliced_blc0001020304050607_guppi_57613_53250_Hip20728_0030.gpuspec.0002.h5
HIP20731	https://bldata.berkeley.edu/pipeline/AGBT17A_999_74/holding/spliced_blc0001020304050607_guppi_57903_56036_HIP20731_0026.gpuspec.0002.h5
HIP20745	https://bldata.berkeley.edu/pipeline/AGBT17A_999_74/holding/spliced_blc0001020304050607_guppi_57903_58764_HIP20745_0034.gpuspec.0002.h5
HIP20748	https://bldata.berkeley.edu/pipeline/AGBT16B_999_90/holding/spliced_blc0001020304050607_guppi_57735_23696_HIP20748_0038.gpuspec.0002.h5
HIP20757	https://bldata.berkeley.edu/pipeline/AGBT16B_999_70/holding/spliced_blc0001020304050607_guppi_57708_25635_HIP20757_0026.gpuspec.0002.h5
HIP20761	https://bldata.berkeley.edu/pipeline/AGBT16A_999_214/holding/spliced_blc0001020304050607_guppi_57543_67550_HIP20761_0018.gpuspec.0002.h5
HIP20762	https://bldata.berkeley.edu/pipeline/AGBT17A_999_74/holding/spliced_blc0001020304050607_guppi_57903_59439_HIP20762_0036.gpuspec.0002.h5
HIP20789	https://bldata.berkeley.edu/pipeline/AGBT16B_999_09/holding/spliced_blc0001020304050607_guppi_57614_41321_Hip20789_0058.gpuspec.0002.h5
HIP20806	https://bldata.berkeley.edu/pipeline/AGBT16A_999_212/holding/spliced_blc0001020304050607_guppi_57541_62066_HIP20806_0021.gpuspec.0002.h5
HIP20826	https://bldata.berkeley.edu/pipeline/AGBT17A_999_74/holding/spliced_blc0001020304050607_guppi_57903_60113_HIP20826_0038.gpuspec.0002.h5
HIP20834	https://bldata.berkeley.edu/pipeline/AGBT16B_999_09/holding/spliced_blc0001020304050607_guppi_57614_42008_Hip20834_0060.gpuspec.0002.h5
HIP20849	https://bldata.berkeley.edu/pipeline/AGBT16B_999_70/holding/spliced_blc0001020304050607_guppi_57708_27000_HIP20849_0030.gpuspec.0002.h5
HIP20857	https://bldata.berkeley.edu/pipeline/AGBT16B_999_70/holding/spliced_blc0001020304050607_guppi_57708_27676_HIP20857_0032.gpuspec.0002.h5
HIP20878	https://bldata.berkeley.edu/bl_tess/l_band/spliced_blc0001020304050607_guppi_58965_59091_HIP20878_0021.rawspec.0000.h5
HIP20897	https://bldata.berkeley.edu/pipeline/AGBT17A_999_08/holding/spliced_blc0001020304050607_guppi_57803_86216_HIP20897_0046.gpuspec.0002.h5
HIP20904	https://bldata.berkeley.edu/pipeline/AGBT16B_999_08/holding/spliced_blc0001020304050607_guppi_57613_53962_Hip20904_0032.gpuspec.0002.h5
HIP20969	https://bldata.berkeley.edu/pipeline/AGBT16B_999_126/holding/spliced_blc0001020304050607_guppi_57781_07812_HIP20969_0008.gpuspec.0002.h5
HIP20989	https://bldata.berkeley.edu/pipeline/AGBT16B_999_12/holding/spliced_blc0001020304050607_guppi_57620_43358_Hip20989_0010.gpuspec.0002.h5
HIP20994	https://bldata.berkeley.edu/pipeline/AGBT17A_999_08/holding/spliced_blc0001020304050607_guppi_57804_01242_HIP20994_0050.gpuspec.0002.h5
HIP21090	https://bldata.berkeley.edu/pipeline/AGBT16B_999_12/holding/spliced_blc0001020304050607_guppi_57620_46295_Hip21090_0018.gpuspec.0002.h5
HIP21105	https://bldata.berkeley.edu/pipeline/AGBT16B_999_12/holding/spliced_blc0001020304050607_guppi_57620_44102_Hip21105_0012.gpuspec.0002.h5
HIP21112	https://bldata.berkeley.edu/pipeline/AGBT16B_999_12/holding/spliced_blc0001020304050607_guppi_57620_46999_Hip21112_0020.gpuspec.0002.h5
HIP21122	https://bldata.berkeley.edu/pipeline/AGBT16B_999_12/holding/spliced_blc0001020304050607_guppi_57620_44846_Hip21122_0014.gpuspec.0002.h5
HIP21161	https://bldata.berkeley.edu/pipeline/AGBT18B_999_50/holding/spliced_blc1011121314151617_guppi_58420_39633_HIP21161_0078.gpuspec.0002.h5
HIP2117	https://bldata.berkeley.edu/pipeline/AGBT16B_999_61/holding/spliced_blc0001020304050607_guppi_57697_10310_HIP2117_0034.gpuspec.0002.h5
HIP2119	https://bldata.berkeley.edu/pipeline/AGBT16B_999_61/holding/spliced_blc0001020304050607_guppi_57697_10981_HIP2119_0036.gpuspec.0002.h5
HIP21208	https://bldata.berkeley.edu/pipeline/AGBT18B_999_50/holding/spliced_blc1011121314151617_guppi_58420_40306_HIP21208_0080.gpuspec.0002.h5
HIP2121	https://bldata.berkeley.edu/pipeline/AGBT16A_999_224/holding/spliced_blc0001020304050607_guppi_57557_45467_HIP2121_0016.gpuspec.0002.h5
HIP21210	https://bldata.berkeley.edu/pipeline/AGBT16A_999_212/holding/spliced_blc0001020304050607_guppi_57541_62773_HIP21210_0023.gpuspec.0002.h5
HIP21222	https://bldata.berkeley.edu/pipeline/AGBT16A_999_212/holding/spliced_blc0001020304050607_guppi_57541_63477_HIP21222_0025.gpuspec.0002.h5
HIP21246	https://bldata.berkeley.edu/pipeline/AGBT17B_999_31/holding/spliced_blc0001020304050607_guppi_58010_34951_HIP21246_0009.gpuspec.0002.h5
HIP21279	https://bldata.berkeley.edu/pipeline/AGBT16A_999_214/holding/spliced_blc0001020304050607_guppi_57543_68955_HIP21279_0022.gpuspec.0002.h5
HIP21307	https://bldata.berkeley.edu/pipeline/AGBT18B_999_50/holding/spliced_blc1011121314151617_guppi_58420_40975_HIP21307_0082.gpuspec.0002.h5
HIP21341	https://bldata.berkeley.edu/pipeline/AGBT17B_999_31/holding/spliced_blc0001020304050607_guppi_58010_35615_HIP21341_0011.gpuspec.0002.h5
HIP21348	https://bldata.berkeley.edu/pipeline/AGBT17B_999_31/holding/spliced_blc0001020304050607_guppi_58010_36280_HIP21348_0013.gpuspec.0002.h5
HIP21370	https://bldata.berkeley.edu/pipeline/AGBT16B_999_132/holding/spliced_blc0001020304050607_guppi_57790_01558_HIP21370_0041.gpuspec.0002.h5
HIP21382	https://bldata.berkeley.edu/pipeline/AGBT16B_999_132/holding/spliced_blc0001020304050607_guppi_57790_02236_HIP21382_0043.gpuspec.0002.h5
HIP214	https://bldata.berkeley.edu/pipeline/AGBT16A_999_219/holding/spliced_blc0001020304050607_guppi_57550_50078_HIP214_0026.gpuspec.0002.h5
HIP21409	https://bldata.berkeley.edu/pipeline/AGBT16A_999_214/holding/spliced_blc0001020304050607_guppi_57543_69663_HIP21409_0024.gpuspec.0002.h5
HIP21410	https://bldata.berkeley.edu/pipeline/AGBT16B_999_112/holding/spliced_blc0001020304050607_guppi_57759_07103_HIP21410_0004.gpuspec.0002.h5
HIP21430	https://bldata.berkeley.edu/pipeline/AGBT16A_999_214/holding/spliced_blc0001020304050607_guppi_57543_70371_HIP21430_0026.gpuspec.0002.h5
HIP21432	https://bldata.berkeley.edu/pipeline/AGBT17A_999_23/holding/spliced_blc1011121314151617_guppi_57824_79490_HIP21432_0041.gpuspec.0002.h5
HIP21434	https://bldata.berkeley.edu/pipeline/AGBT17A_999_23/holding/spliced_blc1011121314151617_guppi_57824_80179_HIP21434_0043.gpuspec.0002.h5
HIP21453	https://bldata.berkeley.edu/pipeline/AGBT17A_999_75/holding/spliced_blc0001020304050607_guppi_57906_55302_HIP21453_0027.gpuspec.0002.h5
HIP21488	https://bldata.berkeley.edu/pipeline/AGBT16A_999_249/holding/spliced_blc0001020304050607_guppi_57599_51441_Hip21488_0034.gpuspec.0002.h5
HIP21489	https://bldata.berkeley.edu/pipeline/AGBT16A_999_249/holding/spliced_blc0001020304050607_guppi_57599_52117_Hip21489_0036.gpuspec.0002.h5
HIP21508	https://bldata.berkeley.edu/pipeline/AGBT16A_999_249/holding/spliced_blc0001020304050607_guppi_57599_52794_Hip21508_0038.gpuspec.0002.h5
HIP21542	https://bldata.berkeley.edu/pipeline/AGBT17A_999_75/holding/spliced_blc0001020304050607_guppi_57906_55975_HIP21542_0029.gpuspec.0002.h5
HIP21544	https://bldata.berkeley.edu/pipeline/AGBT16B_999_112/holding/spliced_blc0001020304050607_guppi_57759_07819_HIP21544_0006.gpuspec.0002.h5
HIP21558	https://bldata.berkeley.edu/pipeline/AGBT16B_999_112/holding/spliced_blc0001020304050607_guppi_57759_09265_HIP21558_0010.gpuspec.0002.h5
HIP21597	https://bldata.berkeley.edu/pipeline/AGBT16B_999_112/holding/spliced_blc0001020304050607_guppi_57759_11375_HIP21597_0016.gpuspec.0002.h5
HIP21626	https://bldata.berkeley.edu/pipeline/AGBT16B_999_12/holding/spliced_blc0001020304050607_guppi_57620_47709_Hip21626_0022.gpuspec.0002.h5
HIP21627	https://bldata.berkeley.edu/pipeline/AGBT16B_999_112/holding/spliced_blc0001020304050607_guppi_57759_08529_HIP21627_0008.gpuspec.0002.h5
HIP21654	https://bldata.berkeley.edu/pipeline/AGBT17A_999_75/holding/spliced_blc0001020304050607_guppi_57906_56649_HIP21654_0031.gpuspec.0002.h5
HIP21670	https://bldata.berkeley.edu/pipeline/AGBT16B_999_12/holding/spliced_blc0001020304050607_guppi_57620_48401_Hip21670_0024.gpuspec.0002.h5
HIP21689	https://bldata.berkeley.edu/pipeline/AGBT16B_999_12/holding/spliced_blc0001020304050607_guppi_57620_49815_Hip21689_0028.gpuspec.0002.h5
HIP21705	https://bldata.berkeley.edu/pipeline/AGBT16B_999_12/holding/spliced_blc0001020304050607_guppi_57620_51992_Hip21705_0034.gpuspec.0002.h5
HIP21710	https://bldata.berkeley.edu/pipeline/AGBT16B_999_12/holding/spliced_blc0001020304050607_guppi_57620_49095_Hip21710_0026.gpuspec.0002.h5
HIP21720	https://bldata.berkeley.edu/pipeline/AGBT16B_999_112/holding/spliced_blc0001020304050607_guppi_57759_12067_HIP21720_0018.gpuspec.0002.h5
HIP21759	https://bldata.berkeley.edu/pipeline/AGBT16B_999_12/holding/spliced_blc0001020304050607_guppi_57620_50519_Hip21759_0030.gpuspec.0002.h5
HIP21768	https://bldata.berkeley.edu/pipeline/AGBT16B_999_12/holding/spliced_blc0001020304050607_guppi_57620_51218_Hip21768_0032.gpuspec.0002.h5
HIP21854	https://bldata.berkeley.edu/pipeline/AGBT16B_999_112/holding/spliced_blc0001020304050607_guppi_57759_12756_HIP21854_0020.gpuspec.0002.h5
HIP21918	https://bldata.berkeley.edu/pipeline/AGBT17A_999_23/holding/spliced_blc1011121314151617_guppi_57824_85152_HIP21918_0057.gpuspec.0002.h5
HIP21921	https://bldata.berkeley.edu/pipeline/AGBT17A_999_85/holding/spliced_blc1011121314151617_guppi_57927_61619_HIP21921_0005.gpuspec.0002.h5
HIP21973	https://bldata.berkeley.edu/pipeline/AGBT17A_999_23/holding/spliced_blc1011121314151617_guppi_57824_85847_HIP21973_0059.gpuspec.0002.h5
HIP21991	https://bldata.berkeley.edu/pipeline/AGBT16B_999_12/holding/spliced_blc0001020304050607_guppi_57620_52673_Hip21991_0036.gpuspec.0002.h5
HIP2201	https://bldata.berkeley.edu/pipeline/AGBT16B_999_61/holding/spliced_blc0001020304050607_guppi_57697_11649_HIP2201_0038.gpuspec.0002.h5
HIP22052	https://bldata.berkeley.edu/pipeline/AGBT16B_999_12/holding/spliced_blc0001020304050607_guppi_57620_53347_Hip22052_0038.gpuspec.0002.h5
HIP2206	https://bldata.berkeley.edu/pipeline/AGBT16A_999_224/holding/spliced_blc0001020304050607_guppi_57557_50907_HIP2206_0014.gpuspec.0002.h5
HIP22075	https://bldata.berkeley.edu/pipeline/AGBT16B_999_113/holding/spliced_blc0001020304050607_guppi_57760_14277_HIP22075_0015.gpuspec.0002.h5
HIP22143	https://bldata.berkeley.edu/pipeline/AGBT16B_999_113/holding/spliced_blc0001020304050607_guppi_57760_14951_HIP22143_0017.gpuspec.0002.h5
HIP22157	https://bldata.berkeley.edu/pipeline/AGBT17B_999_31/holding/spliced_blc0001020304050607_guppi_58010_36981_HIP22157_0015.gpuspec.0002.h5
HIP22160	https://bldata.berkeley.edu/pipeline/AGBT16B_999_112/holding/spliced_blc0001020304050607_guppi_57759_09953_HIP22160_0012.gpuspec.0002.h5
HIP22188	https://bldata.berkeley.edu/pipeline/AGBT16B_999_112/holding/spliced_blc0001020304050607_guppi_57759_10642_HIP22188_0014.gpuspec.0002.h5
HIP22191	https://bldata.berkeley.edu/pipeline/AGBT17A_999_85/holding/spliced_blc1011121314151617_guppi_57927_62305_HIP22191_0007.gpuspec.0002.h5
HIP22236	https://bldata.berkeley.edu/pipeline/AGBT16B_999_21/holding/spliced_blc0001020304050607_guppi_57640_24592_HIP22236_0040.gpuspec.0002.h5
HIP22264	https://bldata.berkeley.edu/pipeline/AGBT17B_999_31/holding/spliced_blc0001020304050607_guppi_58010_37651_HIP22264_0017.gpuspec.0002.h5
HIP22267	https://bldata.berkeley.edu/pipeline/AGBT17B_999_31/holding/spliced_blc0001020304050607_guppi_58010_38320_HIP22267_0019.gpuspec.0002.h5
HIP22270	https://bldata.berkeley.edu/pipeline/AGBT16B_999_81/holding/spliced_blc0001020304050607_guppi_57724_26890_HIP22270_0010.gpuspec.0002.h5
HIP22279	https://bldata.berkeley.edu/pipeline/AGBT16B_999_113/holding/spliced_blc0001020304050607_guppi_57760_15631_HIP22279_0019.gpuspec.0002.h5
HIP22296	https://bldata.berkeley.edu/pipeline/AGBT16B_999_81/holding/spliced_blc0001020304050607_guppi_57724_27577_HIP22296_0012.gpuspec.0002.h5
HIP22297	https://bldata.berkeley.edu/pipeline/AGBT16A_999_201/holding/spliced_blc0001020304050607_guppi_57532_62981_HIP22297_0010.gpuspec.0002.h5
HIP22317	https://bldata.berkeley.edu/pipeline/AGBT16B_999_81/holding/spliced_blc0001020304050607_guppi_57724_28265_HIP22317_0014.gpuspec.0002.h5
HIP22394	https://bldata.berkeley.edu/pipeline/AGBT16B_999_21/holding/spliced_blc0001020304050607_guppi_57640_26643_HIP22394_0046.gpuspec.0002.h5
HIP22412	https://bldata.berkeley.edu/pipeline/AGBT16B_999_81/holding/spliced_blc0001020304050607_guppi_57724_28956_HIP22412_0016.gpuspec.0002.h5
HIP22413	https://bldata.berkeley.edu/pipeline/AGBT16A_999_201/holding/spliced_blc0001020304050607_guppi_57532_63673_HIP22413_0012.gpuspec.0002.h5
HIP22424	https://bldata.berkeley.edu/pipeline/AGBT16B_999_81/holding/spliced_blc0001020304050607_guppi_57724_33178_HIP22424_0028.gpuspec.0002.h5
HIP2243	https://bldata.berkeley.edu/pipeline/AGBT16A_999_224/holding/spliced_blc0001020304050607_guppi_57557_48797_HIP2243_0008.gpuspec.0002.h5
HIP22432	https://bldata.berkeley.edu/pipeline/AGBT16B_999_81/holding/spliced_blc0001020304050607_guppi_57724_33856_HIP22432_0030.gpuspec.0002.h5
HIP22438	https://bldata.berkeley.edu/pipeline/AGBT16A_999_201/holding/spliced_blc0001020304050607_guppi_57532_64354_HIP22438_0014.gpuspec.0002.h5
HIP22442	https://bldata.berkeley.edu/pipeline/AGBT16B_999_81/holding/spliced_blc0001020304050607_guppi_57724_34532_HIP22442_0032.gpuspec.0002.h5
HIP22446	https://bldata.berkeley.edu/pipeline/AGBT16B_999_21/holding/spliced_blc0001020304050607_guppi_57640_27322_HIP22446_0048.gpuspec.0002.h5
HIP22454	https://bldata.berkeley.edu/pipeline/AGBT16B_999_81/holding/spliced_blc0001020304050607_guppi_57724_29638_HIP22454_0018.gpuspec.0002.h5
HIP22511	https://bldata.berkeley.edu/pipeline/AGBT16B_999_81/holding/spliced_blc0001020304050607_guppi_57724_30318_HIP22511_0020.gpuspec.0002.h5
HIP22536	https://bldata.berkeley.edu/pipeline/AGBT16B_999_21/holding/spliced_blc0001020304050607_guppi_57640_27998_HIP22536_0050.gpuspec.0002.h5
HIP22574	https://bldata.berkeley.edu/pipeline/AGBT17A_999_74/holding/spliced_blc0001020304050607_guppi_57903_60825_HIP22574_0040.gpuspec.0002.h5
HIP2258	https://bldata.berkeley.edu/pipeline/AGBT17A_999_08/holding/spliced_blc0001020304050607_guppi_57803_76959_HIP2258_0021.gpuspec.0002.h5
HIP22634	https://bldata.berkeley.edu/pipeline/AGBT17A_999_74/holding/spliced_blc0001020304050607_guppi_57903_61498_HIP22634_0042.gpuspec.0002.h5
HIP22644	https://bldata.berkeley.edu/pipeline/AGBT16A_999_167/holding/spliced_blc0001020304050607_guppi_57508_74043_HIP22644_0016.gpuspec.0002.h5
HIP22652	https://bldata.berkeley.edu/pipeline/AGBT17A_999_74/holding/spliced_blc0001020304050607_guppi_57903_62854_HIP22652_0046.gpuspec.0002.h5
HIP22676	https://bldata.berkeley.edu/pipeline/AGBT16B_999_21/holding/spliced_blc0001020304050607_guppi_57640_28693_HIP22676_0052.gpuspec.0002.h5
HIP22687	https://bldata.berkeley.edu/pipeline/AGBT16A_999_167/holding/spliced_blc0001020304050607_guppi_57508_74712_HIP22687_0018.gpuspec.0002.h5
HIP22689	https://bldata.berkeley.edu/pipeline/AGBT17A_999_74/holding/spliced_blc0001020304050607_guppi_57903_62171_HIP22689_0044.gpuspec.0002.h5
HIP22709	https://bldata.berkeley.edu/pipeline/AGBT16B_999_113/holding/spliced_blc0001020304050607_guppi_57760_16307_HIP22709_0021.gpuspec.0002.h5
HIP22720	https://bldata.berkeley.edu/pipeline/AGBT16B_999_113/holding/spliced_blc0001020304050607_guppi_57760_17222_HIP22720_0023.gpuspec.0002.h5
HIP22740	https://bldata.berkeley.edu/pipeline/AGBT16B_999_21/holding/spliced_blc0001020304050607_guppi_57640_29373_HIP22740_0054.gpuspec.0002.h5
HIP22773	https://bldata.berkeley.edu/pipeline/AGBT16B_999_21/holding/spliced_blc0001020304050607_guppi_57640_30049_HIP22773_0056.gpuspec.0002.h5
HIP22790	https://bldata.berkeley.edu/pipeline/AGBT17A_999_74/holding/spliced_blc0001020304050607_guppi_57903_64907_HIP22790_0052.gpuspec.0002.h5
HIP22812	https://bldata.berkeley.edu/pipeline/AGBT17A_999_17/holding/spliced_blc0001020304050607_guppi_57814_00426_HIP22812_0033.gpuspec.0002.h5
HIP22908	https://bldata.berkeley.edu/pipeline/AGBT17A_999_17/holding/spliced_blc0001020304050607_guppi_57814_01111_HIP22908_0035.gpuspec.0002.h5
HIP22909	https://bldata.berkeley.edu/pipeline/AGBT16A_999_167/holding/spliced_blc0001020304050607_guppi_57508_75380_HIP22909_0020.gpuspec.0002.h5
HIP22924	https://bldata.berkeley.edu/pipeline/AGBT17A_999_74/holding/spliced_blc0001020304050607_guppi_57903_65577_HIP22924_0054.gpuspec.0002.h5
HIP22936	https://bldata.berkeley.edu/pipeline/AGBT16A_999_201/holding/spliced_blc0001020304050607_guppi_57532_65058_HIP22936_0016.gpuspec.0002.h5
HIP22954	https://bldata.berkeley.edu/pipeline/AGBT17A_999_17/holding/spliced_blc0001020304050607_guppi_57814_01797_HIP22954_0037.gpuspec.0002.h5
HIP22962	https://bldata.berkeley.edu/pipeline/AGBT17A_999_74/holding/spliced_blc0001020304050607_guppi_57903_66244_HIP22962_0056.gpuspec.0002.h5
HIP22966	https://bldata.berkeley.edu/pipeline/AGBT16B_999_21/holding/spliced_blc0001020304050607_guppi_57640_25264_HIP22966_0042.gpuspec.0002.h5
HIP22979	https://bldata.berkeley.edu/pipeline/AGBT16B_999_21/holding/spliced_blc0001020304050607_guppi_57640_25929_HIP22979_0044.gpuspec.0002.h5
HIP22991	https://bldata.berkeley.edu/pipeline/AGBT16A_999_167/holding/spliced_blc0001020304050607_guppi_57508_72627_HIP22991_0012.gpuspec.0002.h5
HIP230	https://bldata.berkeley.edu/pipeline/AGBT17B_999_15/holding/spliced_blc2021222324252627_guppi_57992_29704_HIP230_0013.gpuspec.0002.h5
HIP23020	https://bldata.berkeley.edu/pipeline/AGBT16A_999_201/holding/spliced_blc0001020304050607_guppi_57532_65754_HIP23020_0018.gpuspec.0002.h5
HIP23040	https://bldata.berkeley.edu/pipeline/AGBT16A_999_201/holding/spliced_blc0001020304050607_guppi_57532_66442_HIP23040_0020.gpuspec.0002.h5
HIP23049	https://bldata.berkeley.edu/pipeline/AGBT17A_999_75/holding/spliced_blc0001020304050607_guppi_57906_57342_HIP23049_0033.gpuspec.0002.h5
HIP23139	https://bldata.berkeley.edu/pipeline/AGBT17A_999_75/holding/spliced_blc0001020304050607_guppi_57906_58019_HIP23139_0035.gpuspec.0002.h5
HIP23166	https://bldata.berkeley.edu/pipeline/AGBT16A_999_167/holding/spliced_blc0001020304050607_guppi_57508_76123_HIP23166_0022.gpuspec.0002.h5
HIP23167	https://bldata.berkeley.edu/pipeline/AGBT16B_999_21/holding/spliced_blc0001020304050607_guppi_57640_30739_HIP23167_0058.gpuspec.0002.h5
HIP23194	https://bldata.berkeley.edu/pipeline/AGBT17A_999_75/holding/spliced_blc0001020304050607_guppi_57906_59416_HIP23194_0039.gpuspec.0002.h5
HIP23214	https://bldata.berkeley.edu/pipeline/AGBT17A_999_75/holding/spliced_blc0001020304050607_guppi_57906_58690_HIP23214_0037.gpuspec.0002.h5
HIP23237	https://bldata.berkeley.edu/pipeline/AGBT16A_999_167/holding/spliced_blc0001020304050607_guppi_57508_76797_HIP23237_0024.gpuspec.0002.h5
HIP23253	https://bldata.berkeley.edu/pipeline/AGBT16B_999_21/holding/spliced_blc0001020304050607_guppi_57640_31414_HIP23253_0060.gpuspec.0002.h5
HIP23261	https://bldata.berkeley.edu/pipeline/AGBT16B_999_132/holding/spliced_blc0001020304050607_guppi_57790_07179_HIP23261_0057.gpuspec.0002.h5
HIP23274	https://bldata.berkeley.edu/pipeline/AGBT16B_999_113/holding/spliced_blc0001020304050607_guppi_57760_18699_HIP23274_0027.gpuspec.0002.h5
HIP23284	https://bldata.berkeley.edu/pipeline/AGBT16B_999_21/holding/spliced_blc0001020304050607_guppi_57640_32089_HIP23284_0062.gpuspec.0002.h5
HIP23319	https://bldata.berkeley.edu/pipeline/AGBT17A_999_75/holding/spliced_blc0001020304050607_guppi_57906_60086_HIP23319_0041.gpuspec.0002.h5
HIP2336	https://bldata.berkeley.edu/pipeline/AGBT18B_999_27/holding/spliced_blc0001020304050607_guppi_58385_27697_HIP2336_0027.gpuspec.0002.h5
HIP2337	https://bldata.berkeley.edu/pipeline/AGBT16A_999_240/holding/spliced_blc0001020304050607_guppi_57585_37644_Hip2337_0004.gpuspec.0002.h5
HIP23386	https://bldata.berkeley.edu/pipeline/AGBT17A_999_75/holding/spliced_blc0001020304050607_guppi_57906_60752_HIP23386_0043.gpuspec.0002.h5
HIP23411	https://bldata.berkeley.edu/pipeline/AGBT16A_999_167/holding/spliced_blc0001020304050607_guppi_57508_77475_HIP23411_0026.gpuspec.0002.h5
HIP2343	https://bldata.berkeley.edu/pipeline/AGBT16A_999_224/holding/spliced_blc0001020304050607_guppi_57557_46657_HIP2343_0002.gpuspec.0002.h5
HIP2351	https://bldata.berkeley.edu/pipeline/AGBT16A_999_240/holding/spliced_blc0001020304050607_guppi_57585_38326_Hip2351_0006.gpuspec.0002.h5
HIP23556	https://bldata.berkeley.edu/pipeline/AGBT16B_999_113/holding/spliced_blc0001020304050607_guppi_57760_19403_HIP23556_0029.gpuspec.0002.h5
HIP2360	https://bldata.berkeley.edu/pipeline/AGBT16A_999_224/holding/spliced_blc0001020304050607_guppi_57557_51601_HIP2360_0016.gpuspec.0002.h5
HIP23650	https://bldata.berkeley.edu/pipeline/AGBT16A_999_236/holding/spliced_blc0001020304050607_guppi_57579_53488_Hip23650_0040.gpuspec.0002.h5
HIP23655	https://bldata.berkeley.edu/pipeline/AGBT16A_999_236/holding/spliced_blc0001020304050607_guppi_57579_54315_Hip23655_0042.gpuspec.0002.h5
HIP23659	https://bldata.berkeley.edu/pipeline/AGBT16B_999_22/holding/spliced_blc0001020304050607_guppi_57641_33625_HIP23659_0004.gpuspec.0002.h5
HIP2366	https://bldata.berkeley.edu/pipeline/AGBT16A_999_224/holding/spliced_blc0001020304050607_guppi_57557_52305_HIP2366_0018.gpuspec.0002.h5
HIP23664	https://bldata.berkeley.edu/pipeline/AGBT17B_999_31/holding/spliced_blc0001020304050607_guppi_58010_40631_HIP23664_0023.gpuspec.0002.h5
HIP23688	https://bldata.berkeley.edu/pipeline/AGBT17B_999_31/holding/spliced_blc0001020304050607_guppi_58010_41377_HIP23688_0025.gpuspec.0002.h5
HIP23716	https://bldata.berkeley.edu/pipeline/AGBT17A_999_20/holding/spliced_blc0001020304050607_guppi_57817_82621_HIP23716_0045.gpuspec.0002.h5
HIP23735	https://bldata.berkeley.edu/pipeline/AGBT17A_999_20/holding/spliced_blc0001020304050607_guppi_57817_83298_HIP23735_0047.gpuspec.0002.h5
HIP23752	https://bldata.berkeley.edu/pipeline/AGBT16A_999_167/holding/spliced_blc0001020304050607_guppi_57508_69856_HIP23752_0004.gpuspec.0002.h5
HIP23755	https://bldata.berkeley.edu/pipeline/AGBT17A_999_20/holding/spliced_blc0001020304050607_guppi_57817_80596_HIP23755_0039.gpuspec.0002.h5
HIP23757	https://bldata.berkeley.edu/pipeline/AGBT16A_999_167/holding/spliced_blc0001020304050607_guppi_57508_70555_HIP23757_0006.gpuspec.0002.h5
HIP23777	https://bldata.berkeley.edu/pipeline/AGBT17A_999_20/holding/spliced_blc0001020304050607_guppi_57817_83975_HIP23777_0049.gpuspec.0002.h5
HIP23809	https://bldata.berkeley.edu/pipeline/AGBT16A_999_167/holding/spliced_blc0001020304050607_guppi_57508_71229_HIP23809_0008.gpuspec.0002.h5
HIP23818	https://bldata.berkeley.edu/pipeline/AGBT16A_999_176/holding/spliced_blc0001020304050607_guppi_57513_75760_HIP23818_0002.gpuspec.0002.h5
HIP23825	https://bldata.berkeley.edu/pipeline/AGBT16A_999_236/holding/spliced_blc0001020304050607_guppi_57579_55173_Hip23825_0044.gpuspec.0002.h5
HIP2386	https://bldata.berkeley.edu/pipeline/AGBT16A_999_240/holding/spliced_blc0001020304050607_guppi_57585_39007_Hip2386_0008.gpuspec.0002.h5
HIP23867	https://bldata.berkeley.edu/pipeline/AGBT16B_999_22/holding/spliced_blc0001020304050607_guppi_57641_34302_HIP23867_0006.gpuspec.0002.h5
HIP23903	https://bldata.berkeley.edu/pipeline/AGBT16B_999_22/holding/spliced_blc0001020304050607_guppi_57641_34979_HIP23903_0008.gpuspec.0002.h5
HIP2393	https://bldata.berkeley.edu/pipeline/AGBT16A_999_224/holding/spliced_blc0001020304050607_guppi_57557_49488_HIP2393_0010.gpuspec.0002.h5
HIP23943	https://bldata.berkeley.edu/pipeline/AGBT16B_999_117/holding/spliced_blc0001020304050607_guppi_57764_18842_HIP23943_0004.gpuspec.0002.h5
HIP23970	https://bldata.berkeley.edu/pipeline/AGBT17A_999_20/holding/spliced_blc0001020304050607_guppi_57817_81275_HIP23970_0041.gpuspec.0002.h5
HIP23997	https://bldata.berkeley.edu/pipeline/AGBT17A_999_38/holding/spliced_blc0001020304050607_guppi_57847_75206_HIP23997_0040.gpuspec.0002.h5
HIP2400	https://bldata.berkeley.edu/pipeline/AGBT16A_999_224/holding/spliced_blc0001020304050607_guppi_57557_52993_HIP2400_0020.gpuspec.0002.h5
HIP24030	https://bldata.berkeley.edu/pipeline/AGBT17A_999_38/holding/spliced_blc0001020304050607_guppi_57847_75888_HIP24030_0042.gpuspec.0002.h5
HIP24036	https://bldata.berkeley.edu/pipeline/AGBT16B_999_117/holding/spliced_blc0001020304050607_guppi_57764_19521_HIP24036_0006.gpuspec.0002.h5
HIP24092	https://bldata.berkeley.edu/pipeline/AGBT16A_999_167/holding/spliced_blc0001020304050607_guppi_57508_73301_HIP24092_0014.gpuspec.0002.h5
HIP24093	https://bldata.berkeley.edu/pipeline/AGBT17A_999_38/holding/spliced_blc0001020304050607_guppi_57847_76570_HIP24093_0044.gpuspec.0002.h5
HIP24094	https://bldata.berkeley.edu/pipeline/AGBT17A_999_20/holding/spliced_blc0001020304050607_guppi_57817_81948_HIP24094_0043.gpuspec.0002.h5
HIP24116	https://bldata.berkeley.edu/pipeline/AGBT16B_999_22/holding/spliced_blc0001020304050607_guppi_57641_35694_HIP24116_0010.gpuspec.0002.h5
HIP24125	https://bldata.berkeley.edu/pipeline/AGBT16B_999_117/holding/spliced_blc0001020304050607_guppi_57764_20184_HIP24125_0008.gpuspec.0002.h5
HIP2420	https://bldata.berkeley.edu/pipeline/AGBT17A_999_08/holding/spliced_blc0001020304050607_guppi_57803_77646_HIP2420_0023.gpuspec.0002.h5
HIP24301	https://bldata.berkeley.edu/pipeline/AGBT16B_999_22/holding/spliced_blc0001020304050607_guppi_57641_37048_HIP24301_0014.gpuspec.0002.h5
HIP24305	https://bldata.berkeley.edu/pipeline/AGBT16A_999_176/holding/spliced_blc0001020304050607_guppi_57513_77696_HIP24305_0006.gpuspec.0002.h5
HIP2434	https://bldata.berkeley.edu/pipeline/AGBT17A_999_08/holding/spliced_blc0001020304050607_guppi_57803_78338_HIP2434_0025.gpuspec.0002.h5
HIP24416	https://bldata.berkeley.edu/pipeline/AGBT17A_999_41/holding/spliced_blc0001020304050607_guppi_57850_73160_HIP24416_0039.gpuspec.0002.h5
HIP24425	https://bldata.berkeley.edu/pipeline/AGBT17A_999_20/holding/spliced_blc0001020304050607_guppi_57817_84660_HIP24425_0051.gpuspec.0002.h5
HIP24440	https://bldata.berkeley.edu/pipeline/AGBT16A_999_196/holding/spliced_blc0001020304050607_guppi_57526_65743_HIP24440_0005.gpuspec.0002.h5
HIP24452	https://bldata.berkeley.edu/pipeline/AGBT17A_999_41/holding/spliced_blc0001020304050607_guppi_57850_73841_HIP24452_0041.gpuspec.0002.h5
HIP24493	https://bldata.berkeley.edu/pipeline/AGBT17A_999_41/holding/spliced_blc0001020304050607_guppi_57850_75241_HIP24493_0045.gpuspec.0002.h5
HIP24527	https://bldata.berkeley.edu/pipeline/AGBT17A_999_41/holding/spliced_blc0001020304050607_guppi_57850_74520_HIP24527_0043.gpuspec.0002.h5
HIP24531	https://bldata.berkeley.edu/pipeline/AGBT17A_999_41/holding/spliced_blc0001020304050607_guppi_57850_75921_HIP24531_0047.gpuspec.0002.h5
HIP24552	https://bldata.berkeley.edu/pipeline/AGBT17A_999_20/holding/spliced_blc0001020304050607_guppi_57817_85337_HIP24552_0053.gpuspec.0002.h5
HIP24580	https://bldata.berkeley.edu/pipeline/AGBT17A_999_41/holding/spliced_blc0001020304050607_guppi_57850_76601_HIP24580_0049.gpuspec.0002.h5
HIP24636	https://bldata.berkeley.edu/pipeline/AGBT17A_999_41/holding/spliced_blc0001020304050607_guppi_57850_77288_HIP24636_0051.gpuspec.0002.h5
HIP24689	https://bldata.berkeley.edu/pipeline/AGBT17A_999_41/holding/spliced_blc0001020304050607_guppi_57850_77974_HIP24689_0053.gpuspec.0002.h5
HIP2469	https://bldata.berkeley.edu/pipeline/AGBT18B_999_27/holding/spliced_blc0001020304050607_guppi_58385_28376_HIP2469_0029.gpuspec.0002.h5
HIP24692	https://bldata.berkeley.edu/pipeline/AGBT17A_999_20/holding/spliced_blc0001020304050607_guppi_57817_86011_HIP24692_0055.gpuspec.0002.h5
HIP2471	https://bldata.berkeley.edu/pipeline/AGBT16A_999_224/holding/spliced_blc0001020304050607_guppi_57557_47324_HIP2471_0004.gpuspec.0002.h5
HIP2473	https://bldata.berkeley.edu/pipeline/AGBT18B_999_27/holding/spliced_blc0001020304050607_guppi_58385_29057_HIP2473_0031.gpuspec.0002.h5
HIP24758	https://bldata.berkeley.edu/pipeline/AGBT17A_999_41/holding/spliced_blc0001020304050607_guppi_57850_78661_HIP24758_0055.gpuspec.0002.h5
HIP2500	https://bldata.berkeley.edu/pipeline/AGBT16A_999_240/holding/spliced_blc0001020304050607_guppi_57585_39740_Hip2500_0010.gpuspec.0002.h5
HIP2510	https://bldata.berkeley.edu/pipeline/AGBT16A_999_240/holding/spliced_blc0001020304050607_guppi_57585_40433_Hip2510_0012.gpuspec.0002.h5
HIP25127	https://bldata.berkeley.edu/pipeline/AGBT16B_999_22/holding/spliced_blc0001020304050607_guppi_57641_37749_HIP25127_0016.gpuspec.0002.h5
HIP2521	https://bldata.berkeley.edu/pipeline/AGBT16A_999_240/holding/spliced_blc0001020304050607_guppi_57585_41126_Hip2521_0014.gpuspec.0002.h5
HIP25228	https://bldata.berkeley.edu/pipeline/AGBT16B_999_22/holding/spliced_blc0001020304050607_guppi_57641_38433_HIP25228_0018.gpuspec.0002.h5
HIP25364	https://bldata.berkeley.edu/pipeline/AGBT16A_999_214/holding/spliced_blc0001020304050607_guppi_57543_71105_HIP25364_0028.gpuspec.0002.h5
HIP25365	https://bldata.berkeley.edu/pipeline/AGBT17A_999_54/holding/spliced_blc0001020304050607_guppi_57869_76555_HIP25365_0003.gpuspec.0002.h5
HIP25368	https://bldata.berkeley.edu/pipeline/AGBT17A_999_54/holding/spliced_blc0001020304050607_guppi_57869_77244_HIP25368_0005.gpuspec.0002.h5
HIP25394	https://bldata.berkeley.edu/pipeline/AGBT17A_999_54/holding/spliced_blc0001020304050607_guppi_57869_77931_HIP25394_0007.gpuspec.0002.h5
HIP25440	https://bldata.berkeley.edu/pipeline/AGBT16A_999_214/holding/spliced_blc0001020304050607_guppi_57543_72510_HIP25440_0032.gpuspec.0002.h5
HIP25470	https://bldata.berkeley.edu/pipeline/AGBT16B_999_22/holding/spliced_blc0001020304050607_guppi_57641_39113_HIP25470_0020.gpuspec.0002.h5
HIP25513	https://bldata.berkeley.edu/pipeline/AGBT17B_999_31/holding/spliced_blc0001020304050607_guppi_58010_42214_HIP25513_0027.gpuspec.0002.h5
HIP25516	https://bldata.berkeley.edu/pipeline/AGBT16A_999_196/holding/spliced_blc0001020304050607_guppi_57526_67828_HIP25516_0011.gpuspec.0002.h5
HIP25535	https://bldata.berkeley.edu/pipeline/AGBT16A_999_196/holding/spliced_blc0001020304050607_guppi_57526_68526_HIP25535_0013.gpuspec.0002.h5
HIP25561	https://bldata.berkeley.edu/pipeline/AGBT17A_999_54/holding/spliced_blc0001020304050607_guppi_57869_78658_HIP25561_0009.gpuspec.0002.h5
HIP25566	https://bldata.berkeley.edu/pipeline/AGBT16B_999_117/holding/spliced_blc0001020304050607_guppi_57764_22960_HIP25566_0016.gpuspec.0002.h5
HIP25577	https://bldata.berkeley.edu/pipeline/AGBT17B_999_31/holding/spliced_blc0001020304050607_guppi_58010_42894_HIP25577_0029.gpuspec.0002.h5
HIP25638	https://bldata.berkeley.edu/pipeline/AGBT17B_999_31/holding/spliced_blc0001020304050607_guppi_58010_43573_HIP25638_0031.gpuspec.0002.h5
HIP25650	https://bldata.berkeley.edu/pipeline/AGBT16B_999_117/holding/spliced_blc0001020304050607_guppi_57764_22288_HIP25650_0014.gpuspec.0002.h5
HIP25678	https://bldata.berkeley.edu/pipeline/AGBT17A_999_54/holding/spliced_blc0001020304050607_guppi_57869_79358_HIP25678_0011.gpuspec.0002.h5
HIP25714	https://bldata.berkeley.edu/pipeline/AGBT16A_999_196/holding/spliced_blc0001020304050607_guppi_57526_66407_HIP25714_0007.gpuspec.0002.h5
HIP25716	https://bldata.berkeley.edu/pipeline/AGBT17A_999_54/holding/spliced_blc0001020304050607_guppi_57869_80056_HIP25716_0013.gpuspec.0002.h5
HIP25749	https://bldata.berkeley.edu/pipeline/AGBT16A_999_196/holding/spliced_blc0001020304050607_guppi_57526_69213_HIP25749_0015.gpuspec.0002.h5
HIP25790	https://bldata.berkeley.edu/pipeline/AGBT16A_999_176/holding/spliced_blc0001020304050607_guppi_57513_80503_HIP25790_0014.gpuspec.0002.h5
HIP2587	https://bldata.berkeley.edu/pipeline/AGBT16A_999_224/holding/spliced_blc0001020304050607_guppi_57557_53679_HIP2587_0022.gpuspec.0002.h5
HIP25883	https://bldata.berkeley.edu/pipeline/AGBT17A_999_50/holding/spliced_blc1011121314151617_guppi_57866_69843_HIP25883_0042.gpuspec.0002.h5
HIP25899	https://bldata.berkeley.edu/pipeline/AGBT16A_999_196/holding/spliced_blc0001020304050607_guppi_57526_69898_HIP25899_0017.gpuspec.0002.h5
HIP26006	https://bldata.berkeley.edu/pipeline/AGBT16A_999_196/holding/spliced_blc0001020304050607_guppi_57526_70572_HIP26006_0019.gpuspec.0002.h5
HIP26017	https://bldata.berkeley.edu/pipeline/AGBT17A_999_29/holding/spliced_blc0001020304050607_guppi_57834_84204_HIP26017_0003.gpuspec.0002.h5
HIP26031	https://bldata.berkeley.edu/pipeline/AGBT16A_999_196/holding/spliced_blc0001020304050607_guppi_57526_71257_HIP26031_0021.gpuspec.0002.h5
HIP26033	https://bldata.berkeley.edu/pipeline/AGBT16B_999_22/holding/spliced_blc0001020304050607_guppi_57641_39935_HIP26033_0022.gpuspec.0002.h5
HIP26037	https://bldata.berkeley.edu/pipeline/AGBT16B_999_22/holding/spliced_blc0001020304050607_guppi_57641_40695_HIP26037_0024.gpuspec.0002.h5
HIP26042	https://bldata.berkeley.edu/pipeline/AGBT17A_999_29/holding/spliced_blc0001020304050607_guppi_57834_84887_HIP26042_0005.gpuspec.0002.h5
HIP26051	https://bldata.berkeley.edu/pipeline/AGBT17A_999_29/holding/spliced_blc0001020304050607_guppi_57835_01406_HIP26051_0013.gpuspec.0002.h5
HIP26074	https://bldata.berkeley.edu/pipeline/AGBT17A_999_29/holding/spliced_blc0001020304050607_guppi_57834_85569_HIP26074_0007.gpuspec.0002.h5
HIP26097	https://bldata.berkeley.edu/pipeline/AGBT16A_999_196/holding/spliced_blc0001020304050607_guppi_57526_67070_HIP26097_0009.gpuspec.0002.h5
HIP26120	https://bldata.berkeley.edu/pipeline/AGBT16B_999_33/holding/spliced_blc0001020304050607_guppi_57661_41749_HIP26120_0036.gpuspec.0002.h5
HIP26124	https://bldata.berkeley.edu/pipeline/AGBT17A_999_75/holding/spliced_blc0001020304050607_guppi_57906_64434_HIP26124_0053.gpuspec.0002.h5
HIP26133	https://bldata.berkeley.edu/pipeline/AGBT16A_999_214/holding/spliced_blc0001020304050607_guppi_57543_73228_HIP26133_0034.gpuspec.0002.h5
HIP26156	https://bldata.berkeley.edu/pipeline/AGBT16B_999_33/holding/spliced_blc0001020304050607_guppi_57661_42437_HIP26156_0038.gpuspec.0002.h5
HIP26168	https://bldata.berkeley.edu/pipeline/AGBT16A_999_214/holding/spliced_blc0001020304050607_guppi_57543_73936_HIP26168_0036.gpuspec.0002.h5
HIP26180	https://bldata.berkeley.edu/pipeline/AGBT16A_999_196/holding/spliced_blc0001020304050607_guppi_57526_74009_HIP26180_0029.gpuspec.0002.h5
HIP26186	https://bldata.berkeley.edu/pipeline/AGBT16A_999_196/holding/spliced_blc0001020304050607_guppi_57526_74681_HIP26186_0031.gpuspec.0002.h5
HIP26195	https://bldata.berkeley.edu/pipeline/AGBT16A_999_196/holding/spliced_blc0001020304050607_guppi_57526_75364_HIP26195_0033.gpuspec.0002.h5
HIP26213	https://bldata.berkeley.edu/pipeline/AGBT16B_999_33/holding/spliced_blc0001020304050607_guppi_57661_43127_HIP26213_0040.gpuspec.0002.h5
HIP26243	https://bldata.berkeley.edu/pipeline/AGBT16A_999_214/holding/spliced_blc0001020304050607_guppi_57543_74653_HIP26243_0038.gpuspec.0002.h5
HIP26549	https://bldata.berkeley.edu/pipeline/AGBT16B_999_33/holding/spliced_blc0001020304050607_guppi_57661_43824_HIP26549_0042.gpuspec.0002.h5
HIP26551	https://bldata.berkeley.edu/pipeline/AGBT16B_999_33/holding/spliced_blc0001020304050607_guppi_57661_44516_HIP26551_0044.gpuspec.0002.h5
HIP26556	https://bldata.berkeley.edu/pipeline/AGBT17A_999_75/holding/spliced_blc0001020304050607_guppi_57906_65110_HIP26556_0055.gpuspec.0002.h5
HIP26558	https://bldata.berkeley.edu/pipeline/AGBT16B_999_33/holding/spliced_blc0001020304050607_guppi_57661_45203_HIP26558_0046.gpuspec.0002.h5
HIP267	https://bldata.berkeley.edu/pipeline/AGBT17B_999_15/holding/spliced_blc2021222324252627_guppi_57992_35845_HIP267_0031.gpuspec.0002.h5
HIP26705	https://bldata.berkeley.edu/pipeline/AGBT16B_999_33/holding/spliced_blc0001020304050607_guppi_57661_48057_HIP26705_0054.gpuspec.0002.h5
HIP26767	https://bldata.berkeley.edu/pipeline/AGBT16B_999_33/holding/spliced_blc0001020304050607_guppi_57661_48743_HIP26767_0056.gpuspec.0002.h5
HIP26800	https://bldata.berkeley.edu/pipeline/AGBT16B_999_113/holding/spliced_blc0001020304050607_guppi_57760_23084_HIP26800_0039.gpuspec.0002.h5
HIP26809	https://bldata.berkeley.edu/pipeline/AGBT16B_999_113/holding/spliced_blc0001020304050607_guppi_57760_23765_HIP26809_0041.gpuspec.0002.h5
HIP26821	https://bldata.berkeley.edu/pipeline/AGBT16B_999_113/holding/spliced_blc0001020304050607_guppi_57760_24448_HIP26821_0043.gpuspec.0002.h5
HIP26828	https://bldata.berkeley.edu/pipeline/AGBT16B_999_33/holding/spliced_blc0001020304050607_guppi_57661_45946_HIP26828_0048.gpuspec.0002.h5
HIP26835	https://bldata.berkeley.edu/pipeline/AGBT16B_999_33/holding/spliced_blc0001020304050607_guppi_57661_49428_HIP26835_0058.gpuspec.0002.h5
HIP26836	https://bldata.berkeley.edu/pipeline/AGBT16B_999_33/holding/spliced_blc0001020304050607_guppi_57661_46641_HIP26836_0050.gpuspec.0002.h5
HIP26879	https://bldata.berkeley.edu/pipeline/AGBT16A_999_176/holding/spliced_blc0001020304050607_guppi_57513_71384_HIP26879_0007.gpuspec.0002.h5
HIP26925	https://bldata.berkeley.edu/pipeline/AGBT16A_999_176/holding/spliced_blc0001020304050607_guppi_57513_72107_HIP26925_0011.gpuspec.0002.h5
HIP26941	https://bldata.berkeley.edu/pipeline/AGBT16B_999_22/holding/spliced_blc0001020304050607_guppi_57641_44163_HIP26941_0004.gpuspec.0002.h5
HIP26944	https://bldata.berkeley.edu/pipeline/AGBT16B_999_33/holding/spliced_blc0001020304050607_guppi_57661_47335_HIP26944_0052.gpuspec.0002.h5
HIP26962	https://bldata.berkeley.edu/pipeline/AGBT16B_999_22/holding/spliced_blc0001020304050607_guppi_57641_44845_HIP26962_0006.gpuspec.0002.h5
HIP27056	https://bldata.berkeley.edu/pipeline/AGBT17A_999_29/holding/spliced_blc0001020304050607_guppi_57835_02209_HIP27056_0015.gpuspec.0002.h5
HIP27074	https://bldata.berkeley.edu/pipeline/AGBT17A_999_29/holding/spliced_blc0001020304050607_guppi_57835_02896_HIP27074_0017.gpuspec.0002.h5
HIP27084	https://bldata.berkeley.edu/pipeline/AGBT17A_999_29/holding/spliced_blc0001020304050607_guppi_57835_03584_HIP27084_0019.gpuspec.0002.h5
HIP27089	https://bldata.berkeley.edu/pipeline/AGBT16B_999_22/holding/spliced_blc0001020304050607_guppi_57641_45526_HIP27089_0008.gpuspec.0002.h5
HIP27305	https://bldata.berkeley.edu/pipeline/AGBT17A_999_75/holding/spliced_blc0001020304050607_guppi_57906_61467_HIP27305_0045.gpuspec.0002.h5
HIP27390	https://bldata.berkeley.edu/pipeline/AGBT16B_999_22/holding/spliced_blc0001020304050607_guppi_57641_46279_HIP27390_0010.gpuspec.0002.h5
HIP27397	https://bldata.berkeley.edu/pipeline/AGBT17A_999_75/holding/spliced_blc0001020304050607_guppi_57906_62145_HIP27397_0047.gpuspec.0002.h5
HIP27453	https://bldata.berkeley.edu/pipeline/AGBT16B_999_22/holding/spliced_blc0001020304050607_guppi_57641_46979_HIP27453_0012.gpuspec.0002.h5
HIP27470	https://bldata.berkeley.edu/pipeline/AGBT17B_999_19/holding/spliced_blc3031323334353637_guppi_57998_47379_HIP27470_0038.gpuspec.0002.h5
HIP27477	https://bldata.berkeley.edu/pipeline/AGBT17A_999_75/holding/spliced_blc0001020304050607_guppi_57906_62820_HIP27477_0049.gpuspec.0002.h5
HIP2751	https://bldata.berkeley.edu/pipeline/AGBT16A_999_240/holding/spliced_blc0001020304050607_guppi_57585_41817_Hip2751_0016.gpuspec.0002.h5
HIP27511	https://bldata.berkeley.edu/pipeline/AGBT16B_999_22/holding/spliced_blc0001020304050607_guppi_57641_47677_HIP27511_0014.gpuspec.0002.h5
HIP27541	https://bldata.berkeley.edu/pipeline/AGBT16B_999_27/holding/spliced_blc0001020304050607_guppi_57655_42980_Hip27541_0040.gpuspec.0002.h5
HIP27589	https://bldata.berkeley.edu/pipeline/AGBT17B_999_19/holding/spliced_blc3031323334353637_guppi_57998_48048_HIP27589_0040.gpuspec.0002.h5
HIP27604	https://bldata.berkeley.edu/pipeline/AGBT17B_999_19/holding/spliced_blc3031323334353637_guppi_57998_48716_HIP27604_0042.gpuspec.0002.h5
HIP27820	https://bldata.berkeley.edu/pipeline/AGBT17B_999_19/holding/spliced_blc3031323334353637_guppi_57998_51928_HIP27820_0045.gpuspec.0002.h5
HIP27832	https://bldata.berkeley.edu/pipeline/AGBT16B_999_27/holding/spliced_blc0001020304050607_guppi_57655_43649_Hip27832_0042.gpuspec.0002.h5
HIP27878	https://bldata.berkeley.edu/pipeline/AGBT17B_999_19/holding/spliced_blc3031323334353637_guppi_57998_52605_HIP27878_0047.gpuspec.0002.h5
HIP27924	https://bldata.berkeley.edu/pipeline/AGBT17B_999_19/holding/spliced_blc3031323334353637_guppi_57998_53280_HIP27924_0049.gpuspec.0002.h5
HIP27971	https://bldata.berkeley.edu/pipeline/AGBT16B_999_27/holding/spliced_blc0001020304050607_guppi_57655_44314_Hip27971_0044.gpuspec.0002.h5
HIP28061	https://bldata.berkeley.edu/pipeline/AGBT16B_999_27/holding/spliced_blc0001020304050607_guppi_57655_45008_Hip28061_0046.gpuspec.0002.h5
HIP28243	https://bldata.berkeley.edu/pipeline/AGBT16B_999_27/holding/spliced_blc0001020304050607_guppi_57655_45675_Hip28243_0048.gpuspec.0002.h5
HIP28312	https://bldata.berkeley.edu/pipeline/AGBT16B_999_20/holding/spliced_blc0001020304050607_guppi_57635_54322_Hip28312_0058.gpuspec.0002.h5
HIP28320	https://bldata.berkeley.edu/pipeline/AGBT16B_999_27/holding/spliced_blc0001020304050607_guppi_57655_46342_Hip28320_0050.gpuspec.0002.h5
HIP2833	https://bldata.berkeley.edu/pipeline/AGBT16A_999_240/holding/spliced_blc0001020304050607_guppi_57585_42511_Hip2833_0018.gpuspec.0002.h5
HIP28348	https://bldata.berkeley.edu/pipeline/AGBT16B_999_20/holding/spliced_blc0001020304050607_guppi_57635_55006_Hip28348_0060.gpuspec.0002.h5
HIP28359	https://bldata.berkeley.edu/pipeline/AGBT17B_999_19/holding/spliced_blc3031323334353637_guppi_57998_55311_HIP28359_0055.gpuspec.0002.h5
HIP28397	https://bldata.berkeley.edu/pipeline/AGBT16B_999_39/holding/spliced_blc0001020304050607_guppi_57668_41867_HIP28397_0046.gpuspec.0002.h5
HIP28432	https://bldata.berkeley.edu/pipeline/AGBT16B_999_39/holding/spliced_blc0001020304050607_guppi_57668_42561_HIP28432_0048.gpuspec.0002.h5
HIP28433	https://bldata.berkeley.edu/pipeline/AGBT16B_999_39/holding/spliced_blc0001020304050607_guppi_57668_43941_HIP28433_0052.gpuspec.0002.h5
HIP28456	https://bldata.berkeley.edu/pipeline/AGBT16B_999_39/holding/spliced_blc0001020304050607_guppi_57668_43255_HIP28456_0050.gpuspec.0002.h5
HIP2847	https://bldata.berkeley.edu/pipeline/AGBT16A_999_240/holding/spliced_blc0001020304050607_guppi_57585_43202_Hip2847_0020.gpuspec.0002.h5
HIP28494	https://bldata.berkeley.edu/pipeline/AGBT16B_999_39/holding/spliced_blc0001020304050607_guppi_57668_46018_HIP28494_0058.gpuspec.0002.h5
HIP28523	https://bldata.berkeley.edu/pipeline/AGBT16B_999_27/holding/spliced_blc0001020304050607_guppi_57655_49065_Hip28523_0058.gpuspec.0002.h5
HIP28538	https://bldata.berkeley.edu/pipeline/AGBT16B_999_39/holding/spliced_blc0001020304050607_guppi_57668_44633_HIP28538_0054.gpuspec.0002.h5
HIP28561	https://bldata.berkeley.edu/pipeline/AGBT16B_999_39/holding/spliced_blc0001020304050607_guppi_57668_46712_HIP28561_0060.gpuspec.0002.h5
HIP28612	https://bldata.berkeley.edu/pipeline/AGBT16B_999_27/holding/spliced_blc0001020304050607_guppi_57655_49729_Hip28612_0060.gpuspec.0002.h5
HIP28620	https://bldata.berkeley.edu/pipeline/AGBT16B_999_39/holding/spliced_blc0001020304050607_guppi_57668_45324_HIP28620_0056.gpuspec.0002.h5
HIP28663	https://bldata.berkeley.edu/pipeline/AGBT16B_999_22/holding/spliced_blc0001020304050607_guppi_57641_50464_HIP28663_0022.gpuspec.0002.h5
HIP28694	https://bldata.berkeley.edu/pipeline/AGBT16B_999_49/holding/spliced_blc0001020304050607_guppi_57681_36865_HIP28694_0040.gpuspec.0002.h5
HIP28696	https://bldata.berkeley.edu/pipeline/AGBT16B_999_22/holding/spliced_blc0001020304050607_guppi_57641_52553_HIP28696_0028.gpuspec.0002.h5
HIP28728	https://bldata.berkeley.edu/pipeline/AGBT16B_999_39/holding/spliced_blc0001020304050607_guppi_57668_47404_HIP28728_0062.gpuspec.0002.h5
HIP28750	https://bldata.berkeley.edu/pipeline/AGBT16B_999_22/holding/spliced_blc0001020304050607_guppi_57641_53241_HIP28750_0030.gpuspec.0002.h5
HIP28753	https://bldata.berkeley.edu/pipeline/AGBT16A_999_184/holding/spliced_blc0001020304050607_guppi_57519_80506_HIP28753_0017.gpuspec.0002.h5
HIP28807	https://bldata.berkeley.edu/pipeline/AGBT16A_999_184/holding/spliced_blc0001020304050607_guppi_57519_81173_HIP28807_0019.gpuspec.0002.h5
HIP28813	https://bldata.berkeley.edu/pipeline/AGBT16B_999_22/holding/spliced_blc0001020304050607_guppi_57641_51154_HIP28813_0024.gpuspec.0002.h5
HIP28832	https://bldata.berkeley.edu/pipeline/AGBT16B_999_47/holding/spliced_blc0001020304050607_guppi_57678_39826_HIP28832_0014.gpuspec.0002.h5
HIP28834	https://bldata.berkeley.edu/pipeline/AGBT16B_999_22/holding/spliced_blc0001020304050607_guppi_57641_51845_HIP28834_0026.gpuspec.0002.h5
HIP28842	https://bldata.berkeley.edu/pipeline/AGBT16B_999_49/holding/spliced_blc0001020304050607_guppi_57681_37536_HIP28842_0042.gpuspec.0002.h5
HIP28848	https://bldata.berkeley.edu/pipeline/AGBT17A_999_66/holding/spliced_blc3031323334353637_guppi_57886_78624_HIP28848_0007.gpuspec.0002.h5
HIP28860	https://bldata.berkeley.edu/pipeline/AGBT16B_999_27/holding/spliced_blc0001020304050607_guppi_57655_51091_Hip28860_0003.gpuspec.0002.h5
HIP28882	https://bldata.berkeley.edu/pipeline/AGBT16B_999_47/holding/spliced_blc0001020304050607_guppi_57678_40547_HIP28882_0016.gpuspec.0002.h5
HIP28892	https://bldata.berkeley.edu/pipeline/AGBT16A_999_184/holding/spliced_blc0001020304050607_guppi_57519_81864_HIP28892_0021.gpuspec.0002.h5
HIP28893	https://bldata.berkeley.edu/pipeline/AGBT17A_999_66/holding/spliced_blc3031323334353637_guppi_57886_79305_HIP28893_0009.gpuspec.0002.h5
HIP28902	https://bldata.berkeley.edu/pipeline/AGBT16A_999_184/holding/spliced_blc0001020304050607_guppi_57519_82528_HIP28902_0023.gpuspec.0002.h5
HIP28903	https://bldata.berkeley.edu/pipeline/AGBT17B_999_34/holding/spliced_blc1011121314151617_guppi_58016_44688_HIP28903_0039.gpuspec.0002.h5
HIP28940	https://bldata.berkeley.edu/pipeline/AGBT16B_999_47/holding/spliced_blc0001020304050607_guppi_57678_41260_HIP28940_0018.gpuspec.0002.h5
HIP28963	https://bldata.berkeley.edu/pipeline/AGBT16A_999_184/holding/spliced_blc0001020304050607_guppi_57519_83193_HIP28963_0025.gpuspec.0002.h5
HIP28965	https://bldata.berkeley.edu/pipeline/AGBT17B_999_34/holding/spliced_blc1011121314151617_guppi_58016_46722_HIP28965_0045.gpuspec.0002.h5
HIP29038	https://bldata.berkeley.edu/pipeline/AGBT17B_999_34/holding/spliced_blc1011121314151617_guppi_58016_48781_HIP29038_0051.gpuspec.0002.h5
HIP29043	https://bldata.berkeley.edu/pipeline/AGBT16B_999_47/holding/spliced_blc0001020304050607_guppi_57678_41969_HIP29043_0020.gpuspec.0002.h5
HIP2906	https://bldata.berkeley.edu/pipeline/AGBT18B_999_27/holding/spliced_blc0001020304050607_guppi_58385_25643_HIP2906_0021.gpuspec.0002.h5
HIP29061	https://bldata.berkeley.edu/pipeline/AGBT17B_999_34/holding/spliced_blc1011121314151617_guppi_58016_47404_HIP29061_0047.gpuspec.0002.h5
HIP29063	https://bldata.berkeley.edu/pipeline/AGBT17B_999_34/holding/spliced_blc1011121314151617_guppi_58016_50817_HIP29063_0057.gpuspec.0002.h5
HIP29077	https://bldata.berkeley.edu/pipeline/AGBT17B_999_34/holding/spliced_blc1011121314151617_guppi_58016_48085_HIP29077_0049.gpuspec.0002.h5
HIP29106	https://bldata.berkeley.edu/pipeline/AGBT17B_999_34/holding/spliced_blc1011121314151617_guppi_58016_45367_HIP29106_0041.gpuspec.0002.h5
HIP29121	https://bldata.berkeley.edu/pipeline/AGBT17B_999_34/holding/spliced_blc1011121314151617_guppi_58016_46043_HIP29121_0043.gpuspec.0002.h5
HIP29138	https://bldata.berkeley.edu/pipeline/AGBT17B_999_34/holding/spliced_blc1011121314151617_guppi_58016_51494_HIP29138_0059.gpuspec.0002.h5
HIP29162	https://bldata.berkeley.edu/pipeline/AGBT16A_999_184/holding/spliced_blc0001020304050607_guppi_57519_83906_HIP29162_0027.gpuspec.0002.h5
HIP29212	https://bldata.berkeley.edu/pipeline/AGBT16A_999_176/holding/spliced_blc0001020304050607_guppi_57513_78437_HIP29212_0008.gpuspec.0002.h5
HIP29231	https://bldata.berkeley.edu/pipeline/AGBT16A_999_176/holding/spliced_blc0001020304050607_guppi_57513_79115_HIP29231_0010.gpuspec.0002.h5
HIP29249	https://bldata.berkeley.edu/pipeline/AGBT16A_999_184/holding/spliced_blc0001020304050607_guppi_57519_84591_HIP29249_0029.gpuspec.0002.h5
HIP29253	https://bldata.berkeley.edu/pipeline/AGBT16A_999_176/holding/spliced_blc0001020304050607_guppi_57513_79787_HIP29253_0012.gpuspec.0002.h5
HIP29261	https://bldata.berkeley.edu/pipeline/AGBT16B_999_24/holding/spliced_blc0001020304050607_guppi_57645_45016_Hip29261_0004.gpuspec.0002.h5
HIP29287	https://bldata.berkeley.edu/pipeline/AGBT17A_999_75/holding/spliced_blc0001020304050607_guppi_57906_65814_HIP29287_0057.gpuspec.0002.h5
HIP29381	https://bldata.berkeley.edu/pipeline/AGBT16B_999_24/holding/spliced_blc0001020304050607_guppi_57645_45728_Hip29381_0006.gpuspec.0002.h5
HIP29396	https://bldata.berkeley.edu/pipeline/AGBT16B_999_24/holding/spliced_blc0001020304050607_guppi_57645_46440_Hip29396_0008.gpuspec.0002.h5
HIP29417	https://bldata.berkeley.edu/pipeline/AGBT18B_999_50/holding/spliced_blc1011121314151617_guppi_58420_35597_HIP29417_0066.gpuspec.0002.h5
HIP2948	https://bldata.berkeley.edu/pipeline/AGBT18B_999_27/holding/spliced_blc0001020304050607_guppi_58385_26331_HIP2948_0023.gpuspec.0002.h5
HIP29492	https://bldata.berkeley.edu/pipeline/AGBT16B_999_24/holding/spliced_blc0001020304050607_guppi_57645_47180_Hip29492_0010.gpuspec.0002.h5
HIP29499	https://bldata.berkeley.edu/pipeline/AGBT16B_999_27/holding/spliced_blc0001020304050607_guppi_57655_47026_Hip29499_0052.gpuspec.0002.h5
HIP2952	https://bldata.berkeley.edu/pipeline/AGBT16A_999_240/holding/spliced_blc0001020304050607_guppi_57585_48057_Hip2952_0034.gpuspec.0002.h5
HIP29578	https://bldata.berkeley.edu/pipeline/AGBT18B_999_50/holding/spliced_blc1011121314151617_guppi_58420_36262_HIP29578_0068.gpuspec.0002.h5
HIP29579	https://bldata.berkeley.edu/pipeline/AGBT18B_999_50/holding/spliced_blc1011121314151617_guppi_58420_36925_HIP29579_0070.gpuspec.0002.h5
HIP29589	https://bldata.berkeley.edu/pipeline/AGBT16B_999_24/holding/spliced_blc0001020304050607_guppi_57645_49359_Hip29589_0016.gpuspec.0002.h5
HIP29600	https://bldata.berkeley.edu/pipeline/AGBT16B_999_27/holding/spliced_blc0001020304050607_guppi_57655_47690_Hip29600_0054.gpuspec.0002.h5
HIP29629	https://bldata.berkeley.edu/pipeline/AGBT18B_999_27/holding/spliced_blc0001020304050607_guppi_58385_53093_HIP29629_0100.gpuspec.0002.h5
HIP29676	https://bldata.berkeley.edu/pipeline/AGBT16B_999_17/holding/spliced_blc0001020304050607_guppi_57627_44943_Hip29676_0016.gpuspec.0002.h5
HIP2968	https://bldata.berkeley.edu/pipeline/AGBT17A_999_38/holding/spliced_blc0001020304050607_guppi_57847_67662_HIP2968_0022.gpuspec.0002.h5
HIP29687	https://bldata.berkeley.edu/pipeline/AGBT16B_999_24/holding/spliced_blc0001020304050607_guppi_57645_47909_Hip29687_0012.gpuspec.0002.h5
HIP29689	https://bldata.berkeley.edu/pipeline/AGBT16B_999_24/holding/spliced_blc0001020304050607_guppi_57645_48637_Hip29689_0014.gpuspec.0002.h5
HIP29711	https://bldata.berkeley.edu/pipeline/AGBT16B_999_17/holding/spliced_blc0001020304050607_guppi_57627_45631_Hip29711_0018.gpuspec.0002.h5
HIP29716	https://bldata.berkeley.edu/pipeline/AGBT16B_999_03/holding/spliced_blc0001020304050607_guppi_57606_54694_Hip29716_0040.gpuspec.0002.h5
HIP29755	https://bldata.berkeley.edu/pipeline/AGBT17A_999_75/holding/spliced_blc0001020304050607_guppi_57906_66489_HIP29755_0059.gpuspec.0002.h5
HIP29770	https://bldata.berkeley.edu/pipeline/AGBT16B_999_17/holding/spliced_blc0001020304050607_guppi_57627_46317_Hip29770_0020.gpuspec.0002.h5
HIP2978	https://bldata.berkeley.edu/pipeline/AGBT18B_999_27/holding/spliced_blc0001020304050607_guppi_58385_27013_HIP2978_0025.gpuspec.0002.h5
HIP29782	https://bldata.berkeley.edu/pipeline/AGBT16B_999_03/holding/spliced_blc0001020304050607_guppi_57606_55384_Hip29782_0042.gpuspec.0002.h5
HIP29883	https://bldata.berkeley.edu/pipeline/AGBT16A_999_184/holding/spliced_blc0001020304050607_guppi_57519_77808_HIP29883_0009.gpuspec.0002.h5
HIP30026	https://bldata.berkeley.edu/pipeline/AGBT16B_999_24/holding/spliced_blc0001020304050607_guppi_57645_51544_Hip30026_0022.gpuspec.0002.h5
HIP30030	https://bldata.berkeley.edu/pipeline/AGBT16B_999_24/holding/spliced_blc0001020304050607_guppi_57645_52249_Hip30030_0024.gpuspec.0002.h5
HIP301	https://bldata.berkeley.edu/pipeline/AGBT16A_999_232/holding/spliced_blc0001020304050607_guppi_57573_52200_HIP301_0026.gpuspec.0002.h5
HIP30129	https://bldata.berkeley.edu/pipeline/AGBT16A_999_184/holding/spliced_blc0001020304050607_guppi_57519_78473_HIP30129_0011.gpuspec.0002.h5
HIP30166	https://bldata.berkeley.edu/pipeline/AGBT16B_999_27/holding/spliced_blc0001020304050607_guppi_57655_48355_Hip30166_0056.gpuspec.0002.h5
HIP30167	https://bldata.berkeley.edu/pipeline/AGBT16B_999_24/holding/spliced_blc0001020304050607_guppi_57645_52949_Hip30167_0026.gpuspec.0002.h5
HIP3026	https://bldata.berkeley.edu/pipeline/AGBT16A_999_240/holding/spliced_blc0001020304050607_guppi_57585_43918_Hip3026_0022.gpuspec.0002.h5
HIP30324	https://bldata.berkeley.edu/pipeline/AGBT16B_999_24/holding/spliced_blc0001020304050607_guppi_57645_53668_Hip30324_0028.gpuspec.0002.h5
HIP30393	https://bldata.berkeley.edu/pipeline/AGBT16B_999_24/holding/spliced_blc0001020304050607_guppi_57645_55849_Hip30393_0034.gpuspec.0002.h5
HIP30414	https://bldata.berkeley.edu/pipeline/AGBT16B_999_24/holding/spliced_blc0001020304050607_guppi_57645_54369_Hip30414_0030.gpuspec.0002.h5
HIP30446	https://bldata.berkeley.edu/pipeline/AGBT16B_999_24/holding/spliced_blc0001020304050607_guppi_57645_56555_Hip30446_0036.gpuspec.0002.h5
HIP3046	https://bldata.berkeley.edu/pipeline/AGBT18B_999_27/holding/spliced_blc0001020304050607_guppi_58385_23516_HIP3046_0015.gpuspec.0002.h5
HIP30469	https://bldata.berkeley.edu/pipeline/AGBT16B_999_24/holding/spliced_blc0001020304050607_guppi_57645_55071_Hip30469_0032.gpuspec.0002.h5
HIP30487	https://bldata.berkeley.edu/pipeline/AGBT16B_999_24/holding/spliced_blc0001020304050607_guppi_57645_57262_Hip30487_0038.gpuspec.0002.h5
HIP3052	https://bldata.berkeley.edu/pipeline/AGBT16A_999_240/holding/spliced_blc0001020304050607_guppi_57585_48749_Hip3052_0036.gpuspec.0002.h5
HIP30568	https://bldata.berkeley.edu/pipeline/AGBT16A_999_223/holding/spliced_blc0001020304050607_guppi_57556_61171_HIP30568_0004.gpuspec.0002.h5
HIP3058	https://bldata.berkeley.edu/pipeline/AGBT17A_999_38/holding/spliced_blc0001020304050607_guppi_57847_65464_HIP3058_0016.gpuspec.0002.h5
HIP30724	https://bldata.berkeley.edu/pipeline/AGBT16B_999_08/holding/spliced_blc0001020304050607_guppi_57613_56923_Hip30724_0040.gpuspec.0002.h5
HIP30839	https://bldata.berkeley.edu/pipeline/AGBT16B_999_08/holding/spliced_blc0001020304050607_guppi_57613_57651_Hip30839_0042.gpuspec.0002.h5
HIP30880	https://bldata.berkeley.edu/pipeline/AGBT16B_999_08/holding/spliced_blc0001020304050607_guppi_57613_58375_Hip30880_0044.gpuspec.0002.h5
HIP30892	https://bldata.berkeley.edu/pipeline/AGBT16A_999_223/holding/spliced_blc0001020304050607_guppi_57556_61840_HIP30892_0006.gpuspec.0002.h5
HIP3090	https://bldata.berkeley.edu/pipeline/AGBT16A_999_240/holding/spliced_blc0001020304050607_guppi_57585_45963_Hip3090_0028.gpuspec.0002.h5
HIP31055	https://bldata.berkeley.edu/pipeline/AGBT16B_999_03/holding/spliced_blc0001020304050607_guppi_57606_56789_Hip31055_0046.gpuspec.0002.h5
HIP31075	https://bldata.berkeley.edu/pipeline/AGBT16B_999_03/holding/spliced_blc0001020304050607_guppi_57606_57472_Hip31075_0048.gpuspec.0002.h5
HIP3109	https://bldata.berkeley.edu/pipeline/AGBT18B_999_27/holding/spliced_blc0001020304050607_guppi_58385_24244_HIP3109_0017.gpuspec.0002.h5
HIP31142	https://bldata.berkeley.edu/pipeline/AGBT16B_999_08/holding/spliced_blc0001020304050607_guppi_57613_59094_Hip31142_0046.gpuspec.0002.h5
HIP3115	https://bldata.berkeley.edu/pipeline/AGBT16A_999_240/holding/spliced_blc0001020304050607_guppi_57585_46647_Hip3115_0030.gpuspec.0002.h5
HIP31238	https://bldata.berkeley.edu/pipeline/AGBT16A_999_218/holding/spliced_blc0001020304050607_guppi_57549_67018_HIP31238_0018.gpuspec.0002.h5
HIP31244	https://bldata.berkeley.edu/pipeline/AGBT16B_999_03/holding/spliced_blc0001020304050607_guppi_57606_58154_Hip31244_0050.gpuspec.0002.h5
HIP31245	https://bldata.berkeley.edu/pipeline/AGBT16A_999_218/holding/spliced_blc0001020304050607_guppi_57549_67756_HIP31245_0020.gpuspec.0002.h5
HIP31256	https://bldata.berkeley.edu/pipeline/AGBT16A_999_218/holding/spliced_blc0001020304050607_guppi_57549_68468_HIP31256_0022.gpuspec.0002.h5
HIP31272	https://bldata.berkeley.edu/pipeline/AGBT16A_999_223/holding/spliced_blc0001020304050607_guppi_57556_62506_HIP31272_0008.gpuspec.0002.h5
HIP3136	https://bldata.berkeley.edu/pipeline/AGBT17A_999_38/holding/spliced_blc0001020304050607_guppi_57847_70782_HIP3136_0028.gpuspec.0002.h5
HIP31370	https://bldata.berkeley.edu/pipeline/AGBT16B_999_08/holding/spliced_blc0001020304050607_guppi_57613_61300_Hip31370_0052.gpuspec.0002.h5
HIP31406	https://bldata.berkeley.edu/pipeline/AGBT16B_999_08/holding/spliced_blc0001020304050607_guppi_57613_62007_Hip31406_0054.gpuspec.0002.h5
HIP31420	https://bldata.berkeley.edu/pipeline/AGBT16B_999_08/holding/spliced_blc0001020304050607_guppi_57613_62716_Hip31420_0056.gpuspec.0002.h5
HIP31431	https://bldata.berkeley.edu/pipeline/AGBT16B_999_08/holding/spliced_blc0001020304050607_guppi_57613_59810_Hip31431_0048.gpuspec.0002.h5
HIP31458	https://bldata.berkeley.edu/pipeline/AGBT16B_999_08/holding/spliced_blc0001020304050607_guppi_57613_60519_Hip31458_0050.gpuspec.0002.h5
HIP31529	https://bldata.berkeley.edu/pipeline/AGBT16A_999_218/holding/spliced_blc0001020304050607_guppi_57549_64856_HIP31529_0012.gpuspec.0002.h5
HIP3161	https://bldata.berkeley.edu/pipeline/AGBT17A_999_75/holding/spliced_blc0001020304050607_guppi_57906_46961_HIP3161_0003.gpuspec.0002.h5
HIP31669	https://bldata.berkeley.edu/pipeline/AGBT16B_999_79/holding/spliced_blc0001020304050607_guppi_57722_33134_HIP31669_0052.gpuspec.0002.h5
HIP31677	https://bldata.berkeley.edu/pipeline/AGBT16B_999_79/holding/spliced_blc0001020304050607_guppi_57722_33821_HIP31677_0054.gpuspec.0002.h5
HIP3169	https://bldata.berkeley.edu/pipeline/AGBT16A_999_240/holding/spliced_blc0001020304050607_guppi_57585_44600_Hip3169_0024.gpuspec.0002.h5
HIP31698	https://bldata.berkeley.edu/pipeline/AGBT16B_999_79/holding/spliced_blc0001020304050607_guppi_57722_34507_HIP31698_0056.gpuspec.0002.h5
HIP31740	https://bldata.berkeley.edu/pipeline/AGBT16B_999_69/holding/spliced_blc0001020304050607_guppi_57707_30818_HIP31740_0040.gpuspec.0002.h5
HIP3176	https://bldata.berkeley.edu/pipeline/AGBT18B_999_27/holding/spliced_blc0001020304050607_guppi_58385_24959_HIP3176_0019.gpuspec.0002.h5
HIP3183	https://bldata.berkeley.edu/pipeline/AGBT16A_999_240/holding/spliced_blc0001020304050607_guppi_57585_47330_Hip3183_0032.gpuspec.0002.h5
HIP31904	https://bldata.berkeley.edu/pipeline/AGBT16B_999_79/holding/spliced_blc0001020304050607_guppi_57722_35206_HIP31904_0058.gpuspec.0002.h5
HIP31933	https://bldata.berkeley.edu/pipeline/AGBT16B_999_69/holding/spliced_blc0001020304050607_guppi_57707_31518_HIP31933_0042.gpuspec.0002.h5
HIP31944	https://bldata.berkeley.edu/pipeline/AGBT17A_999_77/holding/spliced_blc0001020304050607_guppi_57908_68159_HIP31944_0003.gpuspec.0002.h5
HIP31953	https://bldata.berkeley.edu/pipeline/AGBT16B_999_85/holding/spliced_blc1011121314151617_guppi_57727_30116_HIP31953_0046.gpuspec.0002.h5
HIP31972	https://bldata.berkeley.edu/pipeline/AGBT16B_999_85/holding/spliced_blc1011121314151617_guppi_57727_30824_HIP31972_0048.gpuspec.0002.h5
HIP32009	https://bldata.berkeley.edu/pipeline/AGBT16B_999_85/holding/spliced_blc1011121314151617_guppi_57727_27960_HIP32009_0040.gpuspec.0002.h5
HIP32015	https://bldata.berkeley.edu/pipeline/AGBT16A_999_218/holding/spliced_blc0001020304050607_guppi_57549_65520_HIP32015_0014.gpuspec.0002.h5
HIP32020	https://bldata.berkeley.edu/pipeline/AGBT16B_999_85/holding/spliced_blc1011121314151617_guppi_57727_28663_HIP32020_0042.gpuspec.0002.h5
HIP3203	https://bldata.berkeley.edu/pipeline/AGBT16A_999_240/holding/spliced_blc0001020304050607_guppi_57585_45282_Hip3203_0026.gpuspec.0002.h5
HIP32040	https://bldata.berkeley.edu/pipeline/AGBT16B_999_85/holding/spliced_blc1011121314151617_guppi_57727_31528_HIP32040_0050.gpuspec.0002.h5
HIP32049	https://bldata.berkeley.edu/pipeline/AGBT16B_999_85/holding/spliced_blc1011121314151617_guppi_57727_29364_HIP32049_0044.gpuspec.0002.h5
HIP32072	https://bldata.berkeley.edu/pipeline/AGBT17A_999_66/holding/spliced_blc3031323334353637_guppi_57886_84115_HIP32072_0023.gpuspec.0002.h5
HIP32092	https://bldata.berkeley.edu/pipeline/AGBT17A_999_19/holding/spliced_blc0001020304050607_guppi_57817_03145_HIP32092_0003.gpuspec.0002.h5
HIP32152	https://bldata.berkeley.edu/pipeline/AGBT17A_999_19/holding/spliced_blc0001020304050607_guppi_57817_03969_HIP32152_0005.gpuspec.0002.h5
HIP32214	https://bldata.berkeley.edu/pipeline/AGBT17A_999_66/holding/spliced_blc3031323334353637_guppi_57886_86126_HIP32214_0029.gpuspec.0002.h5
HIP32217	https://bldata.berkeley.edu/pipeline/AGBT17A_999_19/holding/spliced_blc0001020304050607_guppi_57817_04845_HIP32217_0007.gpuspec.0002.h5
HIP32254	https://bldata.berkeley.edu/pipeline/AGBT16B_999_85/holding/spliced_blc1011121314151617_guppi_57727_32273_HIP32254_0052.gpuspec.0002.h5
HIP32286	https://bldata.berkeley.edu/pipeline/AGBT17A_999_66/holding/spliced_blc3031323334353637_guppi_57887_00400_HIP32286_0031.gpuspec.0002.h5
HIP32296	https://bldata.berkeley.edu/pipeline/AGBT16A_999_218/holding/spliced_blc0001020304050607_guppi_57549_66188_HIP32296_0016.gpuspec.0002.h5
HIP32321	https://bldata.berkeley.edu/pipeline/AGBT16B_999_69/holding/spliced_blc0001020304050607_guppi_57707_32192_HIP32321_0044.gpuspec.0002.h5
HIP32364	https://bldata.berkeley.edu/pipeline/AGBT17A_999_97/holding/spliced_blc0001020304050607_guppi_57956_55396_HIP32364_0038.gpuspec.0002.h5
HIP32399	https://bldata.berkeley.edu/pipeline/AGBT16A_999_218/holding/spliced_blc0001020304050607_guppi_57549_69197_HIP32399_0024.gpuspec.0002.h5
HIP32409	https://bldata.berkeley.edu/pipeline/AGBT17A_999_66/holding/spliced_blc3031323334353637_guppi_57887_01071_HIP32409_0033.gpuspec.0002.h5
HIP32446	https://bldata.berkeley.edu/pipeline/AGBT17A_999_97/holding/spliced_blc0001020304050607_guppi_57956_56081_HIP32446_0040.gpuspec.0002.h5
HIP32456	https://bldata.berkeley.edu/pipeline/AGBT16A_999_203/holding/spliced_blc0001020304050607_guppi_57533_73931_HIP32456_0004.gpuspec.0002.h5
HIP32459	https://bldata.berkeley.edu/pipeline/AGBT16A_999_203/holding/spliced_blc0001020304050607_guppi_57533_74616_HIP32459_0006.gpuspec.0002.h5
HIP32527	https://bldata.berkeley.edu/pipeline/AGBT16A_999_203/holding/spliced_blc0001020304050607_guppi_57533_75312_HIP32527_0008.gpuspec.0002.h5
HIP32551	https://bldata.berkeley.edu/pipeline/AGBT17A_999_97/holding/spliced_blc0001020304050607_guppi_57956_53323_HIP32551_0032.gpuspec.0002.h5
HIP32559	https://bldata.berkeley.edu/pipeline/AGBT16B_999_85/holding/spliced_blc1011121314151617_guppi_57727_33673_HIP32559_0056.gpuspec.0002.h5
HIP32630	https://bldata.berkeley.edu/pipeline/AGBT16B_999_93/holding/spliced_blc0001020304050607_guppi_57740_23876_HIP32630_0040.gpuspec.0002.h5
HIP32638	https://bldata.berkeley.edu/pipeline/AGBT17A_999_97/holding/spliced_blc0001020304050607_guppi_57956_54019_HIP32638_0034.gpuspec.0002.h5
HIP32644	https://bldata.berkeley.edu/pipeline/AGBT16B_999_93/holding/spliced_blc0001020304050607_guppi_57740_24564_HIP32644_0042.gpuspec.0002.h5
HIP32684	https://bldata.berkeley.edu/pipeline/AGBT16A_999_218/holding/spliced_blc0001020304050607_guppi_57549_71243_HIP32684_0030.gpuspec.0002.h5
HIP32723	https://bldata.berkeley.edu/pipeline/AGBT17A_999_97/holding/spliced_blc0001020304050607_guppi_57956_56760_HIP32723_0042.gpuspec.0002.h5
HIP3275	https://bldata.berkeley.edu/pipeline/AGBT16B_999_09/holding/spliced_blc0001020304050607_guppi_57614_26578_Hip3275_0016.gpuspec.0002.h5
HIP32752	https://bldata.berkeley.edu/pipeline/AGBT16B_999_93/holding/spliced_blc0001020304050607_guppi_57740_26059_HIP32752_0046.gpuspec.0002.h5
HIP32766	https://bldata.berkeley.edu/pipeline/AGBT16B_999_93/holding/spliced_blc0001020304050607_guppi_57740_25250_HIP32766_0044.gpuspec.0002.h5
HIP3279	https://bldata.berkeley.edu/pipeline/AGBT16A_999_165/holding/spliced_blc0001020304050607_guppi_57507_59422_HIP3279_0004.gpuspec.0002.h5
HIP32838	https://bldata.berkeley.edu/pipeline/AGBT16B_999_93/holding/spliced_blc0001020304050607_guppi_57740_28300_HIP32838_0052.gpuspec.0002.h5
HIP32857	https://bldata.berkeley.edu/pipeline/AGBT16B_999_93/holding/spliced_blc0001020304050607_guppi_57740_26790_HIP32857_0048.gpuspec.0002.h5
HIP32877	https://bldata.berkeley.edu/pipeline/AGBT16A_999_218/holding/spliced_blc0001020304050607_guppi_57549_69865_HIP32877_0026.gpuspec.0002.h5
HIP32888	https://bldata.berkeley.edu/pipeline/AGBT16A_999_218/holding/spliced_blc0001020304050607_guppi_57549_70534_HIP32888_0028.gpuspec.0002.h5
HIP32889	https://bldata.berkeley.edu/pipeline/AGBT17A_999_77/holding/spliced_blc0001020304050607_guppi_57908_69493_HIP32889_0007.gpuspec.0002.h5
HIP3289	https://bldata.berkeley.edu/pipeline/AGBT17A_999_38/holding/spliced_blc0001020304050607_guppi_57847_66298_HIP3289_0018.gpuspec.0002.h5
HIP32898	https://bldata.berkeley.edu/pipeline/AGBT17A_999_66/holding/spliced_blc3031323334353637_guppi_57886_84783_HIP32898_0025.gpuspec.0002.h5
HIP32903	https://bldata.berkeley.edu/pipeline/AGBT16B_999_93/holding/spliced_blc0001020304050607_guppi_57740_27513_HIP32903_0050.gpuspec.0002.h5
HIP32923	https://bldata.berkeley.edu/pipeline/AGBT16B_999_93/holding/spliced_blc0001020304050607_guppi_57740_28987_HIP32923_0054.gpuspec.0002.h5
HIP32927	https://bldata.berkeley.edu/pipeline/AGBT17A_999_66/holding/spliced_blc3031323334353637_guppi_57886_85443_HIP32927_0027.gpuspec.0002.h5
HIP32954	https://bldata.berkeley.edu/pipeline/AGBT17A_999_96/holding/spliced_blc0001020304050607_guppi_57955_62192_HIP32954_0007.gpuspec.0002.h5
HIP32955	https://bldata.berkeley.edu/pipeline/AGBT17A_999_96/holding/spliced_blc0001020304050607_guppi_57955_62900_HIP32955_0009.gpuspec.0002.h5
HIP32975	https://bldata.berkeley.edu/pipeline/AGBT16B_999_93/holding/spliced_blc0001020304050607_guppi_57740_29674_HIP32975_0056.gpuspec.0002.h5
HIP32987	https://bldata.berkeley.edu/pipeline/AGBT16A_999_218/holding/spliced_blc0001020304050607_guppi_57549_71916_HIP32987_0032.gpuspec.0002.h5
HIP33000	https://bldata.berkeley.edu/pipeline/AGBT16A_999_218/holding/spliced_blc0001020304050607_guppi_57549_72585_HIP33000_0034.gpuspec.0002.h5
HIP3301	https://bldata.berkeley.edu/pipeline/AGBT18B_999_27/holding/spliced_blc0001020304050607_guppi_58385_21336_HIP3301_0009.gpuspec.0002.h5
HIP33031	https://bldata.berkeley.edu/pipeline/AGBT16B_999_93/holding/spliced_blc0001020304050607_guppi_57740_30383_HIP33031_0058.gpuspec.0002.h5
HIP3312	https://bldata.berkeley.edu/pipeline/AGBT18B_999_27/holding/spliced_blc0001020304050607_guppi_58385_22076_HIP3312_0011.gpuspec.0002.h5
HIP33150	https://bldata.berkeley.edu/pipeline/AGBT16B_999_110/holding/spliced_blc0001020304050607_guppi_57756_17654_HIP33150_0004.gpuspec.0002.h5
HIP33166	https://bldata.berkeley.edu/pipeline/AGBT16B_999_110/holding/spliced_blc0001020304050607_guppi_57756_18335_HIP33166_0006.gpuspec.0002.h5
HIP33167	https://bldata.berkeley.edu/pipeline/AGBT16B_999_93/holding/spliced_blc0001020304050607_guppi_57740_31076_HIP33167_0060.gpuspec.0002.h5
HIP33194	https://bldata.berkeley.edu/pipeline/AGBT16A_999_214/holding/spliced_blc0001020304050607_guppi_57543_80877_HIP33194_0008.gpuspec.0002.h5
HIP33239	https://bldata.berkeley.edu/pipeline/AGBT16A_999_214/holding/spliced_blc0001020304050607_guppi_57543_81223_HIP33239_0009.gpuspec.0002.h5
HIP33268	https://bldata.berkeley.edu/pipeline/AGBT16B_999_110/holding/spliced_blc0001020304050607_guppi_57756_19769_HIP33268_0010.gpuspec.0002.h5
HIP33325	https://bldata.berkeley.edu/pipeline/AGBT16B_999_110/holding/spliced_blc0001020304050607_guppi_57756_20502_HIP33325_0012.gpuspec.0002.h5
HIP3333	https://bldata.berkeley.edu/pipeline/AGBT17A_999_08/holding/spliced_blc0001020304050607_guppi_57803_81079_HIP3333_0033.gpuspec.0002.h5
HIP33331	https://bldata.berkeley.edu/pipeline/AGBT16B_999_110/holding/spliced_blc0001020304050607_guppi_57756_21235_HIP33331_0014.gpuspec.0002.h5
HIP33454	https://bldata.berkeley.edu/pipeline/AGBT16A_999_223/holding/spliced_blc0001020304050607_guppi_57556_63191_HIP33454_0010.gpuspec.0002.h5
HIP3362	https://bldata.berkeley.edu/pipeline/AGBT18A_999_88/holding/spliced_blc2021222324252627_guppi_58293_52588_HIP3362_0047.gpuspec.0002.h5
HIP3363	https://bldata.berkeley.edu/pipeline/AGBT17A_999_38/holding/spliced_blc0001020304050607_guppi_57847_71447_HIP3363_0030.gpuspec.0002.h5
HIP3364	https://bldata.berkeley.edu/pipeline/AGBT17A_999_75/holding/spliced_blc0001020304050607_guppi_57906_47636_HIP3364_0005.gpuspec.0002.h5
HIP33662	https://bldata.berkeley.edu/pipeline/AGBT16B_999_110/holding/spliced_blc0001020304050607_guppi_57756_21974_HIP33662_0016.gpuspec.0002.h5
HIP33678	https://bldata.berkeley.edu/pipeline/AGBT17A_999_66/holding/spliced_blc3031323334353637_guppi_57887_01816_HIP33678_0035.gpuspec.0002.h5
HIP33709	https://bldata.berkeley.edu/pipeline/AGBT17A_999_66/holding/spliced_blc3031323334353637_guppi_57887_02498_HIP33709_0037.gpuspec.0002.h5
HIP33765	https://bldata.berkeley.edu/pipeline/AGBT16B_999_110/holding/spliced_blc0001020304050607_guppi_57756_22703_HIP33765_0018.gpuspec.0002.h5
HIP33767	https://bldata.berkeley.edu/pipeline/AGBT17A_999_66/holding/spliced_blc3031323334353637_guppi_57887_03179_HIP33767_0039.gpuspec.0002.h5
HIP33793	https://bldata.berkeley.edu/pipeline/AGBT16B_999_110/holding/spliced_blc0001020304050607_guppi_57756_23417_HIP33793_0020.gpuspec.0002.h5
HIP3383	https://bldata.berkeley.edu/pipeline/AGBT17A_999_38/holding/spliced_blc0001020304050607_guppi_57847_72118_HIP3383_0032.gpuspec.0002.h5
HIP33915	https://bldata.berkeley.edu/pipeline/AGBT17A_999_66/holding/spliced_blc3031323334353637_guppi_57887_04537_HIP33915_0043.gpuspec.0002.h5
HIP33938	https://bldata.berkeley.edu/pipeline/AGBT16A_999_223/holding/spliced_blc0001020304050607_guppi_57556_67242_HIP33938_0003.gpuspec.0002.h5
HIP34024	https://bldata.berkeley.edu/pipeline/AGBT16A_999_223/holding/spliced_blc0001020304050607_guppi_57556_63860_HIP34024_0012.gpuspec.0002.h5
HIP3403	https://bldata.berkeley.edu/pipeline/AGBT17A_999_38/holding/spliced_blc0001020304050607_guppi_57847_66967_HIP3403_0020.gpuspec.0002.h5
HIP34030	https://bldata.berkeley.edu/pipeline/AGBT17A_999_66/holding/spliced_blc3031323334353637_guppi_57887_05205_HIP34030_0045.gpuspec.0002.h5
HIP34082	https://bldata.berkeley.edu/pipeline/AGBT16A_999_223/holding/spliced_blc0001020304050607_guppi_57556_64532_HIP34082_0014.gpuspec.0002.h5
HIP34094	https://bldata.berkeley.edu/pipeline/AGBT16B_999_110/holding/spliced_blc0001020304050607_guppi_57756_26280_HIP34094_0028.gpuspec.0002.h5
HIP34130	https://bldata.berkeley.edu/pipeline/AGBT16B_999_110/holding/spliced_blc0001020304050607_guppi_57756_26977_HIP34130_0030.gpuspec.0002.h5
HIP34145	https://bldata.berkeley.edu/pipeline/AGBT16B_999_110/holding/spliced_blc0001020304050607_guppi_57756_24837_HIP34145_0024.gpuspec.0002.h5
HIP34172	https://bldata.berkeley.edu/pipeline/AGBT16B_999_110/holding/spliced_blc0001020304050607_guppi_57756_27674_HIP34172_0032.gpuspec.0002.h5
HIP34203	https://bldata.berkeley.edu/pipeline/AGBT16B_999_110/holding/spliced_blc0001020304050607_guppi_57756_25548_HIP34203_0026.gpuspec.0002.h5
HIP34228	https://bldata.berkeley.edu/pipeline/AGBT16B_999_110/holding/spliced_blc0001020304050607_guppi_57756_28357_HIP34228_0034.gpuspec.0002.h5
HIP34273	https://bldata.berkeley.edu/pipeline/AGBT16A_999_178/holding/spliced_blc0001020304050607_guppi_57514_83114_HIP34273_0004.gpuspec.0002.h5
