hip,name,ra_deg,dec_deg,dist_pc,spec_type,gal_lat,exoplanet,bl_paper,object_type
,BD+18_487,51.98043703911,18.88233488986,,,,,,HighPM*
,GJ1005_R,3.86712874,-16.1337862,,,,,,**
,GJ1061_R,53.998746505525,-44.5127030084914,,,,,,HighPM*
,GJ191_R,77.9191243314571,-45.0184338152433,,,,,,HighPM*
,GJ1_R,1.3517851465738,-37.357363314307,,,,,,HighPM*
,GJ65_R,24.7560539,-17.9505681,,,,,,**
,GJ674_R,262.1664399089879,-46.8951911377428,,,,,,Low-Mass*
,GJ682_R,264.2652727361141,-44.3192129147144,,,,,,HighPM*
,GJ729_R,282.4556824008354,-23.8362353820417,,,,,,HighPM*
,GJ825_R,319.3136211170721,-38.8673622051614,,,,,,HighPM*
,GJ832_R,323.3915629966566,-49.0089998408411,,,,,,HighPM*
,GJ845A_R,330.8402234423433,-56.785978554365,,,,,,HighPM*
,GJ866_R,339.6399,-15.2999325,,,,,,Eruptive*
,GJ887_R,346.4668157737879,-35.8530708847331,,,,,,HighPM*
,GJ_757,291.1426468428492,-22.0621756145672,,,,,,HighPM*
,HD_109376,188.55529927339,-3.72116102193,,,,,,HighPM*
,HD_115153,198.87819979348,-8.05513847339,,,,,,SB*
,HD_117004,201.8735784273299,-9.19270566534,,,,,,HighPM*
,HD_152956,254.37597943492,-22.6436503973,,,,,,Star
,HD_20477,49.58326451606,18.17162299796,,,,,,**
,HD_224448,359.5189049988899,-0.12819304166,,,,,,Star
,HD_284145,61.23552557983,20.85647858349,,,,,,HighPM*
,HD_53532,106.57000856493,22.68348676258,,,,,,HighPM*
,HD_81563,141.70585205762,14.92798398003,,,,,,HighPM*
100013,HIP100013,304.35490518931,39.59354069144,,,,,,Be*
100014,HIP100014,304.3616867211,-15.82776050553,,,,,,**
100019,HIP100019,304.38147119686,44.89500353892,,,,,,HighPM*
100020,HIP100020,304.39597858607,28.11163476983,,,,,,Star
100021,HIP100021,304.39864966189,28.51754541086,,,,,,Star
100034,HIP100034,304.43260751218,19.24791328875,,,,,,Star
100037,HIP100037,304.4352281685099,40.50686973048,,,,,,**
100040,HIP100040,304.43926074052,46.43611110907,,,,,,HighPM*
100055,HIP100055,304.48764260655,56.21633539552,,,,,,HighPM*
100058,HIP100058,304.499624886388,33.191408783978,,,,,,**
100066,HIP100066,304.52016975827,27.50543299159,,,,,,**
100072,HIP100072,304.5416905948,-4.72866484804,,,,,,Star
100077,HIP100077,304.55414898896,40.12181404639,,,,,,Star
100079,HIP100079,304.55593921,29.20416411,,,,,,**
100081,HIP100081,304.55795403076,58.80923506932,,,,,,Star
100084,HIP100084,304.5600491836479,18.3282178092597,,,,,,Star
100085,HIP100085,304.56521040571,39.88492225182,,,,,,Star
10010,HIP10010,32.23041529384,-16.00956581286,,,,,,Star
100104,HIP100104,304.6148456838199,36.25434130508,,,,,,Star
100108,HIP100108,304.6193967396799,36.99980421386,,,,,,Star
100115,HIP100115,304.64132960094,16.46680301371,,,,,,Star
100138,HIP100138,304.7001045914199,-9.88560367762,,,,,,Star
10014,HIP10014,32.23619566771,7.0076159885,,,,,,Star
100159,HIP100159,304.7529216701399,2.23341419929,,,,,,Star
100162,HIP100162,304.7565607402399,51.97703884601,,,,,,Star
100168,HIP100168,304.77063203788,-10.8000211215,,,,,,Star
100184,HIP100184,304.82438204499,-47.58029035331,,,,,,HighPM*
100188,HIP100188,304.8311809316599,-3.75416629699,,,,,,Star
10019,HIP10019,32.25617880185,22.39922110702,,,,,,EmLine*
10022,HIP10022,32.2588220682746,35.6747344409276,,,,,,**
100223,HIP100223,304.9039010378796,-46.4281150851303,,,,,,HighPM*
100239,HIP100239,304.95133985717,37.13251423047,,,,,,Star
100241,HIP100241,304.9569902881783,45.363803130145,,,,,,**
100244,HIP100244,304.9668105357999,-15.01791907792,,,,,,HighPM*
100255,HIP100255,304.99441126959,51.57908755473,,,,,,Star
10026,HIP10026,32.26358084281,-16.64848349939,,,,,,Star
100268,HIP100268,305.06341522,39.40322136,,,,,,**
100271,HIP100271,305.07964973165,52.23058666077,,,,,,HighPM*
100272,HIP100272,305.07975820916,-10.37523094484,,,,,,Star
100309,HIP100309,305.16364472852,16.01551349349,,,,,,HighPM*
100314,HIP100314,305.17633534368,66.69372930586,,,,,,BlueSG
100325,HIP100325,305.19394955629,-14.78488992343,,,,,,SB*
100329,HIP100329,305.20349786913,16.90967409287,,,,,,Star
10033,HIP10033,32.28804541158,-2.33196181563,,,,,,HighPM*
100363,HIP100363,305.31345926623,28.10683484402,,,,,,HighPM*
10037,HIP10037,32.2954215651996,-16.3395914749797,,,,,,HighPM*
100371,HIP100371,305.3329041617,30.20470716347,,,,,,Star
1004,HIP1004,3.13735243994,24.63636941758,,,,,,Star
100402,HIP100402,305.40798488255,28.38017893842,,,,,,SB*
100407,HIP100407,305.41571245773,-4.80557544122,,,,,,Star
100440,HIP100440,305.53779713183,44.19114485329,,,,,,Star
100442,HIP100442,305.5415153851,70.14623871597,,,,,,Star
100448,HIP100448,305.553327382,-15.62568598026,,,,,,Star
100452,HIP100452,305.55716772171,69.51251388199,,,,,,Star
10047,HIP10047,32.34275176481,5.98620289093,,,,,,HighPM*
100475,HIP100475,305.63423325204,34.99072469233,,,,,,Star
1005,HIP1005,3.1381480479,-11.6929811878,,,,,,**
100514,HIP100514,305.72611138656,18.3400828598,,,,,,Star
100527,HIP100527,305.75699039352,61.58029497213,,,,,,Star
10053,HIP10053,32.3555207688508,25.9398378657198,,,,,,HighPM*
100540,HIP100540,305.7935062038054,35.6930696468792,,,,,,EmLine*
100545,HIP100545,305.8081677275,59.7776224308,,,,,,**
10056,HIP10056,32.35898597796,5.67750736889,,,,,,HighPM*
100565,HIP100565,305.88388765256,62.27137153196,,,,,,HighPM*
10064,HIP10064,32.38594634,34.98729706,,,,,,SB*
100670,HIP100670,306.17374326709,79.09417389834,,,,,,HighPM*
100701,HIP100701,306.2395772739799,59.16512343267,,,,,,Star
100714,HIP100714,306.27086907913,59.60009888815,,,,,,**
10072,HIP10072,32.4005567849212,-14.3590668980383,,,,,,HighPM*
100733,HIP100733,306.35276285997,7.87499156152,,,,,,Star
100734,HIP100734,306.3559468513399,6.64180602572,,,,,,Star
100749,HIP100749,306.40106814072,43.67783126079,,,,,,Star
100753,HIP100753,306.41504801223,43.96754631884,,,,,,Star
100759,HIP100759,306.4283933791904,60.1776092640819,,,,,,Star
10077,HIP10077,32.40564877131,37.11640823042,,,,,,EclBin
100777,HIP100777,306.50393829433,35.81122416457,,,,,,**
100786,HIP100786,306.51917587271,4.18816585278,,,,,,Star
10079,HIP10079,32.40981241932,42.85806565998,,,,,,HighPM*
100816,HIP100816,306.61932163698,63.44509030155,,,,,,Star
10082,HIP10082,32.41127027742,44.6717211149,,,,,,HighPM*
100852,HIP100852,306.72062293,-37.40290583,,,,,,**
100865,HIP100865,306.7779299204299,44.07918985884,,,,,,Star
100923,HIP100923,306.9235718378704,-27.7477060496486,,,,,,HighPM*
100925,HIP100925,306.9343460632237,-30.8678455621019,,,,,,HighPM*
100933,HIP100933,306.96581823833,65.75577547423,,,,,,Star
100944,HIP100944,307.00096037403,59.73451358411,,,,,,Star
100962,HIP100962,307.04774146737,2.10256085912,,,,,,Star
100963,HIP100963,307.04923105164,22.12899201367,,,,,,HighPM*
10098,HIP10098,32.46210818467,26.48452172356,,,,,,Star
100984,HIP100984,307.1164359575345,62.0145388127628,,,,,,SB*
10099,HIP10099,32.4639796916,3.7693472396,,,,,,SB*
10103,HIP10103,32.48834841856,14.85462109801,,,,,,Star
101046,HIP101046,307.26059736,7.15810477,,,,,,**
101065,HIP101065,307.32872731863,60.42163340991,,,,,,Star
101075,HIP101075,307.34801968553,60.96774494785,,,,,,Star
101114,HIP101114,307.43691326147,2.99622570428,,,,,,Star
101188,HIP101188,307.64991734861,18.54978595614,,,,,,Star
1012,HIP1012,3.15316599841,-13.61015452875,,,,,,Star
101218,HIP101218,307.7582819462099,59.87597437102,,,,,,SB*
101232,HIP101232,307.79701513615,21.24408374916,,,,,,Star
101251,HIP101251,307.8558264827599,22.0560185914,,,,,,Star
101273,HIP101273,307.9189821958116,62.4622522994858,,,,,,**
101294,HIP101294,307.9709620386,60.06332083582,,,,,,Star
101307,HIP101307,308.01861713613,60.42231786102,,,,,,HighPM*
101346,HIP101346,308.09996543494,6.51757101878,,,,,,HighPM*
101348,HIP101348,308.1032065877599,58.81323267604,,,,,,Star
101369,HIP101369,308.1792728382366,19.5265116016808,,,,,,HighPM*
10138,HIP10138,32.6079923751263,-50.8237403281133,,,,,,HighPM*
101401,HIP101401,308.25638656025,67.30946987878,,,,,,Star
101414,HIP101414,308.28072578347,6.83029235503,,,,,,HighPM*
101418,HIP101418,308.28835951672,22.14929143503,,,,,,SB*
10142,HIP10142,32.61700640584,-0.65049432966,,,,,,Star
101420,HIP101420,308.2957590236283,64.6917008100186,,,,,,Star
101426,HIP101426,308.31295036321,35.98939783525,,,,,,SB*
101491,HIP101491,308.5068354335799,36.48943686213,,,,,,Star
101501,HIP101501,308.53486602934,22.8963020749,,,,,,Star
101526,HIP101526,308.63254776907,6.8780855231,,,,,,Star
101569,HIP101569,308.77584753268,33.55237314621,,,,,,alf2CVnV*
101589,HIP101589,308.8272341883328,14.6742149850131,,,,,,Star
101593,HIP101593,308.84240737353,64.97213407308,,,,,,HighPM*
101614,HIP101614,308.91077613705,36.47491223376,,,,,,HighPM*
10162,HIP10162,32.66792122789,51.05441194929,,,,,,Star
101642,HIP101642,309.04843773019,34.22450662686,,,,,,Star
101659,HIP101659,309.10037770442,62.01445411571,,,,,,Star
101663,HIP101663,309.1058889867799,34.14119911244,,,,,,Star
10167,HIP10167,32.68988153697,-12.92664634587,,,,,,Star
101670,HIP101670,309.12045849902,63.40562760352,,,,,,HighPM*
101681,HIP101681,309.15405553321,62.43197671959,,,,,,Star
101682,HIP101682,309.15481123463,30.78988157439,,,,,,Star
10169,HIP10169,32.69418155072,30.07826481901,,,,,,**
101694,HIP101694,309.1880796816,14.7159535876,,,,,,HighPM*
101700,HIP101700,309.20590364056,14.72846522726,,,,,,Star
101701,HIP101701,309.206888703,68.55802008038,,,,,,Star
101709,HIP101709,309.24472061903,32.35129512328,,,,,,SB*
101715,HIP101715,309.26698903006,67.50429085497,,,,,,Star
10172,HIP10172,32.70674486985,-7.68483648191,,,,,,HighPM*
101720,HIP101720,309.28314832648,36.58397357066,,,,,,Star
101762,HIP101762,309.36808720548,32.0550711644,,,,,,Star
101782,HIP101782,309.42321032406,19.07030011246,,,,,,Star
10181,HIP10181,32.72680036245,23.79916041339,,,,,,**
101811,HIP101811,309.48274391348,-11.03311306202,,,,,,Star
101825,HIP101825,309.52473017336,46.88581325461,,,,,,Star
10184,HIP10184,32.73318713139,5.08494074074,,,,,,Star
10185,HIP10185,32.735243679,-15.31475554739,,,,,,Star
101864,HIP101864,309.62495367684,18.86979337948,,,,,,HighPM*
10188,HIP10188,32.74472577328,-1.91464508589,,,,,,Star
101893,HIP101893,309.73071869386,26.70035401196,,,,,,Star
101900,HIP101900,309.75075545088,56.00484842843,,,,,,Star
101903,HIP101903,309.75790068546,56.18876330035,,,,,,Star
101915,HIP101915,309.78049223709,19.56009405378,,,,,,Star
101934,HIP101934,309.8463642069499,45.66692791781,,,,,,Star
101938,HIP101938,309.86103773369,65.14566965259,,,,,,Star
101944,HIP101944,309.88036932707,26.69763277225,,,,,,Star
101956,HIP101956,309.90573622977,-10.57167000128,,,,,,HighPM*
101963,HIP101963,309.9373517492737,47.3452723648831,,,,,,Star
10199,HIP10199,32.78598651725,30.11573212955,,,,,,Star
101997,HIP101997,310.0489796404713,-23.7738662832758,,,,,,HighPM*
101999,HIP101999,310.05229275838,-15.37542748505,,,,,,HighPM*
102001,HIP102001,310.05497909235,54.26764475498,,,,,,Star
10201,HIP10201,32.78885146682,23.21677588325,,,,,,HighPM*
102011,HIP102011,310.0745515760099,60.50526498408,,,,,,HighPM*
102029,HIP102029,310.1471658510399,15.64322966547,,,,,,**
102034,HIP102034,310.15177896113,31.35795924587,,,,,,Star
102038,HIP102038,310.17699484022,14.52690357096,,,,,,Star
10207,HIP10207,32.82868501656,15.96683328705,,,,,,Star
10208,HIP10208,32.82879173336,-5.64241252263,,,,,,Star
102089,HIP102089,310.34014932872,31.87000178388,,,,,,Star
102111,HIP102111,310.39441885846,59.98663338229,,,,,,Star
102114,HIP102114,310.40690337882,13.80880375558,,,,,,Star
102126,HIP102126,310.43246540672,32.77402625536,,,,,,Star
102130,HIP102130,310.44025086823,-10.94548452596,,,,,,SB*
102141,HIP102141,310.46316354,-32.43523009,,,,,,**
10218,HIP10218,32.84644921955,21.37734478764,,,,,,BYDraV*
102186,HIP102186,310.5782622595245,-52.6992645442228,,,,,,HighPM*
102193,HIP102193,310.58849138591,63.35102837428,,,,,,SB*
10221,HIP10221,32.85640237463,26.10449835006,,,,,,HighPM*
102216,HIP102216,310.66535850798,60.60131766816,,,,,,Star
10222,HIP10222,32.85985095864,37.35219578286,,,,,,PulsV*
102264,HIP102264,310.8166647696537,-29.4239050144144,,,,,,SB*
102273,HIP102273,310.8388013029,15.19582232508,,,,,,HighPM*
102281,HIP102281,310.8647231393717,15.0745786848461,,,,,,delSctV*
102289,HIP102289,310.89194669067,-15.1873181007,,,,,,Star
102309,HIP102309,310.94863373614,23.79111157488,,,,,,Star
102351,HIP102351,311.06815408119,-9.04965535419,,,,,,Star
102362,HIP102362,311.10622228437,-8.42769112653,,,,,,Star
1024,HIP1024,3.19092917682,31.30966547698,,,,,,Star
102409,HIP102409,311.2897187392163,-31.3408994138447,,,,,,BYDraV*
10242,HIP10242,32.93090214437,3.45271198522,,,,,,Star
102420,HIP102420,311.31416244887,25.17514704485,,,,,,HighPM*
102429,HIP102429,311.3367781294,68.8724062381,,,,,,Star
102436,HIP102436,311.35057875894,-7.73453783265,,,,,,Star
102466,HIP102466,311.4568125690499,68.55223203529,,,,,,HighPM*
10249,HIP10249,32.95456419573,-12.90677740037,,,,,,Star
102490,HIP102490,311.55544448,15.90730814,,,,,,**
10252,HIP10252,32.97246875378,-4.36428558332,,,,,,HighPM*
102537,HIP102537,311.68566548317,24.46253048306,,,,,,Star
102544,HIP102544,311.70530310344,63.98581690925,,,,,,HighPM*
102569,HIP102569,311.78868847684,-12.39097676479,,,,,,**
10257,HIP10257,32.98081981108,49.59653909169,,,,,,Star
1026,HIP1026,3.20017766849,46.09540393863,,,,,,HighPM*
102602,HIP102602,311.8933283413704,-14.4260189164672,,,,,,HighPM*
102664,HIP102664,312.0632893379,-12.45430132406,,,,,,Star
102665,HIP102665,312.0638227646199,14.74144045992,,,,,,Star
102671,HIP102671,312.0769149518,-13.48866346391,,,,,,Star
102679,HIP102679,312.10039859708,-3.66332763571,,,,,,HighPM*
102713,HIP102713,312.17838307142,19.8595541968,,,,,,Star
102716,HIP102716,312.19934982427,48.23322758142,,,,,,Star
10272,HIP10272,33.06420845,23.95820282,,,,,,**
102735,HIP102735,312.26205945944,19.81521599508,,,,,,Star
10276,HIP10276,33.07511584158,21.98267435215,,,,,,HighPM*
102793,HIP102793,312.3725931726804,-8.6525021393872,,,,,,HighPM*
10282,HIP10282,33.09750974559,50.25280246703,,,,,,Star
102836,HIP102836,312.50453410867,20.88008373282,,,,,,PulsV*
10285,HIP10285,33.12220661428,79.69329752827,,,,,,SB*
102857,HIP102857,312.57320748921,17.21222976645,,,,,,Star
10288,HIP10288,33.12487640162,10.32881082934,,,,,,Star
102890,HIP102890,312.6732054855,-9.47985636693,,,,,,Star
102894,HIP102894,312.67584412445,-4.79089889272,,,,,,Star
102933,HIP102933,312.81572582885,72.94803450315,,,,,,SB*
102935,HIP102935,312.8293547765699,-13.92442279095,,,,,,EclBin
102936,HIP102936,312.83195353875,-4.28657418408,,,,,,Star
102938,HIP102938,312.83634232772,16.91242499112,,,,,,Star
102969,HIP102969,312.93112167245,73.08033095339,,,,,,Star
102974,HIP102974,312.9451711818,9.66599253369,,,,,,Star
103077,HIP103077,313.27332539011,-11.57365407053,,,,,,**
103084,HIP103084,313.30562521275,40.32836589778,,,,,,Star
103086,HIP103086,313.30787061948,42.36307897154,,,,,,SB*
10309,HIP10309,33.2079513062,79.6915377592,,,,,,Star
10310,HIP10310,33.2103647615,11.85721416575,,,,,,HighPM*
103104,HIP103104,313.3563547622299,48.26749115094,,,,,,Star
103125,HIP103125,313.41612906556,-11.65467216191,,,,,,Star
103126,HIP103126,313.41617701033,41.04956877173,,,,,,alf2CVnV*
103146,HIP103146,313.47701712353,58.89542269605,,,,,,Star
103150,HIP103150,313.4874121615466,-2.7659213411514,,,,,,HighPM*
103159,HIP103159,313.5059799331,48.43753675167,,,,,,Star
103163,HIP103163,313.5185209034499,40.90123535466,,,,,,SB*
103164,HIP103164,313.52018327898,-4.54217037851,,,,,,SB*
103196,HIP103196,313.60843242975,48.92981400663,,,,,,Star
1031,HIP1031,3.20937200829,-57.91260959261,,,,,,HighPM*
103237,HIP103237,313.72565215479,-1.3757599856,,,,,,Star
103240,HIP103240,313.73343675174,-15.2831278527,,,,,,Star
103261,HIP103261,313.78446798423,-1.37302846513,,,,,,delSctV*
103266,HIP103266,313.81383012763,-1.97299876256,,,,,,Star
103271,HIP103271,313.82337728879,9.72116056373,,,,,,HighPM*
103283,HIP103283,313.8710532372,-14.6156026791,,,,,,Star
10330,HIP10330,33.27125421555,16.08548541534,,,,,,Star
103311,HIP103311,313.94864512184,-17.11418381438,,,,,,HighPM*
103347,HIP103347,314.07606271874,-3.56169145138,,,,,,Variable*
103349,HIP103349,314.07904049032,-12.1699239308242,,,,,,HighPM*
103365,HIP103365,314.12002393482,9.00644227182,,,,,,Star
103381,HIP103381,314.1822480775961,12.9927021728817,,,,,,Star
103386,HIP103386,314.19087835576,-15.85129073078,,,,,,Star
103458,HIP103458,314.4169530090684,-44.1293702783311,,,,,,HighPM*
103489,HIP103489,314.51053285447,12.54139782723,,,,,,Star
103543,HIP103543,314.67272350532,72.33000663494,,,,,,Star
10359,HIP10359,33.37814312848,-7.39395534587,,,,,,HighPM*
10360,HIP10360,33.38818060093,-9.75282330468,,,,,,SB*
103601,HIP103601,314.86544074304,-16.87959982122,,,,,,SB*
10365,HIP10365,33.39619929787,-8.81633938581,,,,,,SB*
103730,HIP103730,315.28923940906,11.95345131762,,,,,,Star
103749,HIP103749,315.3587499729,40.61799754124,,,,,,**
103778,HIP103778,315.44039241344,11.55786232138,,,,,,Star
103782,HIP103782,315.45860903,39.26061157,,,,,,**
103793,HIP103793,315.47950627041,40.31112813109,,,,,,SB*
103798,HIP103798,315.49325501084,13.32444985968,,,,,,Star
1038,HIP1038,3.25030219349,12.33095406251,,,,,,HighPM*
103858,HIP103858,315.66788648059,11.65709092491,,,,,,Star
103869,HIP103869,315.69779530707,11.28011312682,,,,,,Star
103878,HIP103878,315.73337202051,12.9521611463,,,,,,Star
103910,HIP103910,315.8081098511338,-56.9634282490894,,,,,,HighPM*
10395,HIP10395,33.4734393027179,-32.0412421233464,,,,,,HighPM*
103987,HIP103987,316.0308043417237,2.9944805061156,,,,,,SB*
104020,HIP104020,316.11183496041,65.0207360683,,,,,,Star
104138,HIP104138,316.48637408426,1.86432095236,,,,,,HighPM*
10419,HIP10419,33.56523599506,6.00973346857,,,,,,HighPM*
104208,HIP104208,316.68795961773,43.78180756041,,,,,,Star
104297,HIP104297,316.93622634401,-17.45590131773,,,,,,HighPM*
104315,HIP104315,316.97693248292,1.51488616521,,,,,,Star
104344,HIP104344,317.071520205,43.7477052037,,,,,,HighPM*
104354,HIP104354,317.11059484929,41.58617876997,,,,,,Star
10444,HIP10444,33.64779792439,-12.91282733567,,,,,,Star
104440,HIP104440,317.3436066586767,-73.172816818077,,,,,,SB*
104502,HIP104502,317.53125119687,65.68627742254,,,,,,Star
104524,HIP104524,317.59363214596,-16.95859209513,,,,,,SB*
10453,HIP10453,33.6756494277146,30.3947872107247,,,,,,Star
104644,HIP104644,317.9565340370491,-43.6136527459878,,,,,,HighPM*
104654,HIP104654,317.98880367356,-11.51207482287,,,,,,Star
104715,HIP104715,318.18472663143,49.32961699017,,,,,,SB*
104743,HIP104743,318.3070978583,-4.26672911444,,,,,,SB*
104782,HIP104782,318.4052329390499,22.62615678369,,,,,,Star
104785,HIP104785,318.41445517093,-9.62825550215,,,,,,SB*
104788,HIP104788,318.42701096,64.40395283,,,,,,**
104789,HIP104789,318.43223087435,48.06145599702,,,,,,Star
104808,HIP104808,318.50646666817,-11.18165210605,,,,,,Star
104823,HIP104823,318.54437346108,50.08159878534,,,,,,Star
104874,HIP104874,318.6597115935699,21.24901932588,,,,,,Star
104878,HIP104878,318.6712979383,-0.8319477019,,,,,,**
104893,HIP104893,318.71042828425,-2.03474202774,,,,,,Star
104946,HIP104946,318.87679414961,-5.46475091828,,,,,,HighPM*
104990,HIP104990,318.96672474734,19.71424508967,,,,,,Variable*
104992,HIP104992,318.96753705652,21.29689714766,,,,,,HighPM*
10500,HIP10500,33.8414817579662,7.4941857311647,,,,,,HighPM*
105066,HIP105066,319.25888462475,-1.07742780045,,,,,,BYDraV*
105128,HIP105128,319.4281654175,20.50535507247,,,,,,Star
105164,HIP105164,319.54613624695,-4.51947989547,,,,,,Star
105183,HIP105183,319.61289442505,-3.68019749081,,,,,,HighPM*
105184,HIP105184,319.6136234362499,-43.33465085068,,,,,,HighPM*
105232,HIP105232,319.74258154051,26.23054470251,,,,,,BYDraV*
105238,HIP105238,319.75076050319,26.09004987839,,,,,,SB*
105261,HIP105261,319.8260500768262,-0.555307505835,,,,,,HighPM*
105301,HIP105301,319.9201887123,-5.48708828117,,,,,,Star
105312,HIP105312,319.9401113642257,-26.3528887014197,,,,,,SB*
105319,HIP105319,319.96662273615,-53.44942607516,,,,,,**
105355,HIP105355,320.09378273497,19.2208898371,,,,,,Star
105359,HIP105359,320.10757473572,-2.0620162912,,,,,,HighPM*
105361,HIP105361,320.11219404365,47.87600128487,,,,,,Star
105409,HIP105409,320.26114373877,0.67440135975,,,,,,HighPM*
105478,HIP105478,320.45966831562,1.36162142992,,,,,,Star
105482,HIP105482,320.46788953096,24.67239496354,,,,,,Star
105483,HIP105483,320.47366660824,-4.1742982891,,,,,,HighPM*
105484,HIP105484,320.47787910227,25.81531120448,,,,,,Star
105504,HIP105504,320.5324139813399,-10.5133029608,,,,,,Star
105510,HIP105510,320.54932966773,25.00674473333,,,,,,HighPM*
10552,HIP10552,33.97251973,6.62633221,,,,,,**
105555,HIP105555,320.67420187918,47.61621232511,,,,,,Star
105584,HIP105584,320.7845916950899,48.51891005686,,,,,,SB*
105589,HIP105589,320.79771373554,-10.58824798935,,,,,,HighPM*
105594,HIP105594,320.82254212354,64.99956770337,,,,,,Star
10560,HIP10560,33.98563291884,79.17916765184,,,,,,Star
105610,HIP105610,320.85525605104,65.03405071608,,,,,,Star
105625,HIP105625,320.8988570582433,64.927238631232,,,,,,Star
105675,HIP105675,321.06303930742,-58.69230432768,,,,,,HighPM*
105688,HIP105688,321.09448731335,30.93662872259,,,,,,SB*
105700,HIP105700,321.12826782,30.25484503,,,,,,**
105712,HIP105712,321.1688420658537,-68.227924401427,,,,,,SB*
105715,HIP105715,321.1728478764691,-4.340991436733,,,,,,**
105729,HIP105729,321.21531341145,-3.39835620009,,,,,,HighPM*
105761,HIP105761,321.3042624136999,-9.74855717873,,,,,,HighPM*
105858,HIP105858,321.6108540943637,-65.3661980715336,,,,,,HighPM*
105905,HIP105905,321.7435542941621,-56.1252628407756,,,,,,HighPM*
105911,HIP105911,321.7554979543979,-44.8086036323539,,,,,,SB*
10595,HIP10595,34.10675104788,70.49274058765,,,,,,Star
105994,HIP105994,322.00868231283,-5.61983139563,,,,,,Star
106097,HIP106097,322.3778467705,21.47491391298,,,,,,HighPM*
106107,HIP106107,322.40186041609,30.7287818604,,,,,,Star
106163,HIP106163,322.56331059145,-4.50194048438,,,,,,Star
106184,HIP106184,322.60767201223,44.87499082078,,,,,,SB*
106223,HIP106223,322.73768869786,16.57099186609,,,,,,gammaDorV*
10626,HIP10626,34.19741130783,43.77299617856,,,,,,HighPM*
106296,HIP106296,322.93514155292,22.23568573837,,,,,,HighPM*
106355,HIP106355,323.11255903482,23.39458490835,,,,,,Star
106396,HIP106396,323.24482661955,44.97816315389,,,,,,Star
106435,HIP106435,323.36941818744,42.97185334296,,,,,,Star
10646,HIP10646,34.26331164565,-14.21429002606,,,,,,Star
106464,HIP106464,323.4429819628,-5.41861796129,,,,,,SB*
106488,HIP106488,323.5318334971699,-4.36816313942,,,,,,Star
106559,HIP106559,323.71271763191,-20.08426080606,,,,,,HighPM*
106678,HIP106678,324.10816406255,18.63483434691,,,,,,HighPM*
106684,HIP106684,324.13452306608,20.52828201849,,,,,,Star
106696,HIP106696,324.1718480626437,-50.8453856135525,,,,,,HighPM*
106698,HIP106698,324.18053880864,-13.45935103393,,,,,,Star
106787,HIP106787,324.4392923822,19.31860917015,,,,,,HighPM*
10681,HIP10681,34.35697690628,65.26209689519,,,,,,Star
106831,HIP106831,324.5641869343,-13.53344185601,,,,,,Star
106915,HIP106915,324.79303255616,31.69321735334,,,,,,HighPM*
106934,HIP106934,324.85428112898,31.5332747194,,,,,,Star
106940,HIP106940,324.8760789592,30.1561751781,,,,,,**
106953,HIP106953,324.91774661849,17.96922870163,,,,,,Star
106970,HIP106970,324.97487535869,44.43214070069,,,,,,Star
106988,HIP106988,325.02540558748,-11.32830434516,,,,,,PulsV*
107013,HIP107013,325.10209381024,34.2101841404,,,,,,Star
107022,HIP107022,325.12405828372,-74.07428101361,,,,,,HighPM*
10706,HIP10706,34.45225895185,-16.86185345306,,,,,,Star
107071,HIP107071,325.28049609502,-10.78078405671,,,,,,Star
107089,HIP107089,325.3689251479717,-77.39000876162,,,,,,SB*
107127,HIP107127,325.5018965203999,-12.2496075194,,,,,,Star
107143,HIP107143,325.5423098499587,-41.1250460067128,,,,,,SB*
107156,HIP107156,325.58433839911,43.56758257066,,,,,,Star
107175,HIP107175,325.63798141502,17.84230943385,,,,,,HighPM*
10720,HIP10720,34.5008435059,-16.80145622999,,,,,,Star
107298,HIP107298,325.9959946612599,34.89985913906,,,,,,SB*
107394,HIP107394,326.28798837425,22.89638855908,,,,,,Star
10743,HIP10743,34.5606704612,65.5943586703,,,,,,Star
107468,HIP107468,326.5094414154354,45.1058262088794,,,,,,Star
107498,HIP107498,326.58944081945,22.94629089653,,,,,,Star
107512,HIP107512,326.61997594358,22.17446032426,,,,,,**
107649,HIP107649,327.0656298475778,-47.3036160814856,,,,,,HighPM*
107711,HIP107711,327.2993779604,-41.5590096381,,,,,,**
107727,HIP107727,327.34588813787,34.06489563537,,,,,,Star
107772,HIP107772,327.499107296992,-41.2450385722142,,,,,,HighPM*
107786,HIP107786,327.53430011846,19.4239963509,,,,,,SB*
107800,HIP107800,327.57689157339,65.88993442869,,,,,,Star
10781,HIP10781,34.69198535644,7.70569812338,,,,,,HighPM*
107855,HIP107855,327.77058185,66.83733669,,,,,,**
107863,HIP107863,327.7945552443999,3.10663750642,,,,,,Star
107870,HIP107870,327.83739332622,18.48569377801,,,,,,HighPM*
107887,HIP107887,327.89270257332,19.82668198511,,,,,,Star
10798,HIP10798,34.7437699234025,-25.9456871647855,,,,,,HighPM*
108060,HIP108060,328.40578603226,19.66846665262,,,,,,Star
108084,HIP108084,328.4778517733601,28.3419203414081,,,,,,SB*
108094,HIP108094,328.51510668091,18.07388296853,,,,,,Star
108097,HIP108097,328.5185539324099,28.87579987329,,,,,,SB*
108098,HIP108098,328.52093225628,18.39918901914,,,,,,HighPM*
108103,HIP108103,328.54726626803,4.97911492344,,,,,,HighPM*
10812,HIP10812,34.7919820679183,-36.7780993695003,,,,,,SB*
108162,HIP108162,328.7137553997,-77.33799854569,,,,,,HighPM*
108175,HIP108175,328.75123532834,27.64829395271,,,,,,Star
108342,HIP108342,329.25116484063,2.75909121859,,,,,,HighPM*
108380,HIP108380,329.3593088083866,8.1372017322261,,,,,,HighPM*
108388,HIP108388,329.37823990166,28.93705902122,,,,,,HighPM*
108389,HIP108389,329.3790490283,4.15770981927,,,,,,Star
108399,HIP108399,329.41088290826,28.77084215479,,,,,,Star
108401,HIP108401,329.41389676163,20.30236394709,,,,,,Star
108415,HIP108415,329.44807373489,19.87813899284,,,,,,Star
108423,HIP108423,329.4639553755399,27.21545668448,,,,,,HighPM*
108438,HIP108438,329.5045761744599,-5.20418622062,,,,,,HighPM*
108453,HIP108453,329.55545122829,-5.42492127133,,,,,,HighPM*
108457,HIP108457,329.56751088542,9.18110389259,,,,,,HighPM*
108459,HIP108459,329.57772631644,-2.75358388261,,,,,,Star
108460,HIP108460,329.58329439,-1.82965057,,,,,,**
10850,HIP10850,34.91480715948,-12.76151588278,,,,,,HighPM*
108544,HIP108544,329.82547947584,-5.47633669934,,,,,,Star
108550,HIP108550,329.84273364096,-1.38035901987,,,,,,Star
108569,HIP108569,329.8945955969925,-59.7528147231181,,,,,,HighPM*
108616,HIP108616,330.04938791695,19.91143274769,,,,,,Star
108644,HIP108644,330.15177327518,-2.74079684503,,,,,,EclBin
108647,HIP108647,330.1591624817463,-13.7458464301944,,,,,,**
108649,HIP108649,330.16204539488,-14.164355879,,,,,,HighPM*
108663,HIP108663,330.2122108669,7.85242162804,,,,,,Star
108669,HIP108669,330.2243766620737,9.9394921504511,,,,,,HighPM*
108692,HIP108692,330.27112306223,-13.02749326835,,,,,,HighPM*
108748,HIP108748,330.44288609275,-1.12842629299,,,,,,HighPM*
108749,HIP108749,330.44262962173,57.6637668946,,,,,,Star
108750,HIP108750,330.44453089289,39.20422667703,,,,,,Star
108766,HIP108766,330.50573053502,10.97380868503,,,,,,**
10878,HIP10878,34.99407073849,-18.01566542395,,,,,,Star
108794,HIP108794,330.59562642546,55.94615637415,,,,,,Star
108806,HIP108806,330.62810135257,11.37130533213,,,,,,HighPM*
108827,HIP108827,330.70161904792,-2.47898639615,,,,,,HighPM*
108830,HIP108830,330.70695458847,37.66769774492,,,,,,Star
108833,HIP108833,330.7114138150499,39.4273916066,,,,,,Star
108860,HIP108860,330.79580422459,59.6033044205,,,,,,HighPM*
10888,HIP10888,35.03155758531,65.08522673402,,,,,,SB*
108898,HIP108898,330.88066171508,-5.89018936581,,,,,,HighPM*
108938,HIP108938,331.05359649276,59.86716261518,,,,,,EclBin
108948,HIP108948,331.08355430835,58.78201456177,,,,,,SB*
108977,HIP108977,331.1611204026957,56.8167299630661,,,,,,Star
1090,HIP1090,3.40401379792,47.19326820877,,,,,,SB*
109051,HIP109051,331.37981266102,-13.77023214354,,,,,,Star
109063,HIP109063,331.41200948287,57.94412084438,,,,,,Star
109139,HIP109139,331.6092805850938,-13.8696805611325,,,,,,SB*
109191,HIP109191,331.79539124245,72.37284543945,,,,,,SB*
109197,HIP109197,331.80995350197,70.69417055697,,,,,,Star
10920,HIP10920,35.1594679468,7.17602534822,,,,,,HighPM*
109218,HIP109218,331.88065263156,9.67100794586,,,,,,Star
109220,HIP109220,331.89707623491,-14.49075864485,,,,,,HighPM*
109235,HIP109235,331.94164067612,69.55327854973,,,,,,Star
109275,HIP109275,332.07174604651,69.98231937137,,,,,,Star
109285,HIP109285,332.09588059226,-32.98846990784,,,,,,HighPM*
109301,HIP109301,332.1685604267899,0.06113625711,,,,,,Star
109341,HIP109341,332.2674565867183,9.4511806330836,,,,,,Star
109361,HIP109361,332.34372016251,35.12923009788,,,,,,**
109389,HIP109389,332.41719483245,73.39089642764,,,,,,YSO
109418,HIP109418,332.5272881468899,35.21387700002,,,,,,Star
109422,HIP109422,332.5365841445521,-32.5484084150861,,,,,,HighPM*
109434,HIP109434,332.56374977374,72.11126449549,,,,,,Star
109447,HIP109447,332.59259935834,25.34422687338,,,,,,Star
109501,HIP109501,332.73963166,24.48861301,,,,,,**
109589,HIP109589,332.99854724579,26.0336271059,,,,,,Star
109607,HIP109607,333.04954493108,-14.22522884848,,,,,,Star
10962,HIP10962,35.30524187712,-17.11235967495,,,,,,SB*
109624,HIP109624,333.10732676064,-14.19396562553,,,,,,**
109635,HIP109635,333.13791642232,66.94191841445,,,,,,Star
109645,HIP109645,333.1738120620499,35.02042008761,,,,,,EmLine*
109650,HIP109650,333.19189732446,1.18446936583,,,,,,**
109658,HIP109658,333.21773616247,11.39135364451,,,,,,Star
109675,HIP109675,333.25751346523,-15.75128555065,,,,,,HighPM*
109685,HIP109685,333.27817311395,-16.62183696311,,,,,,Star
10970,HIP10970,35.31721950158,-12.20418064578,,,,,,HighPM*
109748,HIP109748,333.46003888092,0.87642165091,,,,,,HighPM*
109776,HIP109776,333.53011734697,66.93227322541,,,,,,Star
109798,HIP109798,333.59030421427,65.78283454171,,,,,,Star
109820,HIP109820,333.6549763834099,-15.10171336802,,,,,,HighPM*
109821,HIP109821,333.6610536630095,-41.3816651376,,,,,,HighPM*
109846,HIP109846,333.70631418,21.94970404,,,,,,**
109858,HIP109858,333.75708821839,21.27835873729,,,,,,Star
109867,HIP109867,333.77086815487,59.11439462897,,,,,,Star
109889,HIP109889,333.85039939857,61.01402324933,,,,,,Star
109966,HIP109966,334.08230461372,20.57886889537,,,,,,Star
10998,HIP10998,35.42998910572,-16.96365543186,,,,,,HighPM*
110025,HIP110025,334.27722656642,54.20927943787,,,,,,SB*
110026,HIP110026,334.27922978287,54.50761899037,,,,,,Star
11005,HIP11005,35.44546068608,7.18139930078,,,,,,HighPM*
11006,HIP11006,35.44656203881,-11.92250638794,,,,,,HighPM*
110066,HIP110066,334.41427712384,-48.65049353007,,,,,,HighPM*
110075,HIP110075,334.45712410311,-4.25064846483,,,,,,ChemPec*
110078,HIP110078,334.4608143113899,-77.51155520419,,,,,,Star
110094,HIP110094,334.52724698994,61.13443701203,,,,,,HighPM*
110106,HIP110106,334.5549839701,-3.17218034097,,,,,,HighPM*
110109,HIP110109,334.5650558139046,-53.62707411291,,,,,,HighPM*
110186,HIP110186,334.78164799458,52.12031868027,,,,,,Be*
110205,HIP110205,334.85459113997,12.45979481422,,,,,,HighPM*
110240,HIP110240,334.95429173713,-4.06625377484,,,,,,Star
110250,HIP110250,334.9806681918499,12.45191628833,,,,,,Star
110273,HIP110273,335.04965239407,-7.82110194328,,,,,,SB*
110291,HIP110291,335.0993682103921,46.4182590945042,,,,,,SB*
110339,HIP110339,335.21442011011,46.06224526894,,,,,,HighPM*
110351,HIP110351,335.2564470870655,46.5365697796103,,,,,,SB*
110359,HIP110359,335.27852712436,-5.11688154841,,,,,,HighPM*
110386,HIP110386,335.3794796033,12.2051841153,,,,,,Be*
110443,HIP110443,335.56752568512,-54.5606123239,,,,,,HighPM*
110444,HIP110444,335.57073678963,11.08092088921,,,,,,Star
110506,HIP110506,335.78327926116,-45.928488349,,,,,,HighPM*
11056,HIP11056,35.57428543583,-13.50909658669,,,,,,Star
110642,HIP110642,336.19790204769,34.72371247977,,,,,,HighPM*
110657,HIP110657,336.26130682836,32.79120486295,,,,,,HighPM*
110663,HIP110663,336.26776775296,-13.99831369964,,,,,,HighPM*
110710,HIP110710,336.4569639868299,34.64751823162,,,,,,ChemPec*
110722,HIP110722,336.49687676912,41.94397203153,,,,,,Star
11074,HIP11074,35.63763408216,-0.50519393508,,,,,,Star
110741,HIP110741,336.535438441,-12.80050932314,,,,,,Star
110782,HIP110782,336.65081057339,6.55034708413,,,,,,Star
110850,HIP110850,336.86278302959,7.21617197447,,,,,,Star
110870,HIP110870,336.931082374935,6.95821647991,,,,,,HighPM*
110902,HIP110902,337.0348883386472,-11.8902735980287,,,,,,**
11094,HIP11094,35.71735728264,-12.6305741358,,,,,,HighPM*
110980,HIP110980,337.27442840911,1.66338089746,,,,,,HighPM*
110996,HIP110996,337.3134849667871,-30.0184065836308,,,,,,HighPM*
11101,HIP11101,35.72808781296,69.05517742111,,,,,,Star
111038,HIP111038,337.42786562477,40.92197542088,,,,,,PulsV*
11106,HIP11106,35.73604684837,8.54545838436,,,,,,Star
11107,HIP11107,35.73722591187,-13.7560689067,,,,,,HighPM*
111090,HIP111090,337.58746609188,2.04176217943,,,,,,HighPM*
111131,HIP111131,337.69690239887,6.5003100140889,,,,,,**
11114,HIP11114,35.75149511701,22.27493925027,,,,,,EmLine*
11124,HIP11124,35.78853173955,-10.67757776568,,,,,,HorBranch*
111241,HIP111241,338.06788514823,59.49319193736,,,,,,HighPM*
111258,HIP111258,338.10887374228,-8.281485352,,,,,,Star
111266,HIP111266,338.12754861651,59.02713556315,,,,,,**
111292,HIP111292,338.17936847914,46.27239873549,,,,,,Star
111328,HIP111328,338.33091743938,46.11533470703,,,,,,Star
111332,HIP111332,338.3396974591854,-9.0635551474511,,,,,,HighPM*
111340,HIP111340,338.3544765328,46.85747581887,,,,,,Star
11136,HIP11136,35.8227672,-7.81812398,,,,,,**
111373,HIP111373,338.44673519089,-4.46555755355,,,,,,Star
111384,HIP111384,338.49004950943,19.66323159099,,,,,,Star
11139,HIP11139,35.84260521283,-6.19274158667,,,,,,Star
111446,HIP111446,338.65876600564,-3.30648340456,,,,,,Star
111454,HIP111454,338.67563571644,-3.59949199963,,,,,,SB*
111469,HIP111469,338.75090230281,60.82640226386,,,,,,**
1115,HIP1115,3.48167089551,-17.54536899319,,,,,,Star
111569,HIP111569,339.03473135043,69.06120924344,,,,,,Star
111571,HIP111571,339.0403676175818,-0.8416005545544,,,,,,HighPM*
111573,HIP111573,339.0505271525399,21.70598039479,,,,,,HighPM*
111583,HIP111583,339.08073571464,-0.18643760959,,,,,,Star
111586,HIP111586,339.0901574030299,27.12177271512,,,,,,Star
111598,HIP111598,339.14092057575,-0.56473937349,,,,,,RSCVnV*
111612,HIP111612,339.1651445119099,59.59621369278,,,,,,HighPM*
111630,HIP111630,339.2153831882,21.74829770463,,,,,,HighPM*
111658,HIP111658,339.29276186947,17.28278968394,,,,,,Star
111670,HIP111670,339.3297858605309,69.20863176168,,,,,,**
111678,HIP111678,339.35913525289,25.84168201039,,,,,,Star
111696,HIP111696,339.3966550775509,27.4396793685781,,,,,,Star
111706,HIP111706,339.4289804440899,62.17707299843,,,,,,SB*
111734,HIP111734,339.50954251341,33.22624187396,,,,,,Star
111740,HIP111740,339.52276738326,60.62385024227,,,,,,Star
111747,HIP111747,339.54525242827,66.14406907621,,,,,,Star
111754,HIP111754,339.5797310413899,13.14656597011,,,,,,Star
111766,HIP111766,339.62398565,-65.37851834,,,,,,**
111787,HIP111787,339.63692153551,60.76945467897,,,,,,Star
111796,HIP111796,339.6589393587,33.54492201554,,,,,,Star
111803,HIP111803,339.6895318595799,25.57036798219,,,,,,HighPM*
111823,HIP111823,339.74136593624,17.10026584317,,,,,,HighPM*
111829,HIP111829,339.77244408108,58.927486723,,,,,,HighPM*
111837,HIP111837,339.80341782989,15.41997313449,,,,,,Star
111850,HIP111850,339.85227291761,65.94470254709,,,,,,Star
111868,HIP111868,339.8925820091399,51.15564064787,,,,,,HighPM*
111870,HIP111870,339.89427485,-12.61516925,,,,,,**
111871,HIP111871,339.89987317161,11.35351778405,,,,,,HighPM*
1119,HIP1119,3.50041986969,-10.95366855357,,,,,,HighPM*
111912,HIP111912,340.03378329703,34.10808176508,,,,,,Star
111924,HIP111924,340.07367646707,51.54779438367,,,,,,Star
111949,HIP111949,340.1505441766499,53.06098349032,,,,,,HighPM*
111960,HIP111960,340.1807669091696,-29.6744789471314,,,,,,HighPM*
111962,HIP111962,340.18822858276,78.02210429764,,,,,,Star
111977,HIP111977,340.2279748955163,66.5234320702439,,,,,,HighPM*
111978,HIP111978,340.2298771882521,-31.9900595038911,,,,,,HighPM*
111987,HIP111987,340.25020249314,25.21021003035,,,,,,HighPM*
112,HIP112,0.3576633351171,-16.9484423192997,,,,,,HighPM*
112008,HIP112008,340.32405839055,13.17531759565,,,,,,HighPM*
112034,HIP112034,340.38091826326,26.59637837392,,,,,,Star
112051,HIP112051,340.43918403521,29.30767528426,,,,,,Star
112053,HIP112053,340.44062598241,-12.88202259256,,,,,,HighPM*
11208,HIP11208,36.0726053739275,-1.9129850561131,,,,,,**
11211,HIP11211,36.08055779632,9.28262407823,,,,,,Star
112111,HIP112111,340.63431864632,-12.55970340459,,,,,,Star
112172,HIP112172,340.77045775004,83.2707035697,,,,,,Star
112219,HIP112219,340.91860620994,30.09251172349,,,,,,HighPM*
11225,HIP11225,36.11798610615,-13.29315564017,,,,,,Star
11227,HIP11227,36.12591643767,-1.74976053751,,,,,,HighPM*
112317,HIP112317,341.26087698,68.13288553,,,,,,**
112319,HIP112319,341.2515539821999,-0.73189840643,,,,,,HighPM*
112344,HIP112344,341.33366114219,-1.17863988835,,,,,,Star
112359,HIP112359,341.37135805135,24.31454399045,,,,,,SB*
11237,HIP11237,36.16569229232,22.43385696848,,,,,,HighPM*
112479,HIP112479,341.74988730611,-16.41050739572,,,,,,Star
112495,HIP112495,341.80409907456,23.98515180141,,,,,,Star
1125,HIP1125,3.51202572875,44.51209761254,,,,,,HighPM*
112504,HIP112504,341.83645889,-16.14636497,,,,,,**
112526,HIP112526,341.88504987488,-15.13263484577,,,,,,Star
112559,HIP112559,341.95907166,-4.22904601,,,,,,**
112623,HIP112623,342.13874192297,-51.31686481202,,,,,,SB*
112658,HIP112658,342.23388959147,4.29278069637,,,,,,SB*
112662,HIP112662,342.2432615611799,-3.33897862808,,,,,,HighPM*
112669,HIP112669,342.2534714122199,-3.3876161232,,,,,,HighPM*
112705,HIP112705,342.36047690466,-11.34923655789,,,,,,Star
112742,HIP112742,342.4839555659,-2.82179108526,,,,,,HighPM*
112762,HIP112762,342.54534194843,69.91962962934,,,,,,Star
11277,HIP11277,36.3059110437183,-9.6000176068686,,,,,,Star
112789,HIP112789,342.61475855852,68.45387002815,,,,,,Star
1128,HIP1128,3.5186600407567,-11.311584751365,,,,,,HighPM*
112807,HIP112807,342.67685467795,-0.57779222195,,,,,,Star
112821,HIP112821,342.7173041891399,18.00213978002,,,,,,SB*
112845,HIP112845,342.79080662111,-1.44728173293,,,,,,HighPM*
112880,HIP112880,342.88931446981,-1.81287187961,,,,,,Star
112926,HIP112926,343.04521557994,-10.958421598,,,,,,HighPM*
112946,HIP112946,343.1257215465299,67.99361138166,,,,,,HighPM*
112953,HIP112953,343.1424664076899,7.65718106253,,,,,,HighPM*
112974,HIP112974,343.19380778534,-10.05886797069,,,,,,HighPM*
113001,HIP113001,343.27499493252,7.47197264095,,,,,,HighPM*
113007,HIP113007,343.29234801196,23.95880856635,,,,,,SB*
113028,HIP113028,343.36480271427,-5.98804653762,,,,,,HighPM*
113090,HIP113090,343.5419690049099,5.58405602168,,,,,,HighPM*
113124,HIP113124,343.62853376383,23.51847056292,,,,,,HighPM*
11314,HIP11314,36.40735663004,8.72162051925,,,,,,EclBin
113165,HIP113165,343.74827558442,81.29118403167,,,,,,**
113186,HIP113186,343.80695367221,8.81618146013,,,,,,HighPM*
113206,HIP113206,343.87875278213,17.79668969101,,,,,,Star
113211,HIP113211,343.89266442032,18.19611483787,,,,,,Star
113220,HIP113220,343.9312354621,15.77931026,,,,,,**
113244,HIP113244,343.98674739735,5.7550961310514,,,,,,HighPM*
113266,HIP113266,344.04154525749,45.79155007796,,,,,,Star
113280,HIP113280,344.09850197,17.45239189,,,,,,**
113283,HIP113283,344.1002189853825,-31.5655640513242,,,,,,BYDraV*
113294,HIP113294,344.1338010908699,6.80543104145,,,,,,HighPM*
1133,HIP1133,3.53758349542,26.25880510389,,,,,,HighPM*
11330,HIP11330,36.45449385461,-10.62720893474,,,,,,Star
113308,HIP113308,344.20156441078,40.23794316411,,,,,,Star
11331,HIP11331,36.45749185591,-10.62691670903,,,,,,Star
113323,HIP113323,344.2602833615208,24.6822244109263,,,,,,SB*
113327,HIP113327,344.26875859131,48.6840682288,,,,,,Be*
113336,HIP113336,344.28684048678,24.26379239737,,,,,,HighPM*
113337,HIP113337,344.2868768561,47.18549474227,,,,,,Star
11334,HIP11334,36.45966382474,-1.02736931553,,,,,,Star
113341,HIP113341,344.29738923658,15.42366926193,,,,,,Star
113359,HIP113359,344.37691249263,48.64949635372,,,,,,Star
113368,HIP113368,344.41269272,-29.62223703,,,,,,HighPM*
113371,HIP113371,344.4197408659,39.30877578894,,,,,,Star
11338,HIP11338,36.46873854415,8.18043486581,,,,,,HighPM*
113384,HIP113384,344.4449881214879,23.6515318531964,,,,,,Star
1134,HIP1134,3.54272013676,-7.19911463468,,,,,,**
113446,HIP113446,344.64625440775,51.60787242724,,,,,,Star
113455,HIP113455,344.6557458093,39.7926726021,,,,,,Star
113469,HIP113469,344.69059378636,43.83874641601,,,,,,Star
113474,HIP113474,344.70656108209,46.32728596393,,,,,,PulsV*
113476,HIP113476,344.71347887557,17.0553673954,,,,,,Star
113485,HIP113485,344.73994503816,42.78658858155,,,,,,Star
113495,HIP113495,344.7748348781399,15.54797232376,,,,,,HighPM*
113498,HIP113498,344.78751976145,59.81465220051,,,,,,Variable*
113527,HIP113527,344.88684659593,61.14015567945,,,,,,ChemPec*
113557,HIP113557,345.0040876039,57.77283538818,,,,,,Star
113576,HIP113576,345.067175625525,-22.5243471323561,,,,,,HighPM*
113584,HIP113584,345.08338824331,56.05037234661,,,,,,Star
113606,HIP113606,345.15362125247,49.39080003447,,,,,,Star
113609,HIP113609,345.15543858291,46.03255162679,,,,,,ChemPec*
113613,HIP113613,345.16493990868,44.55484168406,,,,,,Star
113614,HIP113614,345.1682583428763,55.2110446322489,,,,,,Star
113617,HIP113617,345.17230437551,49.95606129443,,,,,,Star
113626,HIP113626,345.18737293112,65.57611001063,,,,,,Star
113631,HIP113631,345.1999173890599,-14.25839028665,,,,,,HighPM*
113702,HIP113702,345.4265490017799,61.23693428614,,,,,,Star
113716,HIP113716,345.46001820766,54.12133901372,,,,,,Star
113728,HIP113728,345.48690971015,32.69355914133,,,,,,HighPM*
113755,HIP113755,345.5526898944834,58.2541040995283,,,,,,HighPM*
113764,HIP113764,345.58474429322,53.80962137204,,,,,,Star
113769,HIP113769,345.59899964,-11.31233246,,,,,,**
113771,HIP113771,345.60255507873,-12.3916508989,,,,,,HighPM*
113772,HIP113772,345.60489489908,59.85268004156,,,,,,PulsV*
113789,HIP113789,345.65283665055,58.87594084566,,,,,,HighPM*
113790,HIP113790,345.65576035036,59.60505987342,,,,,,delSctV*
113797,HIP113797,345.68290260585,55.23638263044,,,,,,alf2CVnV*
113803,HIP113803,345.68868932623,55.83528094658,,,,,,Star
113819,HIP113819,345.730601261,52.19824576701,,,,,,Star
113832,HIP113832,345.77949315466,4.94031954362,,,,,,**
113834,HIP113834,345.78419077045,-0.42962970991,,,,,,HighPM*
113835,HIP113835,345.7847075393,49.58603046467,,,,,,Star
113853,HIP113853,345.84880521663,60.44540624271,,,,,,PulsV*
113860,HIP113860,345.87423107535,-34.74941542453,,,,,,Cepheid
113898,HIP113898,345.99290976799,32.50603571798,,,,,,Star
113904,HIP113904,346.00324786657,6.61634080318,,,,,,Star
113908,HIP113908,346.01251110239,55.2655345151,,,,,,Star
113918,HIP113918,346.0438492722,59.72681067872,,,,,,SB*
113934,HIP113934,346.08253129002,51.51616417589,,,,,,**
113977,HIP113977,346.24116695557,6.51742910639,,,,,,Star
113985,HIP113985,346.25458997,33.38577409,,,,,,**
114,HIP114,0.37164019,30.73578477,,,,,,**
114042,HIP114042,346.41794385404,-18.36294791651,,,,,,Star
114111,HIP114111,346.66173858051,-19.45993782094,,,,,,SB*
114137,HIP114137,346.73458744787,-19.87108510331,,,,,,HighPM*
114149,HIP114149,346.76719810803,17.96901263452,,,,,,HighPM*
114163,HIP114163,346.79355075935,59.72739377163,,,,,,SB*
11417,HIP11417,36.79559398843,3.1564062087,,,,,,HighPM*
114174,HIP114174,346.8249971330399,46.06814655645,,,,,,SB*
114178,HIP114178,346.83505640057,80.63756638726,,,,,,Star
114194,HIP114194,346.89647996482,80.56943063137,,,,,,Star
114223,HIP114223,346.97741708133,-4.77676574315,,,,,,Star
11425,HIP11425,36.84251707171,-1.02424339953,,,,,,EmLine*
114253,HIP114253,347.08381122516,60.49633779307,,,,,,Star
114257,HIP114257,347.0955441632099,-7.26700677351,,,,,,Star
114264,HIP114264,347.12881090535,47.8746219862,,,,,,Star
114266,HIP114266,347.14507759702,4.67800906797,,,,,,Star
114274,HIP114274,347.1712899108,48.7753244979,,,,,,HighPM*
114277,HIP114277,347.19071600484,48.13905354577,,,,,,Star
11429,HIP11429,36.85521477447,59.10559656014,,,,,,HighPM*
114294,HIP114294,347.21869699048,6.56105725607,,,,,,HighPM*
114313,HIP114313,347.2669818933023,-2.5504225241622,,,,,,SB*
114315,HIP114315,347.26737885656,-2.45263922115,,,,,,Star
114322,HIP114322,347.2946957929362,-2.2607451854897,,,,,,HighPM*
114330,HIP114330,347.32885588214,-9.18723541186,,,,,,HighPM*
114353,HIP114353,347.39498938799,47.57887924485,,,,,,Star
114361,HIP114361,347.4206274406192,-67.7328215872636,,,,,,HighPM*
11442,HIP11442,36.88468025134,-1.94479678412,,,,,,EmLine*
114424,HIP114424,347.60298230544,-7.8119951598,,,,,,HighPM*
11443,HIP11443,36.88904943896,7.71206935121,,,,,,HighPM*
114441,HIP114441,347.65701328676,46.37787293807,,,,,,PulsV*
11446,HIP11446,36.91862819144,-13.66802509662,,,,,,Star
114463,HIP114463,347.7255286,81.81682702,,,,,,**
114525,HIP114525,347.95311492334,4.72075914865,,,,,,HighPM*
114532,HIP114532,347.97857356286,-9.02220083778,,,,,,HighPM*
114563,HIP114563,348.09169820862,58.76784850474,,,,,,Star
114573,HIP114573,348.15096630828,3.61796099778,,,,,,HighPM*
114576,HIP114576,348.1607977682092,2.6862193525264,,,,,,SB*
114587,HIP114587,348.20469405532,47.4488620094,,,,,,HighPM*
114593,HIP114593,348.21851238769,48.28368299466,,,,,,Star
114639,HIP114639,348.34907703155,2.67544518359,,,,,,RSCVnV*
114675,HIP114675,348.4603371387199,48.06347998999,,,,,,Star
1148,HIP1148,3.58964474326,60.34175808483,,,,,,**
114818,HIP114818,348.8722885954,41.5846484781,,,,,,**
11484,HIP11484,37.0398210789746,8.4600602248073,,,,,,Star
11491,HIP11491,37.0501101824,23.70605479335,,,,,,HighPM*
114948,HIP114948,349.24036453178,-62.00119779668,,,,,,HighPM*
114980,HIP114980,349.3223197803505,-66.9378990562314,,,,,,HighPM*
114986,HIP114986,349.3366964372421,-66.9193151105172,,,,,,HighPM*
115012,HIP115012,349.40674777,-1.52173777,,,,,,**
11505,HIP11505,37.08631456497,62.21901199639,,,,,,HighPM*
115065,HIP115065,349.59717596056,41.7736678533,,,,,,SB*
115074,HIP115074,349.61543194447,-1.89871632466,,,,,,HighPM*
11509,HIP11509,37.09697546298,22.87821946571,,,,,,HighPM*
115104,HIP115104,349.70941693812,59.17289989461,,,,,,Star
115106,HIP115106,349.71408464605,40.43779643759,,,,,,HighPM*
115123,HIP115123,349.77249563989,-60.52066279035,,,,,,HighPM*
115126,HIP115126,349.77799665901,-13.458840554,,,,,,SB*
115131,HIP115131,349.8020245217712,61.5175265433206,,,,,,Star
115185,HIP115185,349.95578289411,17.68393535435,,,,,,HighPM*
115186,HIP115186,349.95665112458,59.63335276619,,,,,,Star
115198,HIP115198,350.0027037866,61.14984640067,,,,,,SB*
1152,HIP1152,3.59837071782,43.84594318073,,,,,,SB*
115200,HIP115200,350.0050709702999,41.75485145312,,,,,,SB*
115208,HIP115208,350.0239302668,40.76162140586,,,,,,Star
115260,HIP115260,350.17970622685,-6.62409649111,,,,,,Star
115261,HIP115261,350.18374353175,44.11616658613,,,,,,Star
115267,HIP115267,350.20380896483,62.41254480428,,,,,,alf2CVnV*
11527,HIP11527,37.15997073083,63.18764444571,,,,,,Star
115279,HIP115279,350.22055815,16.71071183,,,,,,**
115288,HIP115288,350.24016639307,17.25267424293,,,,,,**
115294,HIP115294,350.24925939727,-2.47874518637,,,,,,HighPM*
115302,HIP115302,350.2968245683771,-1.5958325637422,,,,,,HighPM*
115306,HIP115306,350.30249011801,33.02784564097,,,,,,HighPM*
115343,HIP115343,350.44745290454,32.83660445393,,,,,,HighPM*
115352,HIP115352,350.4680728517599,43.3541810609,,,,,,ChemPec*
115357,HIP115357,350.48714026361,34.65340639624,,,,,,Star
115364,HIP115364,350.5129939517,5.50623902942,,,,,,Star
11538,HIP11538,37.18629452302,3.57278469852,,,,,,HighPM*
115401,HIP115401,350.65711752177,-13.89126677724,,,,,,Star
115404,HIP115404,350.66321303,-15.03934014,,,,,,**
115412,HIP115412,350.6839586310799,3.74007323063,,,,,,Star
115415,HIP115415,350.69653432316,15.37177478756,,,,,,HighPM*
115428,HIP115428,350.7217774815,2.81831061408,,,,,,Star
115443,HIP115443,350.76649004079,16.06889183907,,,,,,HighPM*
115461,HIP115461,350.83336756161,43.10153688435,,,,,,Star
11548,HIP11548,37.2020603568155,29.9317579328378,,,,,,HighPM*
115480,HIP115480,350.89686604037,49.28468138963,,,,,,Star
115481,HIP115481,350.8990414716113,14.4800904600339,,,,,,Star
115508,HIP115508,350.97456790003,59.17514241754,,,,,,Star
115514,HIP115514,350.99550832396,48.44650517564,,,,,,Star
115524,HIP115524,351.01832950321,4.93139757041,,,,,,Star
115540,HIP115540,351.06185272959,50.04361691239,,,,,,Star
115570,HIP115570,351.15618495683,-15.29263908165,,,,,,Star
115572,HIP115572,351.16234264051,-1.74141205396,,,,,,HighPM*
115618,HIP115618,351.3241993190958,3.1407151359269,,,,,,HighPM*
115624,HIP115624,351.35120784438,-0.21523554557,,,,,,Star
115625,HIP115625,351.35150196694,49.32157895219,,,,,,Star
115627,HIP115627,351.3549527029099,15.68865192247,,,,,,SB*
115629,HIP115629,351.35586569312,-12.5240331147,,,,,,Star
115673,HIP115673,351.53176016396,-15.22697297299,,,,,,HighPM*
115680,HIP115680,351.5515271014363,8.8938352558378,,,,,,HighPM*
115685,HIP115685,351.58279714234,-12.95042961478,,,,,,Star
115687,HIP115687,351.5841797963,-14.70876748796,,,,,,HighPM*
115692,HIP115692,351.58753200748,4.33951021499,,,,,,Star
115697,HIP115697,351.61435345898,8.64384490138,,,,,,HighPM*
115708,HIP115708,351.6471212652599,41.43318023136,,,,,,Star
11572,HIP11572,37.28059004,22.86809257,,,,,,**
115723,HIP115723,351.6806408748167,41.0459015160664,,,,,,**
115752,HIP115752,351.7701570448912,-1.286272959175,,,,,,HighPM*
115764,HIP115764,351.80746075219,79.54193707991,,,,,,YSO
115773,HIP115773,351.82687559534,79.79503959143,,,,,,Star
115779,HIP115779,351.83725225683,4.45000501146,,,,,,**
115845,HIP115845,352.0353166639799,-2.44816184967,,,,,,HighPM*
115874,HIP115874,352.13906185557,48.64435227929,,,,,,Star
115883,HIP115883,352.1772218970599,7.36758229898,,,,,,HighPM*
115904,HIP115904,352.24803959157,21.78276227854,,,,,,Star
115927,HIP115927,352.30956555184,32.66562189565,,,,,,Star
115944,HIP115944,352.36227947889,46.46491559062,,,,,,Star
115947,HIP115947,352.36415736501,49.23356900237,,,,,,SB*
115951,HIP115951,352.37632318043,-1.03589592071,,,,,,Star
115954,HIP115954,352.39081523387,-13.31598529775,,,,,,HighPM*
11597,HIP11597,37.37946352071,2.18971187358,,,,,,HighPM*
115976,HIP115976,352.46052230884,-17.27257053451,,,,,,HighPM*
115985,HIP115985,352.48549145213,45.48751362553,,,,,,Star
116003,HIP116003,352.5559892975163,-20.3909607948717,,,,,,Low-Mass*
116026,HIP116026,352.64505822861,81.00426573751,,,,,,Star
116040,HIP116040,352.68178490593,22.04739593243,,,,,,Star
116051,HIP116051,352.72628759651,-15.9823408096,,,,,,HighPM*
116058,HIP116058,352.7412400203099,7.72855244278,,,,,,HighPM*
116078,HIP116078,352.82205910074,-12.19471787817,,,,,,Star
1161,HIP1161,3.61675656945,-14.43178667937,,,,,,SB*
116108,HIP116108,352.88468328556,33.69843229868,,,,,,EclBin
116135,HIP116135,352.97107471283,47.54776073635,,,,,,**
116164,HIP116164,353.0529045968236,7.0848940920257,,,,,,**
116167,HIP116167,353.06114911173,14.96908405157,,,,,,SB*
11618,HIP11618,37.46045101487,60.96111713811,,,,,,Star
116186,HIP116186,353.11938570073,33.74094574257,,,,,,Star
11619,HIP11619,37.46858325491,15.37831087868,,,,,,Star
116209,HIP116209,353.19489527642,-0.84272182827,,,,,,Star
116233,HIP116233,353.2459089042409,-11.9876301788822,,,,,,SB*
116239,HIP116239,353.29272492721,6.85462951555,,,,,,Star
116245,HIP116245,353.3080289896,-12.60915636846,,,,,,Star
116256,HIP116256,353.346943751335,15.6970717773456,,,,,,HighPM*
116282,HIP116282,353.4028124893299,22.32898475488,,,,,,SB*
116317,HIP116317,353.5138935904146,0.1794102992047,,,,,,HighPM*
116329,HIP116329,353.58060678,-9.70951806,,,,,,**
11633,HIP11633,37.52812832359,68.76744226023,,,,,,Star
116360,HIP116360,353.67180731602,37.79990002802,,,,,,**
11637,HIP11637,37.53273536249,4.60473157539,,,,,,Star
116398,HIP116398,353.80015744,-11.57765109,,,,,,**
116433,HIP116433,353.9023947689299,4.03814365437,,,,,,HighPM*
116459,HIP116459,353.9683616378558,5.0212999897475,,,,,,HighPM*
116491,HIP116491,354.07614054517,-48.58807197388,,,,,,HighPM*
116521,HIP116521,354.20220605451,5.91659724441,,,,,,Star
11658,HIP11658,37.58683843344,51.14909523045,,,,,,HighPM*
116662,HIP116662,354.62721126,4.31667362,,,,,,**
116666,HIP116666,354.64014280757,77.45132035295,,,,,,Star
116707,HIP116707,354.7635039020399,63.38838691275,,,,,,Star
116719,HIP116719,354.81369590445,-9.984844235,,,,,,HighPM*
11672,HIP11672,37.64299919973,14.26130567803,,,,,,Star
116736,HIP116736,354.86030946741,39.03370982206,,,,,,Star
116745,HIP116745,354.9057806977841,-72.7221542908853,,,,,,HighPM*
116763,HIP116763,354.9637757268387,-32.7434067146497,,,,,,HighPM*
11678,HIP11678,37.66007138765,19.85530335694,,,,,,delSctV*
116781,HIP116781,355.01173675585,37.65264111429,,,,,,HighPM*
11686,HIP11686,37.68072046135,21.03092009898,,,,,,HighPM*
116863,HIP116863,355.3232086023134,32.5611161727936,,,,,,**
116877,HIP116877,355.36345663664,6.41886617023,,,,,,HighPM*
116888,HIP116888,355.39182380144,24.22381420532,,,,,,SB*
11691,HIP11691,37.69916353873,13.42967038582,,,,,,HighPM*
116933,HIP116933,355.53848309938,23.99301233656,,,,,,HighPM*
116944,HIP116944,355.57000088025,61.49110440531,,,,,,PulsV*
116947,HIP116947,355.58610590321,37.94820437255,,,,,,Star
11699,HIP11699,37.73120224148,-7.99782954664,,,,,,Star
11700,HIP11700,37.73158898914,13.95967834313,,,,,,Star
117044,HIP117044,355.90216155774,-9.67397890261,,,,,,Star
117059,HIP117059,355.9613383939,32.54631342175,,,,,,WhiteDwarf
11707,HIP11707,37.7636674814038,8.3819944084419,,,,,,HighPM*
117083,HIP117083,356.03806787801,53.69743600234,,,,,,Star
117150,HIP117150,356.25021377471,30.33622260902,,,,,,**
117158,HIP117158,356.2805646093,33.78530463901,,,,,,Star
117169,HIP117169,356.3259990019755,5.1162096134139,,,,,,Star
117172,HIP117172,356.3377044026,78.5579279414,,,,,,HighPM*
117175,HIP117175,356.34331142157,32.19160423969,,,,,,Star
117179,HIP117179,356.3568252624299,5.81549505451,,,,,,SB*
117185,HIP117185,356.3961044203,25.47192843026,,,,,,SB*
117196,HIP117196,356.45329366961,28.17709095437,,,,,,Star
117207,HIP117207,356.48058439285,50.1617070041,,,,,,Star
11721,HIP11721,37.82536017356,51.32073027945,,,,,,Star
117212,HIP117212,356.49793991897,-10.52487533735,,,,,,Star
117217,HIP117217,356.50277271773,62.66995132061,,,,,,Star
117236,HIP117236,356.57645880959,9.78507359342,,,,,,HighPM*
117242,HIP117242,356.59371685951,53.61262593745,,,,,,Star
11726,HIP11726,37.84396716017,-7.81197252102,,,,,,Star
117286,HIP117286,356.72717468987,48.80164919887,,,,,,Star
11729,HIP11729,37.8573568031054,-16.9847345459097,,,,,,HighPM*
117334,HIP117334,356.87452083533,49.29332912032,,,,,,Star
117376,HIP117376,356.99192406523,78.37608606784,,,,,,YSO
117379,HIP117379,356.99503757041,51.83655973474,,,,,,Star
117393,HIP117393,357.04916868685,27.71551790891,,,,,,HighPM*
117394,HIP117394,357.05053204469,8.24559666586,,,,,,Star
1174,HIP1174,3.66370344782,12.23637437788,,,,,,Star
11741,HIP11741,37.88336436251,27.56925783336,,,,,,Star
117452,HIP117452,357.2314426472279,-28.1302712474869,,,,,,HighPM*
117461,HIP117461,357.24509821,9.86506189,,,,,,**
11747,HIP11747,37.89631800847,-15.71312960001,,,,,,Star
117511,HIP117511,357.4604775329,27.6807392036,,,,,,**
117542,HIP117542,357.5620906112,-29.40172909253,,,,,,HighPM*
117564,HIP117564,357.6282393283299,9.50971546832,,,,,,PulsV*
117681,HIP117681,357.99014858072,77.59937410843,,,,,,HighPM*
117740,HIP117740,358.17869008448,8.72049512529,,,,,,HighPM*
117765,HIP117765,358.24379834442,32.0652110491,,,,,,HighPM*
117784,HIP117784,358.29564052483,32.40852767996,,,,,,Star
117815,HIP117815,358.41616402899,-65.94713513688,,,,,,HighPM*
117828,HIP117828,358.4588012762775,-75.6325328067644,,,,,,HighPM*
117861,HIP117861,358.59100637787,33.59333657912,,,,,,SB*
11793,HIP11793,38.0453837234297,9.0142396386003,,,,,,**
11795,HIP11795,38.04941024005,12.68705218914,,,,,,HighPM*
117962,HIP117962,358.90712940085,8.22327829317,,,,,,Star
118008,HIP118008,359.04447180449,-39.05233597357,,,,,,HighPM*
11808,HIP11808,38.07043077935,28.5665964969,,,,,,**
11809,HIP11809,38.07155925623,2.99795379533,,,,,,Star
11810,HIP11810,38.0792750607,-7.16935971095,,,,,,Star
11815,HIP11815,38.09659083996,3.38263344241,,,,,,HighPM*
118205,HIP118205,359.643278715,-14.12506844,,,,,,**
11827,HIP11827,38.16091119114,15.16291120414,,,,,,Star
118278,HIP118278,359.8684667860809,-20.0347129212508,,,,,,HighPM*
11828,HIP11828,38.1632502895004,3.7385771140906,,,,,,**
11836,HIP11836,38.20628446493,5.21000128223,,,,,,HighPM*
11839,HIP11839,38.21570146139,-10.64026815417,,,,,,Star
11843,HIP11843,38.22559126364,15.03453557633,,,,,,SB*
11845,HIP11845,38.22828293692,47.34813459039,,,,,,HighPM*
11846,HIP11846,38.23065146815,-8.70033417221,,,,,,Star
1185,HIP1185,3.70087215703,-14.17769749915,,,,,,SB*
11862,HIP11862,38.26895496067,7.82847855934,,,,,,HighPM*
11865,HIP11865,38.2720102713,-10.35178093923,,,,,,HighPM*
11870,HIP11870,38.28599169,58.46224232,,,,,,**
11889,HIP11889,38.32871590548,52.30895441256,,,,,,**
1191,HIP1191,3.7271478401,-9.56956311346,,,,,,Star
11915,HIP11915,38.45427569433,-19.61180615936,,,,,,HighPM*
11941,HIP11941,38.5151674946,12.18086012016,,,,,,HighPM*
11964,HIP11964,38.59402578732,-43.79635253336,,,,,,BYDraV*
11974,HIP11974,38.61628279168,46.69341593751,,,,,,Star
11983,HIP11983,38.6439838367775,5.4463066748722,,,,,,HighPM*
11993,HIP11993,38.66129377458,24.89275445392,,,,,,SB*
11995,HIP11995,38.66360663552,22.96787190079,,,,,,Star
12005,HIP12005,38.68353506995,-18.78855904886,,,,,,HighPM*
120148,HIP120148,300.75386755251,20.09713103969,,,,,,HighPM*
12025,HIP12025,38.76997367631,14.55103496279,,,,,,Star
12038,HIP12038,38.7981271665,-19.73357676838,,,,,,HighPM*
12062,HIP12062,38.88658140288,59.7922876001,,,,,,SB*
12080,HIP12080,38.92841717731,29.22170488761,,,,,,Star
12110,HIP12110,39.00323251211,-23.52132383101,,,,,,HighPM*
12111,HIP12111,39.00540205784,13.7550692422,,,,,,Star
12115,HIP12115,39.0179675086,29.403793308,,,,,,**
12127,HIP12127,39.05662096197,57.72808767736,,,,,,Star
12161,HIP12161,39.18178490375,20.70061278944,,,,,,Star
12187,HIP12187,39.24468266276,18.99404462578,,,,,,Star
12207,HIP12207,39.29399166281,30.40781447035,,,,,,**
1222,HIP1222,3.80972286622,60.3404695394,,,,,,ClassicalCep
12240,HIP12240,39.40042238428,21.41571200562,,,,,,HighPM*
12255,HIP12255,39.45138662121,28.33512601075,,,,,,Star
12287,HIP12287,39.57429487311,37.72671334065,,,,,,HighPM*
12292,HIP12292,39.5843988967,-7.5905932742,,,,,,Star
12316,HIP12316,39.65029665792,-7.53016693295,,,,,,Star
1233,HIP1233,3.82431344952,44.20339643349,,,,,,EclBin
1234,HIP1234,3.83979416822,28.58717549064,,,,,,HighPM*
12350,HIP12350,39.75337113405,-8.92790358313,,,,,,HighPM*
1237,HIP1237,3.85236371221,-13.05443476365,,,,,,Star
12394,HIP12394,39.8973401976396,-68.2669466846642,,,,,,HighPM*
12402,HIP12402,39.91905678476,-18.98745726273,,,,,,Star
1241,HIP1241,3.8636865062,-3.65419386991,,,,,,Star
12442,HIP12442,40.04416970288,17.27016472227,,,,,,Star
12469,HIP12469,40.13193517487,61.22933164405,,,,,,HighMassXBin
12482,HIP12482,40.15936003511,-17.37184700967,,,,,,Star
1252,HIP1252,3.92555900461,-7.30650988384,,,,,,HighPM*
12534,HIP12534,40.31090389002,-9.76359267868,,,,,,Star
12543,HIP12543,40.35065122353,60.55326885316,,,,,,SB*
12549,HIP12549,40.36355757097,-19.34507387521,,,,,,Star
1255,HIP1255,3.93721677814,45.54388119141,,,,,,Star
1256,HIP1256,3.93768603401,39.02084394525,,,,,,Star
12572,HIP12572,40.42025960901,58.97742882592,,,,,,Star
12574,HIP12574,40.42551666558,-10.51712993022,,,,,,Star
12597,HIP12597,40.49369430877,64.3952466598,,,,,,Star
1260,HIP1260,3.95387574265,-11.99018423631,,,,,,Star
12618,HIP12618,40.54979622506,-6.11204359044,,,,,,Star
12627,HIP12627,40.5735445894,-7.18838539144,,,,,,HighPM*
1263,HIP1263,3.96483477639,60.43156745513,,,,,,EclBin
12636,HIP12636,40.58733434349,63.17183494533,,,,,,PulsV*
1266,HIP1266,3.9660741473,-8.87626283834,,,,,,Star
12677,HIP12677,40.71871469,-6.48921299,,,,,,**
12678,HIP12678,40.72112958645,37.17390681585,,,,,,Star
12679,HIP12679,40.73693163298,64.69144137859,,,,,,Star
1274,HIP1274,3.99935662898,-9.47951598808,,,,,,Star
12746,HIP12746,40.96571396704,-7.19894848197,,,,,,HighPM*
12749,HIP12749,40.9717334171437,-8.8293720472006,,,,,,HighPM*
12790,HIP12790,41.09878974189,36.8870607162,,,,,,HighPM*
12808,HIP12808,41.15350631,29.46017422,,,,,,**
12815,HIP12815,41.18775790424,24.18437353029,,,,,,HighPM*
12816,HIP12816,41.19306528466,55.7399029387,,,,,,Star
12830,HIP12830,41.238125727,23.36769046131,,,,,,Star
12865,HIP12865,41.34527692662,56.56435143473,,,,,,Star
12881,HIP12881,41.39642414939,30.31945630178,,,,,,Star
12916,HIP12916,41.51430624237,28.68336437182,,,,,,HighPM*
12919,HIP12919,41.52834705846,36.26691494501,,,,,,HighPM*
1292,HIP1292,4.0528250447846,-79.8511790295778,,,,,,HighPM*
12932,HIP12932,41.58457863169,18.83793127861,,,,,,Star
1294,HIP1294,4.0482698263962,30.5325749982008,,,,,,HighPM*
12953,HIP12953,41.64150811132,-6.70189883377,,,,,,gammaDorV*
13021,HIP13021,41.85055829587,19.84413657628,,,,,,HighPM*
13027,HIP13027,41.86425609,19.37181785,,,,,,**
1303,HIP1303,4.0906845908,-7.0301083189,,,,,,Star
13035,HIP13035,41.87641392544,23.63667913607,,,,,,Star
13042,HIP13042,41.90093878119,10.23043219915,,,,,,HighPM*
13043,HIP13043,41.90619379661,10.22626467146,,,,,,HighPM*
13063,HIP13063,41.98060811723,55.61354992517,,,,,,Star
131,HIP131,0.4198208114,62.01808667832,,,,,,Star
13142,HIP13142,42.25897109713,58.02885698408,,,,,,HighPM*
1318,HIP1318,4.14158662218,-13.40390410552,,,,,,Star
13212,HIP13212,42.50670118478,-4.71393905778,,,,,,HighPM*
13218,HIP13218,42.5405609248771,-53.1389697261619,,,,,,HighPM*
13233,HIP13233,42.5894121396333,-4.9864250507758,,,,,,Star
1324,HIP1324,4.15910573385,-4.9776408168,,,,,,Star
13342,HIP13342,42.92858056643,10.64501574044,,,,,,HighPM*
13347,HIP13347,42.94116660805,58.31429395138,,,,,,SB*
1337,HIP1337,4.18666376881,47.27940095559,,,,,,Star
13374,HIP13374,43.02061532628,30.19285885872,,,,,,SB*
13389,HIP13389,43.0923732808704,-63.6798108537761,,,,,,HighPM*
13394,HIP13394,43.09505339634,63.40979311237,,,,,,HighPM*
13412,HIP13412,43.17245497309,3.28054960708,,,,,,EmLine*
13421,HIP13421,43.21141202056,-9.44123425601,,,,,,HighPM*
1343,HIP1343,4.20723528335,47.24402938296,,,,,,Star
13431,HIP13431,43.24001931257,60.47133978809,,,,,,Star
13437,HIP13437,43.2436070989,64.67001344736,,,,,,Star
1344,HIP1344,4.21006416977,32.450737493,,,,,,EmLine*
13440,HIP13440,43.2656940155,29.46092079943,,,,,,Star
13447,HIP13447,43.29346498882,61.09697924648,,,,,,Star
13457,HIP13457,43.32057755916,60.44726932256,,,,,,Star
13460,HIP13460,43.32723473819,60.85326422872,,,,,,SB*
13467,HIP13467,43.36335975069,-8.84802017865,,,,,,HighPM*
13472,HIP13472,43.37627900386,58.6123002348,,,,,,**
13475,HIP13475,43.39502629179,-9.20801102803,,,,,,SB*
13487,HIP13487,43.41871054803,64.45198390429,,,,,,**
13494,HIP13494,43.43743175476,5.10938327149,,,,,,Star
1349,HIP1349,4.22457258749,-52.6511573369892,,,,,,SB*
13510,HIP13510,43.5004640869,4.44829312731,,,,,,Star
13528,HIP13528,43.5587919836,42.58878515272,,,,,,SB*
13584,HIP13584,43.74698521298,50.98137537149,,,,,,HighPM*
13592,HIP13592,43.78414249824,48.2616962904,,,,,,HighPM*
13597,HIP13597,43.80260336776,59.829299111,,,,,,**
1361,HIP1361,4.2626576326,28.31431127378,,,,,,Star
13615,HIP13615,43.85598009187,28.14567871216,,,,,,Star
13625,HIP13625,43.87040498886,48.34091710617,,,,,,Star
13640,HIP13640,43.90833739721,48.34010026987,,,,,,Star
1366,HIP1366,4.2729265135192,38.6816357293394,,,,,,**
13664,HIP13664,43.98365300995,51.70590862322,,,,,,Star
13678,HIP13678,44.04994307058,13.91300674487,,,,,,HighPM*
1372,HIP1372,4.28768347138,47.94740610185,,,,,,Star
13729,HIP13729,44.20446351773,59.07952894603,,,,,,Star
13760,HIP13760,44.28320876042,50.86588212073,,,,,,Star
13762,HIP13762,44.28995460458,3.67870432327,,,,,,Star
13772,HIP13772,44.31129845,-24.9695146,,,,,,**
13774,HIP13774,44.31416979122,46.01994536738,,,,,,SB*
13779,HIP13779,44.33830828086,77.53760745318,,,,,,Star
13783,HIP13783,44.35242766711,-6.32665494832,,,,,,EmLine*
13802,HIP13802,44.43671441106,44.52660090929,,,,,,HighPM*
13804,HIP13804,44.44175468376,44.52409705688,,,,,,Star
13810,HIP13810,44.44886761177,14.07004566382,,,,,,Star
13827,HIP13827,44.4897604425,-4.72432936204,,,,,,EmLine*
13831,HIP13831,44.51011285,-15.83821079,,,,,,**
13840,HIP13840,44.53755325943,42.11125184476,,,,,,Star
1386,HIP1386,4.3346838355746,29.1830037703681,,,,,,HighPM*
13871,HIP13871,44.66251377154,15.1545135885,,,,,,Star
13872,HIP13872,44.6654877181442,-4.2087422051381,,,,,,SB*
13937,HIP13937,44.8897174441,3.51756958843,,,,,,SB*
13957,HIP13957,44.93775225727,0.62450716661,,,,,,HighPM*
14000,HIP14000,45.06924172136,69.50205488544,,,,,,HighPM*
14048,HIP14048,45.22270532402,15.03119282639,,,,,,SB*
14054,HIP14054,45.24077032112,5.28794072908,,,,,,HighPM*
1406,HIP1406,4.38756105603,24.66782829302,,,,,,HighPM*
14077,HIP14077,45.3563628789,1.15617754014,,,,,,Star
14084,HIP14084,45.40094633695,42.70153958417,,,,,,Star
14087,HIP14087,45.40818862786,2.16828988243,,,,,,alf2CVnV*
14090,HIP14090,45.42280819226,-13.58584094104,,,,,,Star
1410,HIP1410,4.41566790132,12.04240184243,,,,,,HighPM*
14124,HIP14124,45.53863977317,-6.49453304733,,,,,,SB*
14133,HIP14133,45.56623765665,59.62699414403,,,,,,Star
14157,HIP14157,45.63617933951,-15.27261783476,,,,,,RSCVnV*
14161,HIP14161,45.64525144226,-7.00484817879,,,,,,HighPM*
14172,HIP14172,45.68566245638,11.01272699917,,,,,,Star
14175,HIP14175,45.69399587578,12.35402458426,,,,,,HighPM*
14177,HIP14177,45.70724448088,-14.39619320176,,,,,,HighPM*
1420,HIP1420,4.44623899141,-3.27453449991,,,,,,HighPM*
14209,HIP14209,45.80191619335,60.96050627539,,,,,,Star
14221,HIP14221,45.84223116,60.84302874,,,,,,**
1423,HIP1423,4.45114457639,-6.18827625006,,,,,,Star
14231,HIP14231,45.87106384206,1.51218823315,,,,,,Star
14241,HIP14241,45.9123288840758,-5.6662970763883,,,,,,HighPM*
14248,HIP14248,45.9446665713904,70.6571932042489,,,,,,Star
14276,HIP14276,46.00831157754,78.70040078088,,,,,,HighPM*
1428,HIP1428,4.45991023807,59.05758795496,,,,,,Variable*
14294,HIP14294,46.07102011067,78.08670199882,,,,,,HighPM*
14296,HIP14296,46.07138370475,-15.08009529507,,,,,,Star
14298,HIP14298,46.08427439579,11.1361475113,,,,,,Star
14358,HIP14358,46.31270193033,0.8531609031,,,,,,HighPM*
14371,HIP14371,46.34750467328,1.63599562125,,,,,,EmLine*
14384,HIP14384,46.38891789168,6.19549591417,,,,,,Star
14404,HIP14404,46.44883105519,14.26761342374,,,,,,Star
14410,HIP14410,46.47883771999,70.5990519262,,,,,,**
14413,HIP14413,46.5166409990004,-13.4348665983086,,,,,,**
1442,HIP1442,4.49025447795,40.22695185748,,,,,,HighPM*
14431,HIP14431,46.56828551946,59.58509737875,,,,,,Star
14437,HIP14437,46.59300796257,5.27851825521,,,,,,Star
14464,HIP14464,46.67407581571,-13.31901059628,,,,,,HighPM*
14477,HIP14477,46.70916653353,5.65002535304,,,,,,HighPM*
145,HIP145,0.45603380293,-3.02750328334,,,,,,Star
14506,HIP14506,46.83248223511,75.79811677503,,,,,,Star
14516,HIP14516,46.87129132164,52.3327689665,,,,,,Star
14581,HIP14581,47.05726161893,55.63388510366,,,,,,Star
14587,HIP14587,47.09346986017,-60.17255012679,,,,,,HighPM*
14591,HIP14591,47.10481604539,10.79587023792,,,,,,HighPM*
14606,HIP14606,47.15984524073,12.37823418503,,,,,,Star
14614,HIP14614,47.18461269176,15.33482841911,,,,,,HighPM*
14620,HIP14620,47.21117634663,58.34778344805,,,,,,HighPM*
14648,HIP14648,47.32726501484,-16.01913038681,,,,,,HighPM*
14658,HIP14658,47.34433264092,59.35749996707,,,,,,Star
14661,HIP14661,47.35085225336,45.38305485198,,,,,,Star
14701,HIP14701,47.47947868872,54.18215679807,,,,,,ChemPec*
14712,HIP14712,47.51763543676,76.0977428739,,,,,,Star
14734,HIP14734,47.5726198384262,47.5280892003511,,,,,,Star
14794,HIP14794,47.7675177413,78.37675116737,,,,,,SB*
14796,HIP14796,47.76920759092,55.73310122283,,,,,,HighPM*
14811,HIP14811,47.8096015168,45.01894736195,,,,,,Star
14844,HIP14844,47.92780866437,81.47071101275,,,,,,SB*
14878,HIP14878,48.01667212134,-2.36042490262,,,,,,EmLine*
149,HIP149,0.4778597455725,26.00405019919,,,,,,HighPM*
14921,HIP14921,48.12105863767,-3.00263252976,,,,,,EmLine*
14941,HIP14941,48.15659785672,-15.98143980734,,,,,,HighPM*
15029,HIP15029,48.41829901381,-17.0344927123,,,,,,HighPM*
1505,HIP1505,4.68696152667,68.78093416711,,,,,,Star
15100,HIP15100,48.69671560058,20.34134787688,,,,,,Star
15110,HIP15110,48.7254096668,21.04444700814,,,,,,HighPM*
15189,HIP15189,48.94193847622,21.16514258355,,,,,,HighPM*
15201,HIP15201,48.99027386037,-77.38845401698,,,,,,HighPM*
15247,HIP15247,49.1694502812017,-3.53025739152,,,,,,**
15296,HIP15296,49.33992483186,78.87501217188,,,,,,Star
15330,HIP15330,49.4423477289542,-62.5753201268456,,,,,,HighPM*
15371,HIP15371,49.5534120100488,-62.5063624197311,,,,,,**
1540,HIP1540,4.8014316974,70.04948124501,,,,,,Star
1543,HIP1543,4.80956988,59.70493629,,,,,,**
15460,HIP15460,49.84361115005,49.30697556294,,,,,,**
15477,HIP15477,49.89170370133,-7.87653893731,,,,,,Star
15480,HIP15480,49.89609732,-5.97234517,,,,,,**
15497,HIP15497,49.92250052838,47.93512896174,,,,,,HighPM*
15498,HIP15498,49.92213079434,47.87071071537,,,,,,Star
1550,HIP1550,4.82809388526,59.13904072872,,,,,,SB*
15510,HIP15510,49.9818788009275,-43.069781996785,,,,,,HighPM*
15598,HIP15598,50.21844463419,-7.48226972696,,,,,,Star
15732,HIP15732,50.67571369612,2.46862032881,,,,,,Star
15779,HIP15779,50.83474038557,2.84897122236,,,,,,EmLine*
15799,HIP15799,50.89689779001,-40.07637907303,,,,,,HighPM*
15830,HIP15830,50.97851950898,3.04355321117,,,,,,EmLine*
1584,HIP1584,4.95803545872,69.88701777927,,,,,,Star
159,HIP159,0.51090459133,-2.76617089017,,,,,,gammaDorV*
1599,HIP1599,5.0177443062317,-64.8747936639189,,,,,,HighPM*
16000,HIP16000,51.51789251499,-0.64383597761,,,,,,Star
16021,HIP16021,51.57221618714,-1.03507583587,,,,,,EmLine*
16023,HIP16023,51.58351226704,-2.1427519999,,,,,,HighPM*
16045,HIP16045,51.65002208,-1.10414394,,,,,,**
16056,HIP16056,51.69741487127,-2.38655420045,,,,,,EmLine*
16069,HIP16069,51.7467610198117,-63.4991008136003,,,,,,HighPM*
16151,HIP16151,52.03653496917,-2.47966431551,,,,,,HighPM*
16191,HIP16191,52.14808296043,87.39469391593,,,,,,Star
16198,HIP16198,52.17016650482,-3.2148350839,,,,,,EmLine*
16229,HIP16229,52.26975789447,-5.66525793622,,,,,,Star
16245,HIP16245,52.3444892526912,-62.9375289393375,,,,,,HighPM*
16259,HIP16259,52.38701120923,-16.99884216147,,,,,,Star
16271,HIP16271,52.4464160387383,18.7383817481222,,,,,,Star
16276,HIP16276,52.46349414145,84.03869502465,,,,,,HighPM*
16288,HIP16288,52.48893589826,-6.9879805253,,,,,,HighPM*
16293,HIP16293,52.50134852809,-6.28408169494,,,,,,Star
16299,HIP16299,52.53116414302,-4.85490138827,,,,,,Star
16313,HIP16313,52.56148027098,-2.97943684548,,,,,,Star
16329,HIP16329,52.62680436159,20.10327457498,,,,,,HighPM*
16331,HIP16331,52.62923188014,-15.85312281655,,,,,,Star
16341,HIP16341,52.6544096578208,-5.0751479803878,,,,,,Star
16347,HIP16347,52.6639004,-4.27327893,,,,,,**
16359,HIP16359,52.68933305032,14.29615342009,,,,,,Star
16371,HIP16371,52.72230502319,-8.82076098985,,,,,,Star
16374,HIP16374,52.73374673693,18.79941562784,,,,,,SB*
16377,HIP16377,52.74897598037,-0.1261688808,,,,,,EmLine*
16384,HIP16384,52.7601040241,-17.16776262761,,,,,,Star
16389,HIP16389,52.7666010358052,-0.4811941417975,,,,,,**
16399,HIP16399,52.78927104503,13.57585131956,,,,,,HighPM*
16401,HIP16401,52.80604141,19.78351828,,,,,,**
16422,HIP16422,52.85639526724,-16.77900749293,,,,,,HighPM*
16435,HIP16435,52.9029756710354,-12.7347721619342,,,,,,Star
16445,HIP16445,52.94641325915,14.3215944990822,,,,,,HighPM*
16456,HIP16456,53.00198284044,-3.70744976741,,,,,,Star
16459,HIP16459,53.00604026919,67.58562026266,,,,,,SB*
16462,HIP16462,53.01015371856,-8.81101215711,,,,,,Star
16463,HIP16463,53.01098710652,-7.83997976308,,,,,,Star
16477,HIP16477,53.04820099165,-8.12967774835,,,,,,HighPM*
16519,HIP16519,53.17423821974,-1.66768841219,,,,,,EmLine*
16536,HIP16536,53.2327382681321,-44.7019455133931,,,,,,HighPM*
16601,HIP16601,53.42024073239,-7.42899871489,,,,,,Star
16655,HIP16655,53.57571381987,44.26989098817,,,,,,**
16669,HIP16669,53.62991952233,29.5652870756,,,,,,ChemPec*
16674,HIP16674,53.64558522512,18.87387248359,,,,,,Star
16705,HIP16705,53.7412221273041,29.3133227862576,,,,,,Star
16711,HIP16711,53.7539161354404,-48.4191412539278,,,,,,HighPM*
16718,HIP16718,53.7752060334,27.94803389444,,,,,,Star
16731,HIP16731,53.8133442936,70.02693775035,,,,,,Star
16770,HIP16770,53.95348212361,-9.06075082088,,,,,,HighPM*
16792,HIP16792,54.03323235528,-17.08417076584,,,,,,HighPM*
16799,HIP16799,54.05402473909,-18.55025807515,,,,,,HighPM*
1680,HIP1680,5.25340719208,29.70765383024,,,,,,Star
16803,HIP16803,54.072517123,-17.46707564111,,,,,,alf2CVnV*
16818,HIP16818,54.10856453745,67.9521911901,,,,,,HighPM*
16842,HIP16842,54.19303287919,-7.12126785933,,,,,,Star
16849,HIP16849,54.20970915309,70.78951237748,,,,,,Star
16893,HIP16893,54.34188338599,69.50182926352,,,,,,Star
16912,HIP16912,54.40934130937,43.55817872302,,,,,,Star
16918,HIP16918,54.4365914418,7.27178305247,,,,,,EmLine*
16936,HIP16936,54.49007977413,-8.49523493442,,,,,,HighPM*
16964,HIP16964,54.564258032,43.48178113899,,,,,,Star
17062,HIP17062,54.86630755541,67.48763365078,,,,,,Star
17066,HIP17066,54.86904498106,6.73659792288,,,,,,EmLine*
17130,HIP17130,55.03483234504,69.71359875721,,,,,,Star
17161,HIP17161,55.13364489701,-19.42036705208,,,,,,HighPM*
17167,HIP17167,55.1597213081,-5.21070992533,,,,,,alf2CVnV*
17174,HIP17174,55.17082891639,18.10059987255,,,,,,HighPM*
17178,HIP17178,55.19076784043,71.63318244009,,,,,,HighPM*
17180,HIP17180,55.1925229965,-4.14614487221,,,,,,Star
17185,HIP17185,55.20532474897,6.10456731805,,,,,,Star
17205,HIP17205,55.29021057268,-5.2878670961,,,,,,Star
17223,HIP17223,55.34329094172,-19.58438893991,,,,,,Star
17233,HIP17233,55.35942455923,-16.31805659402,,,,,,HighPM*
17234,HIP17234,55.35977930438,19.38858416576,,,,,,Star
17268,HIP17268,55.47630796729,-14.36319601549,,,,,,Star
17275,HIP17275,55.49492789,-15.1329035,,,,,,**
17282,HIP17282,55.50785381,18.20570656,,,,,,**
17288,HIP17288,55.51722819,-17.14591126,,,,,,**
17293,HIP17293,55.53442637106,62.28538620539,,,,,,Star
17345,HIP17345,55.6856686605,-18.7137994205,,,,,,HighPM*
17375,HIP17375,55.80111787416,1.52052973644,,,,,,Star
17385,HIP17385,55.84896472598,0.94599372495,,,,,,EmLine*
17389,HIP17389,55.85288035256,0.44513268788,,,,,,HighPM*
17431,HIP17431,56.01284330104,64.61411631439,,,,,,Star
17439,HIP17439,56.0382207164767,-38.2817700731175,,,,,,HighPM*
17469,HIP17469,56.14938064913,11.13767994625,,,,,,Star
17513,HIP17513,56.24558029202,61.46371083203,,,,,,Star
1755,HIP1755,5.55932725104,-5.19193367248,,,,,,Star
17562,HIP17562,56.41435215596,-17.14346150161,,,,,,SB*
17585,HIP17585,56.50391676446,67.20160227895,,,,,,HighPM*
17651,HIP17651,56.7120304943742,-23.2497228029747,,,,,,HighPM*
17679,HIP17679,56.80922907411,60.86912999421,,,,,,Star
1768,HIP1768,5.5981827507722,-27.0325146986236,,,,,,SB*
17721,HIP17721,56.92841658624,62.88444388452,,,,,,Star
17762,HIP17762,57.03895204674,10.17265390029,,,,,,Star
1778,HIP1778,5.64473945393,-6.64311671905,,,,,,**
17780,HIP17780,57.0940461255,3.21918329128,,,,,,Star
17797,HIP17797,57.14948851,-37.6201504,,,,,,**
17799,HIP17799,57.14923177241,2.41999649014,,,,,,Star
17810,HIP17810,57.16816581478,78.11926336269,,,,,,Star
17831,HIP17831,57.23559789,64.74834879,,,,,,**
17867,HIP17867,57.34966501966,2.49693472217,,,,,,Star
17891,HIP17891,57.40244132784,63.29695883013,,,,,,**
179,HIP179,0.56951743254,-13.40743587506,,,,,,SB*
17907,HIP17907,57.443724078945,9.4074950771719,,,,,,Star
17961,HIP17961,57.59816635759,19.25434868445,,,,,,PulsV*
17978,HIP17978,57.6478676106025,-42.5655314086394,,,,,,HighPM*
17983,HIP17983,57.65670460806,17.77663683596,,,,,,Star
17995,HIP17995,57.69272582041,8.44774956099,,,,,,HighPM*
18018,HIP18018,57.76297892052,23.90365091296,,,,,,HighPM*
18046,HIP18046,57.85539123053,25.16292760958,,,,,,SB*
18050,HIP18050,57.86339314893,24.5186507608,,,,,,Star
18063,HIP18063,57.91075153195,10.84343958005,,,,,,Star
18064,HIP18064,57.91343374151,79.70837054116,,,,,,HighPM*
18067,HIP18067,57.92406513895,68.50748617055,,,,,,Star
18076,HIP18076,57.96226642711,9.10422057169,,,,,,Star
18091,HIP18091,58.00336776465,19.59686731268,,,,,,Star
18113,HIP18113,58.08609873363,62.34483319922,,,,,,Star
18146,HIP18146,58.19727851198,9.97873895536,,,,,,Star
1815,HIP1815,5.75382631369,-6.37000979734,,,,,,HighPM*
18204,HIP18204,58.39803509943,30.77344621051,,,,,,Star
18258,HIP18258,58.58622245091,30.9985782858,,,,,,Star
18345,HIP18345,58.83077723,35.13117546,,,,,,**
18366,HIP18366,58.90449766881,52.22682065538,,,,,,HighPM*
1837,HIP1837,5.81650837687,-33.16752546055,,,,,,HighPM*
18392,HIP18392,58.97855596,32.15492004,,,,,,**
184,HIP184,0.58976198687,11.00623756195,,,,,,Star
1840,HIP1840,5.82445650453,60.23562216679,,,,,,Star
18421,HIP18421,59.07718172113,40.86223355678,,,,,,Star
18434,HIP18434,59.1195491309621,35.0808931792811,,,,,,Cepheid
18438,HIP18438,59.12597336023,71.82162736461,,,,,,HighPM*
18450,HIP18450,59.15158438062,-41.3435693702,,,,,,HighPM*
1846,HIP1846,5.83546976,61.21557492,,,,,,**
18464,HIP18464,59.18786980934,36.00252729238,,,,,,HighPM*
185,HIP185,0.59003849821,10.78536381865,,,,,,HighPM*
18501,HIP18501,59.34427565779,3.52790809961,,,,,,EmLine*
18521,HIP18521,59.40859783514,6.87380644704,,,,,,Star
18524,HIP18524,59.40952818592,3.19011441782,,,,,,Star
18532,HIP18532,59.463497424225,40.0101997815597,,,,,,bCepV*
18552,HIP18552,59.5569867313,39.45555064431,,,,,,Star
18555,HIP18555,59.56442944665,7.60528743653,,,,,,Star
18566,HIP18566,59.62255090169,8.36836952927,,,,,,Star
18574,HIP18574,59.64158948251,68.35689628284,,,,,,Star
18658,HIP18658,59.91873338158,10.33037776278,,,,,,SB*
18688,HIP18688,60.04352152624,40.01372707952,,,,,,Star
187,HIP187,0.60229018965,-6.05926740296,,,,,,HighPM*
18700,HIP18700,60.09329945378,10.78761006678,,,,,,HighPM*
18715,HIP18715,60.13581664264,10.16749559027,,,,,,EmLine*
18751,HIP18751,60.2479927097,-4.71567008854,,,,,,Star
18763,HIP18763,60.28265196646,8.45992469635,,,,,,EmLine*
18770,HIP18770,60.31949872001,40.09462551014,,,,,,HighPM*
18778,HIP18778,60.3389887414325,9.33373048683,,,,,,Star
18810,HIP18810,60.45902982649,7.60488418497,,,,,,Star
18840,HIP18840,60.5939388,-7.00508772,,,,,,**
18851,HIP18851,60.62252649715,39.09725872066,,,,,,PulsV*
18912,HIP18912,60.79521725025,38.05481478667,,,,,,alf2CVnV*
18955,HIP18955,60.93404536135,22.94428444659,,,,,,Star
18962,HIP18962,60.95074719992,51.89823947941,,,,,,Star
18973,HIP18973,60.9802373495392,39.7386666065542,,,,,,HighPM*
18977,HIP18977,60.99453919272,-6.05183199848,,,,,,gammaDorV*
190,HIP190,0.6054331646324,10.77630732539,,,,,,**
19007,HIP19007,61.08459343089,-4.65513834272,,,,,,HighPM*
19022,HIP19022,61.12425131878,-6.17282953644,,,,,,SB*
19027,HIP19027,61.13403072148,-3.33958047908,,,,,,EmLine*
19061,HIP19061,61.27048797321,-4.78561138076,,,,,,HighPM*
19072,HIP19072,61.31408589182,23.79722458751,,,,,,Star
19120,HIP19120,61.48068755729,15.49900276338,,,,,,SB*
19135,HIP19135,61.51805896202,53.59517132455,,,,,,Star
19148,HIP19148,61.56719884414,15.69812048525,,,,,,HighPM*
19164,HIP19164,61.64146316037,72.0349854834,,,,,,Star
19187,HIP19187,61.68447552033,17.6634341933,,,,,,Star
19189,HIP19189,61.6865302,5.68682176,,,,,,**
19207,HIP19207,61.75510661293,15.33502936321,,,,,,HighPM*
19249,HIP19249,61.87196810277,-6.00737774466,,,,,,Star
19263,HIP19263,61.92999580145,16.51879009505,,,,,,HighPM*
19281,HIP19281,61.97778289585,16.53061282734,,,,,,Star
19289,HIP19289,62.02020843417,79.61654698963,,,,,,HighPM*
19333,HIP19333,62.14882378977,-59.52681950056,,,,,,HighPM*
1936,HIP1936,6.1080553266517,-27.0267723991689,,,,,,HighPM*
19377,HIP19377,62.26295423496,71.3436829056,,,,,,Star
19402,HIP19402,62.34303379342,73.57041061079,,,,,,HighPM*
19450,HIP19450,62.47637323033,53.86915399748,,,,,,Star
19451,HIP19451,62.48462790788,15.86812844619,,,,,,Star
19465,HIP19465,62.52538867978,52.49611394978,,,,,,Star
19519,HIP19519,62.72987193751,15.94664837209,,,,,,Star
19586,HIP19586,62.96388457274,24.43080146099,,,,,,Star
19591,HIP19591,62.98427714112,23.63636465928,,,,,,RSCVnV*
19616,HIP19616,63.05298949475,20.74517894848,,,,,,ChemPec*
19665,HIP19665,63.19944689471,20.73520388556,,,,,,ChemPec*
19669,HIP19669,63.20433516329,19.53875410049,,,,,,Star
19734,HIP19734,63.45172355318,52.25235141174,,,,,,Star
19763,HIP19763,63.56234413999,18.89400740546,,,,,,SB*
19772,HIP19772,63.58728015084,19.57965988374,,,,,,HighPM*
19793,HIP19793,63.63464390524,23.57494406529,,,,,,BYDraV*
19822,HIP19822,63.7543522176,15.73772352643,,,,,,Star
19829,HIP19829,63.77627237966,24.3101277056,,,,,,Star
19834,HIP19834,63.79336856324,14.39845559932,,,,,,HighPM*
19847,HIP19847,63.82255921984,18.62541883034,,,,,,Star
19862,HIP19862,63.89036662432,15.70626726864,,,,,,HighPM*
19870,HIP19870,63.92682080953,20.81979804695,,,,,,SB*
19884,HIP19884,63.9870897568254,-53.3098074195183,,,,,,HighPM*
19893,HIP19893,64.00661092702,-51.48664797621,,,,,,gammaDorV*
19902,HIP19902,64.04232705315,25.51794706127,,,,,,Star
19949,HIP19949,64.17954879257,53.61180021655,,,,,,Star
1997,HIP1997,6.3281234837688,32.5035081803236,,,,,,Star
19975,HIP19975,64.2551001143629,19.6756786783936,,,,,,**
19987,HIP19987,64.3059841417,-7.39428013933,,,,,,Star
20007,HIP20007,64.34718587954,72.43068992777,,,,,,Star
20011,HIP20011,64.36448103867,16.59065318772,,,,,,Star
20012,HIP20012,64.3665062267234,23.4684616181,,,,,,HighPM*
20019,HIP20019,64.41227436048,16.94782983863,,,,,,SB*
20028,HIP20028,64.43718786317,52.37259517553,,,,,,HighPM*
20041,HIP20041,64.47312192577,17.39930048493,,,,,,Star
20047,HIP20047,64.48802380725,24.57793999703,,,,,,Star
20056,HIP20056,64.50765532389,18.2568047868,,,,,,RSCVnV*
20082,HIP20082,64.58029895483,16.08833137851,,,,,,BYDraV*
20086,HIP20086,64.5916795765,17.42164002416,,,,,,HighPM*
20137,HIP20137,64.76123893,-7.42312001,,,,,,**
20146,HIP20146,64.78336635298,17.5247542998,,,,,,HighPM*
20215,HIP20215,64.9785859642575,16.5225626633703,,,,,,**
2023,HIP2023,6.41837708929,22.94517770976,,,,,,Star
20237,HIP20237,65.05402757468,19.23347734727,,,,,,BYDraV*
20244,HIP20244,65.06929081174,7.85369504966,,,,,,Star
20273,HIP20273,65.18336255063,8.4089917306,,,,,,HighPM*
20350,HIP20350,65.38445203503,18.41758211376,,,,,,HighPM*
20352,HIP20352,65.38700683934,16.80295829094,,,,,,HighPM*
20356,HIP20356,65.3923739023696,6.9742621299442,,,,,,**
20360,HIP20360,65.40627156249,-6.28416275019,,,,,,Star
20369,HIP20369,65.42720077907,19.46854643327,,,,,,Star
20371,HIP20371,65.43892785992,13.58493496093,,,,,,Star
20381,HIP20381,65.47046830741,54.26024074007,,,,,,Star
20393,HIP20393,65.49906376325,11.57300884458,,,,,,EmLine*
20397,HIP20397,65.50394413372,12.50908333091,,,,,,HighPM*
20400,HIP20400,65.51465891589,14.07719803474,,,,,,delSctV*
20441,HIP20441,65.686333500575,16.7908773751687,,,,,,SB*
20477,HIP20477,65.83231186678,-0.96901083564,,,,,,HighPM*
20482,HIP20482,65.84521000703,19.65869926426,,,,,,BYDraV*
20505,HIP20505,65.9173018566,-19.47309279855,,,,,,Star
20527,HIP20527,65.97671911302,14.05210432217,,,,,,HighPM*
20541,HIP20541,66.0226961817,53.49526816427,,,,,,HighPM*
20553,HIP20553,66.05196286165,14.75821270311,,,,,,BYDraV*
20563,HIP20563,66.07058232597,18.00292050937,,,,,,BYDraV*
20567,HIP20567,66.09280509882,17.07895461286,,,,,,HighPM*
20577,HIP20577,66.11802904309,16.88616747743,,,,,,BYDraV*
20589,HIP20589,66.14830704045,-12.29864121749,,,,,,Star
20598,HIP20598,66.17476835,-8.75331056,,,,,,**
20603,HIP20603,66.1911112951,-9.22348229923,,,,,,Star
20605,HIP20605,66.20024230819,15.8747037329,,,,,,**
20614,HIP20614,66.23803150959,19.04200909623,,,,,,HighPM*
20655,HIP20655,66.38946372156,54.81870556618,,,,,,Star
20674,HIP20674,66.42487625812,29.90746226345,,,,,,Star
20679,HIP20679,66.4482761374247,18.0171931958702,,,,,,SB*
20692,HIP20692,66.48420973214,1.03177750653,,,,,,Star
20715,HIP20715,66.58792603795,8.59026446172,,,,,,bCepV*
20718,HIP20718,66.599022489,8.28740563643,,,,,,Star
20720,HIP20720,66.60849425479,54.72060387192,,,,,,Star
20728,HIP20728,66.62925960174,29.26263096262,,,,,,HighPM*
2072,HIP2072,6.5508389318483,-43.6798306587444,,,,,,HighPM*
20731,HIP20731,66.65043891545,7.08579754883,,,,,,Star
20745,HIP20745,66.67842853,12.68657875,,,,,,**
20748,HIP20748,66.69267049,55.64373275,,,,,,**
20757,HIP20757,66.71496683414,-7.59300850842,,,,,,Star
20761,HIP20761,66.72176096275,-18.65615461794,,,,,,HighPM*
20762,HIP20762,66.72642601469,13.1381764762,,,,,,HighPM*
20789,HIP20789,66.8227117865,22.99632727822,,,,,,**
20794,HIP20794,66.84252763453,7.06248620536,,,,,,Star
20806,HIP20806,66.88293841,-17.10848289,,,,,,**
20816,HIP20816,66.89982267189,6.61198783701,,,,,,alf2CVnV*
2081,HIP2081,6.57104752,-42.30598719,,,,,,SB*
20826,HIP20826,66.94197747012,11.73641899617,,,,,,HighPM*
20834,HIP20834,66.97045535116,24.4449659534822,,,,,,HighPM*
20849,HIP20849,67.01676081697,-12.00210969873,,,,,,Star
20857,HIP20857,67.04502458731,-12.26524446543,,,,,,Star
20878,HIP20878,67.11193415712,53.44157856359,,,,,,Star
20897,HIP20897,67.17573731634,20.67743095146,,,,,,Star
20904,HIP20904,67.2166437612385,30.3615500080568,,,,,,SB*
20936,HIP20936,67.33612015376,5.79461923345,,,,,,Star
20969,HIP20969,67.4394129849,-0.91986447003,,,,,,ChemPec*
20989,HIP20989,67.51561738889,29.04119206246,,,,,,Star
20994,HIP20994,67.53333891371,20.87659913599,,,,,,Star
21090,HIP21090,67.79555493268,14.68977177304,,,,,,Star
21105,HIP21105,67.84645436409,31.27816520436,,,,,,Star
21112,HIP21112,67.87228909752,13.90342620697,,,,,,SB*
21122,HIP21122,67.90065833043,29.92707446814,,,,,,Star
21152,HIP21152,68.02003578571,5.4100411573,,,,,,HighPM*
21161,HIP21161,68.05080197528,-1.50745296709,,,,,,Star
2117,HIP2117,6.71766803524,-5.52269039279,,,,,,Star
2119,HIP2119,6.72093010491,-5.51650547694,,,,,,Star
21208,HIP21208,68.23798264521,-0.15081509103,,,,,,Star
2121,HIP2121,6.72133942952,-0.92968577239,,,,,,Star
21210,HIP21210,68.24206005515,-15.7681620619,,,,,,Star
21222,HIP21222,68.24229143232,-16.54311153337,,,,,,HighPM*
21246,HIP21246,68.37035058221,24.27931284416,,,,,,Star
21248,HIP21248,68.37730105433,-29.76649184907,,,,,,HighPM*
21279,HIP21279,68.47917231585,-18.17957234285,,,,,,HighPM*
21307,HIP21307,68.6118761313,0.40699265507,,,,,,HighPM*
2131,HIP2131,6.7582352009,60.40281264874,,,,,,HighPM*
21341,HIP21341,68.68933955752,22.69231401834,,,,,,HighPM*
21348,HIP21348,68.70904547268,22.89044572297,,,,,,Star
21370,HIP21370,68.77846080186,-8.69346887884,,,,,,Star
21382,HIP21382,68.83802522213,-8.29168776487,,,,,,Star
214,HIP214,0.66917939828,28.54222949779,,,,,,Star
21409,HIP21409,68.93120580269,-19.22346879319,,,,,,Star
21410,HIP21410,68.93139653014,59.40081820041,,,,,,Star
21430,HIP21430,69.01569717947,-18.72609646912,,,,,,Star
21432,HIP21432,69.01924356311,9.20482488515,,,,,,EmLine*
21434,HIP21434,69.0388988,8.22578002,,,,,,**
21453,HIP21453,69.10320456454,13.12264902657,,,,,,Star
21488,HIP21488,69.22467182,-14.92569928,,,,,,**
21489,HIP21489,69.22628720957,-14.88671096982,,,,,,HighPM*
21508,HIP21508,69.28454189062,-14.11762119336,,,,,,Star
21542,HIP21542,69.38223279201,14.30202062658,,,,,,Star
21544,HIP21544,69.38509057725,60.09033533853,,,,,,Star
21558,HIP21558,69.4313121257,78.98661433862,,,,,,Star
21597,HIP21597,69.5519255803,65.2655905735,,,,,,Star
21626,HIP21626,69.6510017165,8.17517874711,,,,,,Be*
21627,HIP21627,69.65377418979,58.66237697187,,,,,,Star
21654,HIP21654,69.73883800884,14.10556781123,,,,,,SB*
21670,HIP21670,69.77566257788,7.87098705899,,,,,,HighPM*
21689,HIP21689,69.84645496499,25.21827663056,,,,,,Star
21705,HIP21705,69.90510182567,-14.59556898428,,,,,,HighPM*
21710,HIP21710,69.9275357035613,9.8720698284228,,,,,,SB*
21720,HIP21720,69.94763496232,66.86802877669,,,,,,Star
21759,HIP21759,70.0875619349,25.05214817291,,,,,,Star
21768,HIP21768,70.13599543971,24.44203605083,,,,,,OrionV*
21854,HIP21854,70.49429610969,65.09573314423,,,,,,Star
2191,HIP2191,6.91881851609,58.5539104671,,,,,,Star
21918,HIP21918,70.70347764257,12.20976544165,,,,,,HighPM*
21921,HIP21921,70.7092432225642,66.7358178984089,,,,,,HighPM*
21973,HIP21973,70.84048123687,12.44601017768,,,,,,Star
21991,HIP21991,70.90140316452,-15.80505745216,,,,,,HighPM*
2201,HIP2201,6.9580846313637,-6.4860938718133,,,,,,HighPM*
22052,HIP22052,71.14099794572,-16.06503906479,,,,,,Star
2206,HIP2206,6.9707914364308,23.57156735824,,,,,,**
22075,HIP22075,71.22942936204,52.33967840658,,,,,,Star
22143,HIP22143,71.47770070312,52.77809003338,,,,,,Star
22157,HIP22157,71.50725170684,11.70558675822,,,,,,HighPM*
22160,HIP22160,71.52035806429,78.34391267221,,,,,,Star
22188,HIP22188,71.59695240301,79.1513564677,,,,,,Star
22191,HIP22191,71.60360986572,64.60800318953,,,,,,HighPM*
22236,HIP22236,71.75890695376,41.30502915546,,,,,,Star
22264,HIP22264,71.9042556009,11.78669138411,,,,,,Star
22267,HIP22267,71.91679420534,13.11465519396,,,,,,Star
22270,HIP22270,71.92241602146,-0.08884972463,,,,,,Star
22279,HIP22279,71.9564316776725,53.3011194410961,,,,,,**
22296,HIP22296,72.0244691823,0.6757828794,,,,,,Star
22297,HIP22297,72.02511402264,52.60629932345,,,,,,ChemPec*
22317,HIP22317,72.10203340188,1.46822452136,,,,,,Star
22343,HIP22343,72.16433334189,3.6492826171,,,,,,Star
22367,HIP22367,72.23439903068,3.68970043619,,,,,,Star
22394,HIP22394,72.30410860571,24.80284079139,,,,,,RSCVnV*
22412,HIP22412,72.34328732065,-3.78240984493,,,,,,EmLine*
22413,HIP22413,72.35499087522,47.19474158083,,,,,,Star
22424,HIP22424,72.3864598040442,-14.7895737019989,,,,,,HighPM*
2243,HIP2243,7.11903935853,32.43774326567,,,,,,alf2CVnV*
22432,HIP22432,72.40831123292,-15.80903076547,,,,,,HighPM*
22438,HIP22438,72.42496601962,47.51155241694,,,,,,Star
22442,HIP22442,72.43454797743,-15.74117859948,,,,,,RRLyrae
22446,HIP22446,72.45010710148,23.39575685238,,,,,,HighPM*
22454,HIP22454,72.47866578555,-2.47740707348,,,,,,delSctV*
22483,HIP22483,72.55590160548,2.27300918939,,,,,,SB*
225,HIP225,0.70010803006,-15.04054139244,,,,,,Star
22511,HIP22511,72.65740434021,-4.12138125408,,,,,,Star
22536,HIP22536,72.75263266157,24.1226593567,,,,,,Star
22574,HIP22574,72.8682642968,-0.54662655534,,,,,,gammaDorV*
2258,HIP2258,7.19097976967,42.38504099938,,,,,,Star
22634,HIP22634,73.0455487439529,0.7522369755903,,,,,,Star
22644,HIP22644,73.08192071358,-7.89570497087,,,,,,Variable*
22652,HIP22652,73.09215158307,-3.17292829229,,,,,,Star
22676,HIP22676,73.15329181998,17.3334740981,,,,,,Star
22687,HIP22687,73.18576135154,-7.65171094026,,,,,,Star
22689,HIP22689,73.19134049753,0.68723878544,,,,,,Star
22709,HIP22709,73.25243425064,55.04494110363,,,,,,Star
22720,HIP22720,73.29075810206,52.84115492431,,,,,,Star
22738,HIP22738,73.38003506,-55.8603103,,,,,,SB*
22740,HIP22740,73.38288368924,16.821971631,,,,,,Star
22773,HIP22773,73.4818453059,15.93171701954,,,,,,HighPM*
22790,HIP22790,73.54818678709,-14.94336242815,,,,,,Star
22812,HIP22812,73.6165644017,-3.2259221131,,,,,,**
22908,HIP22908,73.93987033352,-2.33775496781,,,,,,Star
22909,HIP22909,73.94002604475,-7.8938062166,,,,,,Star
22924,HIP22924,73.99402149371,-14.87397645079,,,,,,HighPM*
22936,HIP22936,74.0294682528,52.86973734086,,,,,,Star
22954,HIP22954,74.07897805,-1.87017831,,,,,,**
22962,HIP22962,74.1094622432,-15.38074945811,,,,,,Star
22966,HIP22966,74.13091371465,40.16918538938,,,,,,Star
22979,HIP22979,74.17844621,39.28986015,,,,,,**
22991,HIP22991,74.19961856139,-16.13508066747,,,,,,Star
230,HIP230,0.71587526734,30.33653991461,,,,,,HighPM*
23020,HIP23020,74.2604500299,49.92207378346,,,,,,HighPM*
23040,HIP23040,74.3216574649263,53.7521020135608,,,,,,SB*
23049,HIP23049,74.40492577501,17.39217496599,,,,,,SB*
23139,HIP23139,74.68709809027,17.98708025698,,,,,,HighPM*
23166,HIP23166,74.7556771,-16.37602473,,,,,,**
23167,HIP23167,74.76127981346,21.73645949719,,,,,,HighPM*
23194,HIP23194,74.87164470964,-2.0665462714,,,,,,Star
23214,HIP23214,74.9346751193,15.91673241203,,,,,,HighPM*
23237,HIP23237,75.00515047648,-15.79866414963,,,,,,Star
23253,HIP23253,75.05784786094,20.92776546,,,,,,Star
23261,HIP23261,75.07641520227,39.39470533263,,,,,,**
23274,HIP23274,75.1089412939763,41.9616387174103,,,,,,**
23284,HIP23284,75.13973792232,22.61573775505,,,,,,Star
23305,HIP23305,75.18246384218,-7.53164395483,,,,,,Star
23319,HIP23319,75.22595919066,-2.41864165155,,,,,,Star
2336,HIP2336,7.46526337826,38.32414494359,,,,,,HighPM*
23364,HIP23364,75.3597740931633,-7.1739647864411,,,,,,**
2337,HIP2337,7.46623753411,-14.86410891068,,,,,,HighPM*
23386,HIP23386,75.41071408959,-2.72070439736,,,,,,Star
23411,HIP23411,75.47376287447,-19.66273414481,,,,,,SB*
2343,HIP2343,7.48056403081,-1.11774671331,,,,,,HighPM*
23452,HIP23452,75.6186289760158,-21.2566785552456,,,,,,**
2351,HIP2351,7.50013741101,-14.42364877189,,,,,,Star
23516,HIP23516,75.84118250213,-23.2503083581586,,,,,,SB*
23556,HIP23556,75.97488517499,40.68330451949,,,,,,Star
23586,HIP23586,76.0749883881267,-6.0312933618278,,,,,,**
2360,HIP2360,7.53869538939,24.60723549315,,,,,,EmLine*
23650,HIP23650,76.24431769613,41.88042278968,,,,,,Star
23655,HIP23655,76.25918076637,43.31281554471,,,,,,HighPM*
23659,HIP23659,76.2673239164,-1.31134715409,,,,,,Star
2366,HIP2366,7.54965583906,35.64354439413,,,,,,Star
23664,HIP23664,76.2799431793,39.27886427879,,,,,,Star
23688,HIP23688,76.3696193740092,40.2573244532461,,,,,,HighPM*
23693,HIP23693,76.37773197557,-57.47270469412,,,,,,HighPM*
23708,HIP23708,76.44738360624,-57.55383203246,,,,,,HighPM*
23716,HIP23716,76.48014079,-13.91374536,,,,,,**
23735,HIP23735,76.53624404891,-13.64998074863,,,,,,SB*
23752,HIP23752,76.57871943,2.9538821,,,,,,**
23755,HIP23755,76.59230934891,-14.69657696912,,,,,,alf2CVnV*
23757,HIP23757,76.59545995155,2.67326224801,,,,,,Star
23777,HIP23777,76.65309526838,-13.12262127748,,,,,,Star
23809,HIP23809,76.75879922588,-0.79240020059,,,,,,SB*
23818,HIP23818,76.79060394457,-19.39190343567,,,,,,**
23825,HIP23825,76.82677481238,42.09558703003,,,,,,Star
2386,HIP2386,7.61144412214,-15.91526211982,,,,,,HighPM*
23867,HIP23867,76.94275743682,0.25656365157,,,,,,Star
23903,HIP23903,77.03101237322,-0.60838037023,,,,,,SB*
2393,HIP2393,7.6223510143,32.17690659309,,,,,,Star
23943,HIP23943,77.18756033814,75.8930400077,,,,,,Star
23970,HIP23970,77.28544260508,-14.73221660292,,,,,,Star
23997,HIP23997,77.38119642286,3.86071835504,,,,,,Star
2400,HIP2400,7.64556787579,36.16906452512,,,,,,Star
24030,HIP24030,77.48732907025,5.55742813953,,,,,,HighPM*
24036,HIP24036,77.50549967075,75.68183748559,,,,,,Star
24092,HIP24092,77.63733020489,-18.66244361948,,,,,,Star
24093,HIP24093,77.63761104631,5.31495316168,,,,,,Star
24094,HIP24094,77.6382001266,-15.9876518175,,,,,,Star
24116,HIP24116,77.69805428575,20.5691741783,,,,,,SB*
24125,HIP24125,77.7276348843,79.48143069439,,,,,,Star
2420,HIP2420,7.71787523285,41.52163555035,,,,,,Star
24301,HIP24301,78.2226498036,19.7221695857805,,,,,,HighPM*
24305,HIP24305,78.23292901709,-16.20546349975,,,,,,alf2CVnV*
2434,HIP2434,7.75669190957,43.37397572801,,,,,,HighPM*
24416,HIP24416,78.58024274722,11.48818082388,,,,,,Star
24425,HIP24425,78.61522694495,-10.41660987329,,,,,,SB*
24440,HIP24440,78.6480063894629,76.4727564651508,,,,,,Star
24452,HIP24452,78.68760327,12.52539858,,,,,,**
24493,HIP24493,78.82707229936,-1.40915576632,,,,,,HighPM*
24527,HIP24527,78.93045434732,12.87930868899,,,,,,HighPM*
24531,HIP24531,78.94332606288,-1.2779038547,,,,,,ChemPec*
24552,HIP24552,79.00198549222,-9.80983160667,,,,,,Ae*
24580,HIP24580,79.1028928637,-1.6420129511,,,,,,**
24636,HIP24636,79.29862793361,-1.96253168601,,,,,,Star
24659,HIP24659,79.3712030790154,-34.8952007672378,,,,,,HighPM*
24689,HIP24689,79.43245449389,-0.37010187295,,,,,,Star
2469,HIP2469,7.8379535718,39.01091630371,,,,,,Star
24692,HIP24692,79.43794267622,-8.65181720966,,,,,,HighPM*
24709,HIP24709,79.50409651256,-0.03769406826,,,,,,Variable*
2471,HIP2471,7.84980397878,-2.01737510537,,,,,,SB*
2473,HIP2473,7.85452692952,38.98058723557,,,,,,Star
24758,HIP24758,79.62489346357,-1.1382400545,,,,,,Star
24783,HIP24783,79.69662695234,-21.39375686283,,,,,,HighPM*
24849,HIP24849,79.9115569556117,-1.1084971897983,,,,,,Star
24851,HIP24851,79.91710250537,-1.35620812155,,,,,,Star
2493,HIP2493,7.9100323483,58.1436616736,,,,,,**
2500,HIP2500,7.92615175606,3.75625140793,,,,,,Star
2510,HIP2510,7.95729526831,4.84616151369,,,,,,gammaDorV*
25127,HIP25127,80.6780319595,13.22908589447,,,,,,Star
2514,HIP2514,7.97010488687,48.65785900027,,,,,,Star
2521,HIP2521,7.98900179945,3.86237620712,,,,,,Star
25228,HIP25228,80.93272397944,12.77577090681,,,,,,Star
25283,HIP25283,81.12570642031,-38.96965196607,,,,,,HighPM*
25364,HIP25364,81.3780860098,-14.1251806831,,,,,,Star
25365,HIP25365,81.3794977015546,-0.54392469069,,,,,,**
25368,HIP25368,81.40207657361,-1.49129346253,,,,,,Star
25394,HIP25394,81.48281438511,-2.33552225041,,,,,,PulsV*
25421,HIP25421,81.56140871155,-32.5047604555,,,,,,HighPM*
2543,HIP2543,8.0907908951167,58.3385773176456,,,,,,Star
25440,HIP25440,81.6093153526,-14.04920611575,,,,,,HighPM*
25470,HIP25470,81.70123959204,13.58218570278,,,,,,Star
25513,HIP25513,81.84059393884,14.02897415882,,,,,,Star
25516,HIP25516,81.8510304363,53.59107404738,,,,,,Star
25535,HIP25535,81.90419620717,53.75035937188,,,,,,Star
25544,HIP25544,81.91396727198,-60.41599616556,,,,,,HighPM*
25561,HIP25561,81.94917055127,15.06576899814,,,,,,Star
25566,HIP25566,81.97095517082,56.27883283123,,,,,,HighPM*
25577,HIP25577,81.99625985676,12.91169534306,,,,,,EclBin
25582,HIP25582,82.00612562066,1.29825005165,,,,,,Star
25638,HIP25638,82.14488970165,13.67897885542,,,,,,Star
25645,HIP25645,82.17537697764,1.22696980866,,,,,,SB*
25647,HIP25647,82.18696340245,-65.44866642978,,,,,,TTauri*
25650,HIP25650,82.19512553722,54.92944319155,,,,,,Star
25678,HIP25678,82.26167156784,14.74401800578,,,,,,HighPM*
25714,HIP25714,82.35702359906,77.97751582037,,,,,,Star
25716,HIP25716,82.36257213228,15.5772892455,,,,,,HighPM*
25727,HIP25727,82.40648057482,-0.02125698023,,,,,,Star
25749,HIP25749,82.47156284375,53.43280202353,,,,,,Star
25775,HIP25775,82.55835096406,-42.69732774909,,,,,,BYDraV*_Candidate
2578,HIP2578,8.18293906071,-63.0315005636,,,,,,**
2579,HIP2579,8.18367806181,-13.48707180208,,,,,,alf2CVnV*
25790,HIP25790,82.60901566315,15.36044715972,,,,,,Star
2586,HIP2586,8.20875775505,-13.25764306797,,,,,,HighPM*
2587,HIP2587,8.2158860908746,35.8579504575578,,,,,,Star
25883,HIP25883,82.88895485114,64.318774539,,,,,,HighPM*
25899,HIP25899,82.92761068065,55.52105589159,,,,,,HighPM*
2596,HIP2596,8.24550333832,48.65826840984,,,,,,LongPeriodV*
26,HIP26,0.08409513462,-13.39337384093,,,,,,HighPM*
26006,HIP26006,83.25755192208,56.24720835307,,,,,,HighPM*
26017,HIP26017,83.27816086366,-12.90361167855,,,,,,Star
26031,HIP26031,83.30691773691,51.47041878929,,,,,,Star
26033,HIP26033,83.30793837678,39.49987797075,,,,,,Star
26037,HIP26037,83.32033121231,39.50570287812,,,,,,HighPM*
26042,HIP26042,83.32780909012,-11.43488237759,,,,,,SB*
26051,HIP26051,83.36184101655,38.78394106004,,,,,,Star
26074,HIP26074,83.41547071418,-13.53199662632,,,,,,Star
26097,HIP26097,83.48570582245,76.39872183815,,,,,,Star
26106,HIP26106,83.51621148288,-1.035726707,,,,,,Star
26120,HIP26120,83.56211630717,-2.8816650225,,,,,,OrionV*
26124,HIP26124,83.56834817195,56.27142322582,,,,,,**
26133,HIP26133,83.58950778828,-11.76548310268,,,,,,Star
26137,HIP26137,83.60033954206,-4.804337886,,,,,,PulsV*
26156,HIP26156,83.64308349394,-1.74371068519,,,,,,Star
26168,HIP26168,83.6859070151,-11.79853286868,,,,,,Star
26180,HIP26180,83.72131002423,65.1148387439,,,,,,Star
26186,HIP26186,83.73175132931,65.04854247042,,,,,,Star
26195,HIP26195,83.74894467408,59.52393712526,,,,,,Star
26213,HIP26213,83.80328060875,-0.7353641097,,,,,,SB*
26233,HIP26233,83.84111142857,-4.49417343759,,,,,,SB*
26237,HIP26237,83.846519387785,-4.8383499402764,,,,,,YSO
26243,HIP26243,83.86071300215,-15.73793310072,,,,,,PulsV*
26254,HIP26254,83.87598266414,0.49568108429,,,,,,Star
26369,HIP26369,84.22956895097,-47.96331576635,,,,,,Star
26501,HIP26501,84.53912651,-46.10603976,,,,,,**
26549,HIP26549,84.68652242855,-2.60007866108,,,,,,YSO
26551,HIP26551,84.69010556463,-2.59969296634,,,,,,YSO
26556,HIP26556,84.70216809107,55.74797032602,,,,,,Star
26558,HIP26558,84.70915957998,-4.27178107318,,,,,,Star
267,HIP267,0.83536025967,-4.14575464039,,,,,,Star
26705,HIP26705,85.12923979885,5.00813577552,,,,,,Star
26767,HIP26767,85.29050289904,4.23992994151,,,,,,Star
26800,HIP26800,85.37584559337,-17.71529184446,,,,,,Star
26809,HIP26809,85.39708619437,-16.43453355456,,,,,,HighPM*
2681,HIP2681,8.49424379429,42.08841237375,,,,,,Star
26821,HIP26821,85.42296130146,-16.72582892203,,,,,,Be*
26828,HIP26828,85.44478797835,22.87035804288,,,,,,SB*
26835,HIP26835,85.47339461979,4.98818468277,,,,,,Star
26836,HIP26836,85.47817880745,23.32623052643,,,,,,Star
26879,HIP26879,85.60124860113,18.68734213561,,,,,,Star
26925,HIP26925,85.72363827948,18.9803605642,,,,,,Star
26941,HIP26941,85.75464582988,-11.82432188226,,,,,,Star
26944,HIP26944,85.75838066698,22.67567531886,,,,,,Star
26962,HIP26962,85.82596757331,-10.71217176683,,,,,,Star
27056,HIP27056,86.07055588457,-2.34340043805,,,,,,EmLine*
27072,HIP27072,86.115794237325,-22.4483854878483,,,,,,HighPM*
27074,HIP27074,86.1172843741936,-2.9118234556844,,,,,,**
27080,HIP27080,86.1329915003675,-70.143571609965,,,,,,HighPM*
27084,HIP27084,86.13870979537,-1.61476838966,,,,,,Star
27089,HIP27089,86.16344681793,-12.77668772586,,,,,,Star
2711,HIP2711,8.6159649977,-52.37309151753,,,,,,HighPM*
27305,HIP27305,86.77611083451,-10.63022977949,,,,,,Star
27323,HIP27323,86.8258931381254,-48.5251402272175,,,,,,HighPM*
27359,HIP27359,86.9190786661179,-36.3285656346422,,,,,,HighPM*
27390,HIP27390,87.00864157951,12.41840368843,,,,,,Star
27397,HIP27397,87.0714090097971,-11.1346213300339,,,,,,HighPM*
27453,HIP27453,87.19712722172,11.99721713105,,,,,,Star
27470,HIP27470,87.26498705585,-1.89894745555,,,,,,EmLine*
27477,HIP27477,87.27798010204,-11.08278912656,,,,,,Star
2751,HIP2751,8.78167999012,7.72327096878,,,,,,Star
27511,HIP27511,87.3872097230296,12.6513224126408,,,,,,Star
27541,HIP27541,87.48885193673,60.56894446038,,,,,,EmLine*
27589,HIP27589,87.63373455506,-3.16800631215,,,,,,**
27604,HIP27604,87.66441331245,-1.42978546473,,,,,,Star
27628,HIP27628,87.7399678528854,-35.76830962121,,,,,,HighPM*
27654,HIP27654,87.8304001160367,-20.8790918488403,,,,,,HighPM*
27820,HIP27820,88.30249739881,11.81422564612,,,,,,HighPM*
27832,HIP27832,88.33334150495,61.67606422767,,,,,,Star
27878,HIP27878,88.494780108,12.41943717945,,,,,,**
27887,HIP27887,88.51766875012,-60.0234702799,,,,,,HighPM*
27890,HIP27890,88.5252274382408,-63.0897802873511,,,,,,HighPM*
27896,HIP27896,88.5450548546917,-50.3625502454608,,,,,,HighPM*
2792,HIP2792,8.89321185579,40.45036895478,,,,,,EmLine*
27924,HIP27924,88.63443742794,11.76320071435,,,,,,Star
27947,HIP27947,88.70871381838,-52.63548061132,,,,,,HighPM*
27971,HIP27971,88.7409423662,59.88836865484,,,,,,SB*
28061,HIP28061,88.99851800896,70.96391732379,,,,,,HighPM*
28243,HIP28243,89.5287858304,69.60430322882,,,,,,Star
28312,HIP28312,89.73789393099,18.97986371588,,,,,,HighPM*
28320,HIP28320,89.75116485875,71.33400256458,,,,,,Star
2833,HIP2833,8.98852131261,7.60915093281,,,,,,Star
28348,HIP28348,89.85206870916,17.81475943879,,,,,,HighPM*
28359,HIP28359,89.88246447089,18.85212583543,,,,,,Star
28397,HIP28397,89.97096724667,9.53369083748,,,,,,Star
28432,HIP28432,90.06482104008,8.95617637929,,,,,,SB*
28433,HIP28433,90.07160817197,12.61139746469,,,,,,Star
28442,HIP28442,90.08135212,-31.02878064,,,,,,**
28456,HIP28456,90.11810523551,10.21805794671,,,,,,SB*
2847,HIP2847,9.01527858365,7.15597723416,,,,,,HighPM*
28494,HIP28494,90.2248866660746,21.0209919212211,,,,,,HighPM*
28523,HIP28523,90.31302251763,65.52539052569,,,,,,HighPM*
2852,HIP2852,9.02857135683,-22.84233535948,,,,,,delSctV*
28538,HIP28538,90.37089483916,13.13157404439,,,,,,SB*
28561,HIP28561,90.42345606377,22.40099536229,,,,,,Be*
2860,HIP2860,9.06440599542,48.55576226739,,,,,,SB*
28612,HIP28612,90.58954366,64.96832728,,,,,,**
28620,HIP28620,90.62842788831,13.28963829151,,,,,,SB*
28663,HIP28663,90.78601870298,14.36511145469,,,,,,SB*
28694,HIP28694,90.87319989386,73.07154761939,,,,,,Star
28696,HIP28696,90.88446103351,8.5895743869,,,,,,Star
28728,HIP28728,91.023931470975,21.4941394672917,,,,,,delSctV*
28750,HIP28750,91.07068286151,6.49110620457,,,,,,Star
28753,HIP28753,91.07853345343,64.7481247426,,,,,,HighPM*
28764,HIP28764,91.11849706921,-45.03660354066,,,,,,SB*
28807,HIP28807,91.22656899484,61.91081088833,,,,,,Star
28813,HIP28813,91.24264777677,14.38843700873,,,,,,HighPM*
28832,HIP28832,91.2907050307821,7.128032433965,,,,,,**
28834,HIP28834,91.29507000896,15.44912265261,,,,,,Star
28842,HIP28842,91.3163077658,73.9996276031,,,,,,**
28848,HIP28848,91.34499913529,9.27960803183,,,,,,EclBin
28860,HIP28860,91.38574550252,60.67408029137,,,,,,Star
28882,HIP28882,91.46907290963,5.73792326489,,,,,,Star
28892,HIP28892,91.49606701302,72.39939763348,,,,,,Star
28893,HIP28893,91.5012471662,9.8719069203,,,,,,Star
28902,HIP28902,91.52413941533,69.47617633634,,,,,,HighPM*
28903,HIP28903,91.52605620311,13.53698819503,,,,,,Star
28940,HIP28940,91.6249708743342,4.5114709246847,,,,,,HighPM*
28963,HIP28963,91.6819405724,72.60297420894,,,,,,HighPM*
28965,HIP28965,91.68279745312,20.73003600184,,,,,,Star
29038,HIP29038,91.8930213474954,14.76847520543,,,,,,SB*
29043,HIP29043,91.91614461092,4.40378853975,,,,,,Star
29052,HIP29052,91.93223497264,-25.74486194519,,,,,,HighPM*
2906,HIP2906,9.20536921001,39.61746503298,,,,,,ChemPec*
29061,HIP29061,91.95261020558,22.00262885381,,,,,,HighPM*
29063,HIP29063,91.9679056242354,8.2195165366617,,,,,,HighPM*
29077,HIP29077,92.00995802333,21.29542938074,,,,,,Star
29106,HIP29106,92.07545461362,13.97153194347,,,,,,bCepV*
29121,HIP29121,92.11398541602,13.93087062986,,,,,,bCepV*
29138,HIP29138,92.19596774483,8.66943333332,,,,,,Star
29162,HIP29162,92.27534716993,56.19729487707,,,,,,Star
29212,HIP29212,92.4068059521,4.71759932774,,,,,,Star
29231,HIP29231,92.44489047479,0.98052350541,,,,,,Star
29249,HIP29249,92.50649735314,56.26402759968,,,,,,Star
29253,HIP29253,92.52221027643,-0.30237817741,,,,,,PulsV*
29261,HIP29261,92.54185867812,6.32013421539,,,,,,delSctV*
29271,HIP29271,92.56030242653,-74.75304398106,,,,,,HighPM*
29287,HIP29287,92.62130502446,62.2205154009,,,,,,HighPM*
29295,HIP29295,92.6442288992363,-21.8646267647017,,,,,,HighPM*
29381,HIP29381,92.88750787492,6.34444485895,,,,,,Star
29396,HIP29396,92.92283117464,7.77862516142,,,,,,HighPM*
29417,HIP29417,92.96589306886,-6.55028342077,,,,,,Star
2941,HIP2941,9.33633168,-24.76727341,,,,,,SB*
2948,HIP2948,9.36000059813,40.33237608779,,,,,,Star
29492,HIP29492,93.22120014655,21.26011125929,,,,,,Star
29499,HIP29499,93.23534959431,84.09765765911,,,,,,Star
2952,HIP2952,9.3733978636,21.91985996735,,,,,,Star
29578,HIP29578,93.48447559438,-6.82315224209,,,,,,SB*
29579,HIP29579,93.48792988746,-7.24807498772,,,,,,Star
29589,HIP29589,93.53721324954,23.98645623835,,,,,,delSctV*
29600,HIP29600,93.56553140951,84.98668186746,,,,,,HighPM*
29629,HIP29629,93.65292793118,-4.56845589625,,,,,,**
29676,HIP29676,93.78012179608,-4.61998167496,,,,,,Star
2968,HIP2968,9.44041552979,72.89485194387,,,,,,Star
29687,HIP29687,93.81432061146,22.30113361279,,,,,,bCepV*
29689,HIP29689,93.82299784197,22.29494887542,,,,,,Star
29711,HIP29711,93.87363790485,-4.91471796778,,,,,,Star
29716,HIP29716,93.89277138291,-0.51218910407,,,,,,HighPM*
29755,HIP29755,93.98645515664,60.84601685711,,,,,,Star
2977,HIP2977,9.47947613205,48.29311160315,,,,,,Star
29770,HIP29770,94.03167123,-2.88217852,,,,,,**
2978,HIP2978,9.48105196799,39.35007246255,,,,,,Star
29782,HIP29782,94.06158609075,0.01526772118,,,,,,Star
29806,HIP29806,94.13433728536,-7.32417953697,,,,,,Star
29883,HIP29883,94.39197989074,79.32993497483,,,,,,Star
30026,HIP30026,94.77630261083,-3.74693489446,,,,,,Star
30030,HIP30030,94.78357291138,-3.43898923274,,,,,,BYDraV*
30073,HIP30073,94.92833349119,-7.82290591822,,,,,,SB*
30086,HIP30086,94.9795701775,-7.2506361817,,,,,,**
301,HIP301,0.9349492958375,-17.3359914428644,,,,,,Star
30105,HIP30105,95.02844099766,-7.87198416497,,,,,,**
30129,HIP30129,95.10188357071,80.35636301106,,,,,,HighPM*
30149,HIP30149,95.16686640934,-9.89100460889,,,,,,Star
30166,HIP30166,95.21169031,84.17898821,,,,,,**
30167,HIP30167,95.21030358576,-4.59547209698,,,,,,HighPM*
30240,HIP30240,95.42877399268,-9.68290405256,,,,,,Star
3026,HIP3026,9.6331138508971,-8.3092757851853,,,,,,HighPM*
30264,HIP30264,95.49359343137,-8.22967442261,,,,,,Star
30265,HIP30265,95.50203992387,-9.49392201921,,,,,,Star
30314,HIP30314,95.62892024219,-60.21865196036,,,,,,HighPM*
30324,HIP30324,95.6749389696,-17.9559187089,,,,,,bCepV*
30393,HIP30393,95.86891121386,20.39212656845,,,,,,Star
30414,HIP30414,95.92818564292,-16.46718922466,,,,,,Star
30446,HIP30446,96.00756893183,19.90897479493,,,,,,Star
3046,HIP3046,9.67980256781,36.59376297424,,,,,,Star
30469,HIP30469,96.0881099794,-16.2245685347,,,,,,Variable*
30487,HIP30487,96.12866179603,20.96162863352,,,,,,Star
3052,HIP3052,9.68923057138,21.74466527584,,,,,,Star
30568,HIP30568,96.37662302289,76.23601494789,,,,,,Star
3058,HIP3058,9.70530202496,59.82615248858,,,,,,Star
3062,HIP3062,9.7144071405683,33.0382022003253,,,,,,SB*
30724,HIP30724,96.82616777841,26.66913841121,,,,,,Star
3077,HIP3077,9.7513192630996,40.6711186998133,,,,,,**
3080,HIP3080,9.78230867152,51.02707859626,,,,,,HighPM*
30839,HIP30839,97.15999920967,26.07145299865,,,,,,Star
30880,HIP30880,97.23493135005,26.96745605628,,,,,,HighPM*
30892,HIP30892,97.27279420626,76.99615736499,,,,,,Star
3090,HIP3090,9.82860085813,-1.96761741528,,,,,,Star
3091,HIP3091,9.83120172351,41.92534132355,,,,,,EmLine*
31055,HIP31055,97.74924646885,-14.48896764303,,,,,,Star
31075,HIP31075,97.81511153633,-13.60169548924,,,,,,Star
3109,HIP3109,9.89727257802,36.79051068528,,,,,,Star
31142,HIP31142,98.0093137142954,34.5243055533206,,,,,,HighPM*
3115,HIP3115,9.90955550994,-3.08317360915,,,,,,HighPM*
31238,HIP31238,98.29032573984,46.47623796111,,,,,,Star
31244,HIP31244,98.30192298181,-14.09610665723,,,,,,Star
31245,HIP31245,98.30213941862,46.57408786558,,,,,,Star
31256,HIP31256,98.33306862787,44.93689686992,,,,,,Star
31272,HIP31272,98.3678600208,75.55101865691,,,,,,HighPM*
3136,HIP3136,9.96629442778,63.22753457412,,,,,,Star
31370,HIP31370,98.66572322606,1.72769346487,,,,,,Star
31406,HIP31406,98.74324388071,0.50408907782,,,,,,Star
31420,HIP31420,98.76750227367,1.81686583759,,,,,,Star
31431,HIP31431,98.78955034,34.94968157,,,,,,**
31458,HIP31458,98.85294430029,33.9267990621,,,,,,Star
31529,HIP31529,99.01691144826,81.32935683857,,,,,,HighPM*
3161,HIP3161,10.05652391464,7.78833600021,,,,,,HighPM*
31669,HIP31669,99.41650094081,1.81148927353,,,,,,Star
31677,HIP31677,99.4244116447,2.10080662282,,,,,,Star
3169,HIP3169,10.10171835715,-7.65665365345,,,,,,HighPM*
31698,HIP31698,99.47103186047,2.26942612045,,,,,,Star
3170,HIP3170,10.1069577797688,-59.4546018193933,,,,,,HighPM*
31711,HIP31711,99.50147187071,-61.53336504661,,,,,,BYDraV*
31740,HIP31740,99.60285210332,48.7986075991,,,,,,HighPM*
3176,HIP3176,10.1210821195567,36.450427768445,,,,,,**
3183,HIP3183,10.13444352891,-1.77101998584,,,,,,HighPM*
31904,HIP31904,100.02298874086,-2.36167987813,,,,,,Star
31933,HIP31933,100.10348421423,49.51943047437,,,,,,Star
31944,HIP31944,100.13066048685,61.92252561041,,,,,,Star
31953,HIP31953,100.15903692927,35.55899150118,,,,,,Star
31972,HIP31972,100.2317713183,34.95872278307,,,,,,Star
32009,HIP32009,100.31105837134,14.85030928518,,,,,,HighPM*
32015,HIP32015,100.32951129174,82.26734315318,,,,,,SB*
32020,HIP32020,100.34142277552,16.39765274421,,,,,,Star
3203,HIP3203,10.19784662912,-7.23260959645,,,,,,YSO
32040,HIP32040,100.40733070855,35.93192026261,,,,,,SB*
32049,HIP32049,100.44776397443,14.41344482861,,,,,,Star
32072,HIP32072,100.51954986087,3.24829973745,,,,,,**
32092,HIP32092,100.56925614934,42.84859260767,,,,,,Star
32152,HIP32152,100.71793964063,41.61152042014,,,,,,Star
32214,HIP32214,100.8843380917,-3.40266097643,,,,,,ChemPec*
32217,HIP32217,100.88811107189,41.30134249246,,,,,,Star
3223,HIP3223,10.2416065456,41.73083190258,,,,,,Star
32254,HIP32254,101.03324467906,24.54845155181,,,,,,Star
32286,HIP32286,101.10312488174,-2.43072078784,,,,,,Star
32296,HIP32296,101.1264788395,82.11533437298,,,,,,HighPM*
32321,HIP32321,101.21566080444,49.34361134596,,,,,,Star
32349,HIP32349,101.28715533,-16.71611586,,,,,,SB*
32364,HIP32364,101.34146455458,35.53456999011,,,,,,HighPM*
32366,HIP32366,101.3455849734479,-31.7936481139242,,,,,,HighPM*
32399,HIP32399,101.46214146036,62.6495843213,,,,,,Star
32409,HIP32409,101.49449562528,-3.80388723532,,,,,,Star
32446,HIP32446,101.58295429679,35.04291081351,,,,,,Star
32456,HIP32456,101.60835927366,20.70435629055,,,,,,Star
32459,HIP32459,101.61952021412,20.8435824955,,,,,,delSctV*
3249,HIP3249,10.3510529928263,-13.1721336073722,,,,,,HighPM*
32527,HIP32527,101.81355418984,24.83649130706,,,,,,**
32551,HIP32551,101.87271867052,33.77611077887,,,,,,HighPM*
32559,HIP32559,101.9089747199,25.7024126154,,,,,,Star
32630,HIP32630,102.09680446538,-4.70216172633,,,,,,Star
32638,HIP32638,102.12623162811,34.1147013932,,,,,,Star
32644,HIP32644,102.14897921514,-4.07590467475,,,,,,HighPM*
32684,HIP32684,102.27668962368,51.40652876096,,,,,,Star
32723,HIP32723,102.3993767062146,35.1405527488594,,,,,,HighPM*
3273,HIP3273,10.42668139072,49.83312948846,,,,,,HighPM*
3275,HIP3275,10.43741538299,27.18604364523,,,,,,EmLine*
32752,HIP32752,102.45238622237,32.11300310268,,,,,,Star
32765,HIP32765,102.4775681014583,-46.6145615862706,,,,,,HighPM*
32766,HIP32766,102.4813365089,-5.5131955214,,,,,,Be*
3279,HIP3279,10.44678352619,55.68230584188,,,,,,HighPM*
32838,HIP32838,102.67626259072,-8.04099661183,,,,,,alf2CVnV*
3284,HIP3284,10.46343235279,38.89630130411,,,,,,Star
32857,HIP32857,102.72530970575,31.91989528672,,,,,,Star
32877,HIP32877,102.7664855053,64.33977502724,,,,,,SB*
32888,HIP32888,102.79336700127,63.06009846407,,,,,,HighPM*
32889,HIP32889,102.79302678076,62.229532893,,,,,,HighPM*
3289,HIP3289,10.49080483619,59.91472048755,,,,,,SB*
32898,HIP32898,102.8167355303,2.13903010025,,,,,,Star
32903,HIP32903,102.83798945124,32.15928014058,,,,,,Star
32923,HIP32923,102.8891624266,-6.96651410357,,,,,,Ae*
32927,HIP32927,102.90120965785,2.65099030109,,,,,,Star
32954,HIP32954,102.96103998075,43.66867118315,,,,,,Star
32955,HIP32955,102.96206167654,41.57631141946,,,,,,HighPM*
32975,HIP32975,103.03986210618,-7.12901045778,,,,,,Star
32987,HIP32987,103.08338319132,50.67396666941,,,,,,Star
33000,HIP33000,103.12302604608,49.93528317217,,,,,,Star
3301,HIP3301,10.51972245198,32.61103759694,,,,,,PulsV*
33031,HIP33031,103.22880020345,5.8938800192,,,,,,EmLine*
3312,HIP3312,10.54099661573,32.10689419233,,,,,,HighPM*
33150,HIP33150,103.53159342832,32.5113723112,,,,,,Star
33166,HIP33166,103.55669027105,33.00251180174,,,,,,alf2CVnV*
33167,HIP33167,103.55765043254,6.68799338337,,,,,,Star
33194,HIP33194,103.6214771704,26.530732939,,,,,,Star
33239,HIP33239,103.73645990611,21.57137096822,,,,,,Star
33268,HIP33268,103.8071656768825,27.3530252464495,,,,,,**
33302,HIP33302,103.90596016133,-20.13649690453,,,,,,HighPM*
33325,HIP33325,103.97235364081,29.05802782911,,,,,,Star
3333,HIP3333,10.62913248499,40.9537262363,,,,,,HighPM*
33331,HIP33331,103.98414992874,27.28586028263,,,,,,Star
33361,HIP33361,104.07951781791,-3.80708274405,,,,,,Be*
33405,HIP33405,104.21508873376,-3.6924096638,,,,,,Star
33454,HIP33454,104.33411187162,70.0878761921,,,,,,Star
33478,HIP33478,104.39131738323,-24.6308247465044,,,,,,**
33499,HIP33499,104.44417763,-44.29119771,,,,,,**
33605,HIP33605,104.73839024162,-4.01851839079,,,,,,Star
3362,HIP3362,10.70103959897,35.5487926595,,,,,,SB*
3363,HIP3363,10.70213145635,62.76586039818,,,,,,Star
3364,HIP3364,10.70397171836,8.71482043051,,,,,,SB*
33640,HIP33640,104.83168701667,-5.41003635597,,,,,,Star
33662,HIP33662,104.89542234077,28.27227812027,,,,,,Star
33678,HIP33678,104.94893226632,31.68151622864,,,,,,**
33690,HIP33690,104.9985627147717,-61.3361812865461,,,,,,HighPM*
33709,HIP33709,105.05595704005,33.38982303619,,,,,,EmLine*
33719,HIP33719,105.07514879809,-5.3671613692,,,,,,HighPM*
33723,HIP33723,105.08781811193,-5.82665394529,,,,,,SB*
33765,HIP33765,105.1878332671,27.2677842297,,,,,,**
33767,HIP33767,105.19268519199,32.05381637987,,,,,,EmLine*
33793,HIP33793,105.25654874,26.23328951,,,,,,**
33817,HIP33817,105.30721453089,-25.94874770847,,,,,,SB*
3383,HIP3383,10.75531166419,64.1104451435,,,,,,EmLine*
33915,HIP33915,105.57392146012,27.75152673877,,,,,,Star
33938,HIP33938,105.64207608851,50.65136841032,,,,,,Star
33971,HIP33971,105.728238554715,-4.2392321149664,,,,,,bCepV*
34003,HIP34003,105.82620377909,-5.73764528868,,,,,,RSCVnV*
34024,HIP34024,105.88987607497,71.75812923248,,,,,,HighPM*
3403,HIP3403,10.83182679432,60.5026690044,,,,,,HighPM*
34030,HIP34030,105.90352550902,27.00550268526,,,,,,Star
34052,HIP34052,105.9592237688514,-43.5615024126961,,,,,,SB*
34065,HIP34065,105.988813423455,-43.6080349610192,,,,,,HighPM*
34082,HIP34082,106.0121033515571,71.1948228381233,,,,,,SB*
34094,HIP34094,106.03972698048,18.66880133269,,,,,,Star
34130,HIP34130,106.15464430837,18.72388046919,,,,,,Star
34145,HIP34145,106.20432054708,30.28534699096,,,,,,EmLine*
34156,HIP34156,106.24257567543,-5.79924213999,,,,,,Star
34172,HIP34172,106.3121786387,19.82461440858,,,,,,Star
34203,HIP34203,106.38767472182,29.5161918026,,,,,,Star
34228,HIP34228,106.44262652428,23.27514768182,,,,,,Star
34273,HIP34273,106.57254900011,17.74440279995,,,,,,Star
3430,HIP3430,10.9347894700821,72.1786447843644,,,,,,HighPM*
34317,HIP34317,106.71711766601,23.96896242814,,,,,,HighPM*
34328,HIP34328,106.73990025723,13.40286514049,,,,,,Star
34333,HIP34333,106.75358145907,49.47118992073,,,,,,Star
34366,HIP34366,106.85116163881,47.09761764214,,,,,,Star
34372,HIP34372,106.87419151746,18.3322624503,,,,,,Star
34375,HIP34375,106.89754895826,47.79091941847,,,,,,Star
3438,HIP3438,10.9677691639,33.31071298564,,,,,,Star
34498,HIP34498,107.22222060949,48.86937876516,,,,,,Star
34505,HIP34505,107.24005809339,14.56580690936,,,,,,ChemPec*
34512,HIP34512,107.27206730373,12.1667534993,,,,,,Star
34515,HIP34515,107.27863350455,28.9533160867,,,,,,Star
34521,HIP34521,107.29351151953,30.38696866314,,,,,,HighPM*
34524,HIP34524,107.30622389518,19.04264436803,,,,,,**
34532,HIP34532,107.33013418305,25.26191429077,,,,,,Star
34549,HIP34549,107.36610892335,11.92763918907,,,,,,Star
34640,HIP34640,107.6232592334,24.10814749497,,,,,,HighPM*
3466,HIP3466,11.08225621435,7.77074574352,,,,,,HighPM*
34691,HIP34691,107.78214030442,47.91068896814,,,,,,HighPM*
34705,HIP34705,107.82028076901,15.33219990789,,,,,,SB*
3473,HIP3473,11.09572013,33.61809446,,,,,,**
34730,HIP34730,107.8664277309033,48.3303886355358,,,,,,HighPM*
34733,HIP34733,107.87064129582,30.47259088012,,,,,,Star
34740,HIP34740,107.88204388478,30.41508602778,,,,,,Star
34745,HIP34745,107.90720821119,31.3774764785,,,,,,Star
34810,HIP34810,108.082824338,14.67675067039,,,,,,HighPM*
34819,HIP34819,108.10990093406,24.12859388949,,,,,,Star
34834,HIP34834,108.1401047349354,-46.7593046071995,,,,,,alf2CVnV*
34858,HIP34858,108.20067708,15.17828589,,,,,,**
34872,HIP34872,108.23295356877,-12.3791702291,,,,,,PulsV*
34903,HIP34903,108.32352043476,8.55663273286,,,,,,Star
34908,HIP34908,108.33756305819,-6.43459119366,,,,,,Star
34946,HIP34946,108.4692239108821,48.4988454207006,,,,,,Star
3495,HIP3495,11.15637680954,26.76997409988,,,,,,EmLine*
34976,HIP34976,108.5479647717,-12.8099289088,,,,,,Star
34978,HIP34978,108.55747422049,7.22941560975,,,,,,Star
3497,HIP3497,11.1636133729212,-65.6495215911458,,,,,,HighPM*
34998,HIP34998,108.6165665867,-12.22697341765,,,,,,Star
35008,HIP35008,108.63983927422,8.0333410903,,,,,,Star
35032,HIP35032,108.69789460222,29.99363844353,,,,,,Star
3505,HIP3505,11.18498385271,-22.00613336699,,,,,,HighPM*
35065,HIP35065,108.76353680075,26.01211738884,,,,,,Star
35126,HIP35126,108.92834089794,19.84735044671,,,,,,Star
35173,HIP35173,109.04447994472,-3.66590954666,,,,,,HighPM*
35193,HIP35193,109.0976114213084,30.7052462171044,,,,,,EmLine*
35194,HIP35194,109.09779974313,47.63880327044,,,,,,Star
35198,HIP35198,109.10555289484,35.0173894551,,,,,,HighPM*
35219,HIP35219,109.18558255019,16.14708397416,,,,,,**
35231,HIP35231,109.22264211324,-3.71083478431,,,,,,HighPM*
35252,HIP35252,109.26113647864,34.03545480067,,,,,,Star
35265,HIP35265,109.28971868015,33.09205435997,,,,,,HighPM*
35271,HIP35271,109.30444364926,-4.80067941275,,,,,,Star
35277,HIP35277,109.32387208415,48.46403980079,,,,,,Star
3528,HIP3528,11.24929385017,33.69456748297,,,,,,Star
35298,HIP35298,109.37725017516,31.69805368396,,,,,,Star
35300,HIP35300,109.38168663413,-5.8226389359,,,,,,PulsV*
35321,HIP35321,109.43868022099,51.65134662409,,,,,,Star
35331,HIP35331,109.4697159637,19.54713815148,,,,,,delSctV*
35344,HIP35344,109.5164944195308,24.0774657829656,,,,,,**
35345,HIP35345,109.51704804287,30.95587230258,,,,,,Star
35346,HIP35346,109.51697297063,34.95366049191,,,,,,Star
35349,HIP35349,109.52282221635,34.95169223241,,,,,,Star
35353,HIP35353,109.53408632117,39.27480777939,,,,,,**
35369,HIP35369,109.58786645676,17.00392030433,,,,,,Star
35410,HIP35410,109.66743483254,38.26125718358,,,,,,Star
35472,HIP35472,109.83659117386,51.49353368392,,,,,,Star
35491,HIP35491,109.87238247019,51.96745726015,,,,,,HighPM*
35529,HIP35529,109.98783369855,-4.58337124428,,,,,,Star
35543,HIP35543,110.01934595273,-4.9914443585,,,,,,HighPM*
35599,HIP35599,110.1985343016971,65.4298777319836,,,,,,SB*
35631,HIP35631,110.28800581277,-3.3625985044,,,,,,Star
35640,HIP35640,110.31570010693,39.09184205978,,,,,,Star
3566,HIP3566,11.39609472122,63.35206566109,,,,,,bCepV*
3568,HIP3568,11.40483363355,29.18967697496,,,,,,EmLine*
35687,HIP35687,110.45206471348,34.90202555779,,,,,,Star
3569,HIP3569,11.40572665119,30.33630190864,,,,,,Variable*
35702,HIP35702,110.49954730605,39.95999519936,,,,,,Star
35705,HIP35705,110.50756483183,-5.57067780825,,,,,,Star
35718,HIP35718,110.5403990999633,-1.8627264947194,,,,,,HighPM*
35729,HIP35729,110.55850390117,51.27865518523,,,,,,Star
35748,HIP35748,110.60476024911,33.22443115042,,,,,,Star
35754,HIP35754,110.62850091677,-0.25932652109,,,,,,Star
35824,HIP35824,110.81747469145,52.27916979071,,,,,,HighPM*
35825,HIP35825,110.82548036784,33.17585113382,,,,,,HighPM*
3583,HIP3583,11.43997053964,-47.55198406867,,,,,,EclBin
35857,HIP35857,110.89301893779,66.17468605882,,,,,,**
35867,HIP35867,110.92092456843,57.5772056106,,,,,,Star
35871,HIP35871,110.94218878469,0.0110989205,,,,,,Star
3588,HIP3588,11.45119627,-41.90919336,,,,,,**
35953,HIP35953,111.17008625814,65.83855896928,,,,,,HighPM*
3597,HIP3597,11.51348530038,40.80891295748,,,,,,HighPM*
36005,HIP36005,111.30804197729,8.74301584581,,,,,,EmLine*
36014,HIP36014,111.32513865855,56.56915756077,,,,,,HighPM*
36031,HIP36031,111.36767474041,4.56211428973,,,,,,Star
36059,HIP36059,111.47085449886,6.71326122533,,,,,,HighPM*
36071,HIP36071,111.48840612731,-2.24846739525,,,,,,Star
36130,HIP36130,111.64230892019,-0.46950932514,,,,,,Star
36172,HIP36172,111.75871644824,53.21070614784,,,,,,Star
36186,HIP36186,111.7832913011308,-17.8648636767308,,,,,,delSctV*
36188,HIP36188,111.7876739054,8.2893157625,,,,,,Be*
36208,HIP36208,111.8520790356679,5.2257893030714,,,,,,HighPM*
36210,HIP36210,111.85610096518,-51.40260043005,,,,,,HighPM*
36248,HIP36248,111.95939951946,52.36710524328,,,,,,EmLine*
36250,HIP36250,111.96251874716,-16.09387659924,,,,,,Be*
36310,HIP36310,112.10726797649,4.15318721877,,,,,,HighPM*
36344,HIP36344,112.20822857573,58.12815950037,,,,,,HighPM*
36372,HIP36372,112.30229864419,-16.15023282096,,,,,,Star
36383,HIP36383,112.32428288807,31.22866375071,,,,,,Star
36488,HIP36488,112.61647188847,58.22029550145,,,,,,HighPM*
36499,HIP36499,112.64004060734,5.25464435801,,,,,,Star
36505,HIP36505,112.65755614265,5.81411476155,,,,,,Star
36519,HIP36519,112.69102849259,-1.12125863355,,,,,,Star
36530,HIP36530,112.7287551596,30.5739246333,,,,,,**
36536,HIP36536,112.73662855491,51.99871872614,,,,,,Star
3657,HIP3657,11.70601595455,63.35833292408,,,,,,Star
36581,HIP36581,112.85586233486,27.62251919417,,,,,,Star
36635,HIP36635,113.00841198861,68.62098064494,,,,,,HighPM*
36660,HIP36660,113.1124499695,18.36626695066,,,,,,Star
36693,HIP36693,113.21891596828,5.03585124281,,,,,,Star
36718,HIP36718,113.28620710118,27.43391250596,,,,,,HorBranch*
36725,HIP36725,113.30295834044,26.1137964816,,,,,,Star
3677,HIP3677,11.76348427,41.96483531,,,,,,**
36815,HIP36815,113.57707447256,29.38456506548,,,,,,ChemPec*
36817,HIP36817,113.5775694,-23.47366501,,,,,,**
36853,HIP36853,113.66296186734,22.3376288838,,,,,,HighPM*
36855,HIP36855,113.6631696199,51.54574768581,,,,,,SB*
36878,HIP36878,113.7206638874084,-10.3861320779542,,,,,,HighPM*
36887,HIP36887,113.75616489899,23.93154258528,,,,,,Star
36898,HIP36898,113.79728798768,23.04588459325,,,,,,Star
36916,HIP36916,113.84329470768,56.41309172083,,,,,,Star
36925,HIP36925,113.86062244,19.83812676,,,,,,**
36958,HIP36958,113.97013208437,56.13022700101,,,,,,HighPM*
37009,HIP37009,114.10257718628,18.18184290742,,,,,,Star
37035,HIP37035,114.1624364711,29.78117793655,,,,,,Star
37061,HIP37061,114.24246640922,57.54964585939,,,,,,HighPM*
37064,HIP37064,114.24870301572,25.7355994298,,,,,,SB*
37071,HIP37071,114.27049423394,30.01513313114,,,,,,Star
3709,HIP3709,11.90919268374,66.75705941059,,,,,,EmLine*
37095,HIP37095,114.33775889723,29.20219349529,,,,,,Star
37107,HIP37107,114.37704552517,18.91780644676,,,,,,HighPM*
3713,HIP3713,11.92117123978,25.53449229984,,,,,,Star
37130,HIP37130,114.43824359158,-9.22371190256,,,,,,Star
3714,HIP3714,11.92093907167,37.63110132981,,,,,,Star
37217,HIP37217,114.6706683902829,-21.2245782999669,,,,,,HighPM*
3723,HIP3723,11.94957561978,34.58509047281,,,,,,EmLine*
37263,HIP37263,114.78797249413,-9.95931029304,,,,,,Star
37267,HIP37267,114.79306636715,29.9089345404,,,,,,HighPM*
37296,HIP37296,114.86346791215,-11.56397405716,,,,,,EclBin
37327,HIP37327,114.94046094862,-12.51277629997,,,,,,HighPM*
37362,HIP37362,115.03994586796,57.26208798338,,,,,,Star
37366,HIP37366,115.05737610449,-12.080385616,,,,,,PulsV*
3739,HIP3739,12.0023016517,36.20441419444,,,,,,Star
37426,HIP37426,115.24106118239,0.62699456094,,,,,,Star
37431,HIP37431,115.25358172019,56.47369454915,,,,,,Star
37434,HIP37434,115.2630563872801,24.96512882466,,,,,,HighPM*
37476,HIP37476,115.39430956618,22.11741700031,,,,,,Star
37492,HIP37492,115.43821753711,10.88513206383,,,,,,Star
37503,HIP37503,115.45170166846,67.56637784933,,,,,,SB*
37518,HIP37518,115.50488952373,10.69179467056,,,,,,Star
37579,HIP37579,115.67910437653,22.22404822195,,,,,,Star
37581,HIP37581,115.68409918601,80.55573825896,,,,,,SB*
37593,HIP37593,115.70932963551,1.60947633434,,,,,,Star
37602,HIP37602,115.73150009484,29.83421154285,,,,,,EmLine*
37604,HIP37604,115.73492594493,65.29072936679,,,,,,SB*
37613,HIP37613,115.77133268928,76.76015923555,,,,,,Star
37619,HIP37619,115.78643113284,1.0417985426,,,,,,Star
37626,HIP37626,115.81451046871,67.6085631257,,,,,,Star
37656,HIP37656,115.9062339397,6.28484354327,,,,,,Star
37662,HIP37662,115.91445513972,16.27791666064,,,,,,Star
37681,HIP37681,115.96295748257,77.87741103514,,,,,,Star
37705,HIP37705,116.03180413714,2.40542268549,,,,,,delSctV*
37759,HIP37759,116.15430284376,17.47736705513,,,,,,Star
37769,HIP37769,116.17076302037,17.00459646924,,,,,,Star
37798,HIP37798,116.25491663169,2.13738469696,,,,,,HighPM*
37828,HIP37828,116.3379978862,56.13786634547,,,,,,HighPM*
37840,HIP37840,116.36696526014,56.61875967945,,,,,,Star
37852,HIP37852,116.39279536327,11.74370452769,,,,,,Star
37853,HIP37853,116.39550522585,-34.1725515628678,,,,,,SB*
37882,HIP37882,116.46755650779,65.15366408197,,,,,,HighPM*
37884,HIP37884,116.46862455203,65.15778627093,,,,,,HighPM*
37898,HIP37898,116.50696447845,55.64236315838,,,,,,Star
37909,HIP37909,116.53314653,21.12200663,,,,,,**
37914,HIP37914,116.54299178491,23.54867903509,,,,,,Star
37961,HIP37961,116.72017394978,81.68244046003,,,,,,Be*
37991,HIP37991,116.79227638761,31.9375687509,,,,,,HighPM*
38001,HIP38001,116.83261417058,44.65735242175,,,,,,HighPM*
38026,HIP38026,116.89351361067,15.70563016258,,,,,,Star
3805,HIP3805,12.22775667728,32.92464548156,,,,,,Star
38050,HIP38050,116.98701914421,32.32059468003,,,,,,Star
38088,HIP38088,117.08310365349,43.0181275352,,,,,,Star
38115,HIP38115,117.16383828356,86.33377331686,,,,,,Star
38122,HIP38122,117.1849014421,30.90995099896,,,,,,Star
38225,HIP38225,117.47266887585,86.36528104111,,,,,,HighPM*
38248,HIP38248,117.5301254067,43.64720350911,,,,,,EmLine*
38254,HIP38254,117.54608232433,46.55732850885,,,,,,HighPM*
38266,HIP38266,117.59514473344,45.79187578095,,,,,,Star
38287,HIP38287,117.66567430401,24.16102292618,,,,,,SB*
38403,HIP38403,118.01610436173,45.93298760557,,,,,,HighPM*
38492,HIP38492,118.24835372972,22.55638074068,,,,,,HighPM*
3850,HIP3850,12.3615019724767,-23.2124635395692,,,,,,SB*
38578,HIP38578,118.48998947901,16.03618666271,,,,,,Star
3859,HIP3859,12.39051197266,38.20499081015,,,,,,HighPM*
3862,HIP3862,12.39499899212,7.95476220315,,,,,,HighPM*
38644,HIP38644,118.69295323276,35.09778951984,,,,,,Star
38647,HIP38647,118.70206121055,34.61978575285,,,,,,HighPM*
38662,HIP38662,118.73511518907,65.53171996099,,,,,,Star
3867,HIP3867,12.41396226926,29.34596581985,,,,,,EmLine*
38711,HIP38711,118.8808055992,24.3631719692,,,,,,**
38723,HIP38723,118.92011389432,35.4126815198,,,,,,delSctV*
3873,HIP3873,12.42861814109,65.08277626117,,,,,,Star
38755,HIP38755,119.0113483958,23.6927143242,,,,,,**
38761,HIP38761,119.02687880897,23.62380307803,,,,,,Star
3881,HIP3881,12.4535263515733,41.0789108949856,,,,,,SB*
3883,HIP3883,12.46718119371,62.79516059221,,,,,,Star
38910,HIP38910,119.4521627783676,-33.952010997632,,,,,,SB*
3892,HIP3892,12.48205916636,71.17577044013,,,,,,Star
38939,HIP38939,119.5182096579721,-25.6266286777031,,,,,,HighPM*
38949,HIP38949,119.52967950086,33.96181458394,,,,,,Star
3896,HIP3896,12.49368055846,35.33585107987,,,,,,Star
38961,HIP38961,119.57886445235,34.93912056423,,,,,,Star
3897,HIP3897,12.49387672322,34.97417807707,,,,,,HighPM*
39,HIP39,0.11228727067,-16.69700956005,,,,,,HighPM*
3901,HIP3901,12.50948700497,70.77416581106,,,,,,Star
3902,HIP3902,12.51391882174,73.58841154862,,,,,,Star
39036,HIP39036,119.80267473125,33.87336509656,,,,,,Star
39046,HIP39046,119.82374586984,16.81905310193,,,,,,HighPM*
39056,HIP39056,119.8495309,-10.4825695,,,,,,**
39125,HIP39125,120.06343672368,15.68394077979,,,,,,Star
39218,HIP39218,120.32884039781,-12.23073446321,,,,,,Star
39236,HIP39236,120.37620137937,16.45531103421,,,,,,Star
39325,HIP39325,120.60863749,4.15207276,,,,,,**
39342,HIP39342,120.62994712181,-66.02093952685,,,,,,HighPM*
39358,HIP39358,120.67789809254,14.94931911766,,,,,,Star
39471,HIP39471,121.01354950712,4.02574966398,,,,,,Star
39480,HIP39480,121.03494512,33.03073894,,,,,,**
39544,HIP39544,121.21550152642,4.14144050784,,,,,,Star
39553,HIP39553,121.23406359201,4.03252370455,,,,,,Star
39595,HIP39595,121.37156494668,-10.12305023744,,,,,,Be*
39612,HIP39612,121.42556014716,34.07755462188,,,,,,HighPM*
39614,HIP39614,121.43325327134,29.27802884242,,,,,,SB*
3963,HIP3963,12.73164535481,8.04593105472,,,,,,HighPM*
39630,HIP39630,121.48075807811,32.42412657684,,,,,,Star
39639,HIP39639,121.51058820651,59.24875984897,,,,,,Star
39673,HIP39673,121.6095814428601,-9.23730890787,,,,,,Star
39675,HIP39675,121.61422097155,-9.24445850471,,,,,,Star
39737,HIP39737,121.82907362757,17.17874481626,,,,,,Star
39764,HIP39764,121.91177071682,60.68944502343,,,,,,Star
39792,HIP39792,121.96451310927,30.43660794402,,,,,,HighPM*
39812,HIP39812,122.02857120067,16.41715544644,,,,,,HighPM*
3985,HIP3985,12.8085533164642,18.7903237593572,,,,,,HighPM*
39872,HIP39872,122.171676074737,2.9451838598726,,,,,,Star
39898,HIP39898,122.23685767296,-11.3396524743,,,,,,Star
39903,HIP39903,122.2526538201975,-61.3023738607369,,,,,,SB*
3991,HIP3991,12.82586695329,35.8476813947,,,,,,SB*
39923,HIP39923,122.30215894522,-11.58147279759,,,,,,Star
39924,HIP39924,122.30349138242,3.7878903196,,,,,,EmLine*
39939,HIP39939,122.34786430331,30.34281230237,,,,,,Star
4005,HIP4005,12.85374259721,32.65707423292,,,,,,HighPM*
40061,HIP40061,122.75467453787,-0.31124226073,,,,,,**
40080,HIP40080,122.80485557266,-1.56639643706,,,,,,Star
40087,HIP40087,122.82543995143,-2.60488935501,,,,,,SB*
40102,HIP40102,122.87798511802,23.4822714552,,,,,,Star
40120,HIP40120,122.92074802209,24.20766446373,,,,,,Star
40133,HIP40133,122.9549526279,16.52386201771,,,,,,HighPM*
40146,HIP40146,122.97534904285,-11.47257237173,,,,,,Star
40157,HIP40157,123.01802298985,25.18028818813,,,,,,Star
4017,HIP4017,12.87558381518,41.23185949898,,,,,,Star
4022,HIP4022,12.8917501217029,-22.9100667377361,,,,,,HighPM*
40253,HIP40253,123.32210523405,49.2209754250383,,,,,,SB*
40273,HIP40273,123.36569974561,48.28081844575,,,,,,Star
40383,HIP40383,123.66747663509,47.29244880453,,,,,,HighPM*
4039,HIP4039,12.95339316589,74.47397838323,,,,,,HighPM*
40426,HIP40426,123.81507502471,-0.76164485266,,,,,,Star
40438,HIP40438,123.85505892157,-52.06029827782,,,,,,HighPM*
4044,HIP4044,12.9605317689171,-8.1657363574494,,,,,,**
4047,HIP4047,12.96231325017,32.00086440506,,,,,,Star
40474,HIP40474,123.9604221829967,60.3806003047953,,,,,,Star
40517,HIP40517,124.09296476922,63.73010399736,,,,,,HighPM*
40653,HIP40653,124.47860533868,64.7918666125,,,,,,Star
4067,HIP4067,13.03901261656,6.80301326542,,,,,,Star
40676,HIP40676,124.56059685258,29.07905581493,,,,,,Star
40702,HIP40702,124.63146861663,-76.9197240614864,,,,,,HighPM*
40706,HIP40706,124.638804355555,-36.6592892166122,,,,,,HighPM*
40858,HIP40858,125.05416482738,-0.9093137792,,,,,,HighPM*
40893,HIP40893,125.17254791575,2.66478393998,,,,,,Star
40912,HIP40912,125.24324886408,2.47553164655,,,,,,EmLine*
40955,HIP40955,125.37230268129,3.64450253802,,,,,,Star
4097,HIP4097,13.15036972236,65.89175486397,,,,,,Star
4103,HIP4103,13.16731891364,31.45936302147,,,,,,HighPM*
41064,HIP41064,125.690460188,9.46266283028,,,,,,Star
41124,HIP41124,125.86827335356,30.1760579957,,,,,,Star
41150,HIP41150,125.94776298391,8.42922056661,,,,,,ChemPec*
41170,HIP41170,126.00057304477,68.92457018673,,,,,,Star
41183,HIP41183,126.05939170434,9.23315172881,,,,,,Star
41187,HIP41187,126.07243657772,28.75096017671,,,,,,SB*
41199,HIP41199,126.1097943558,64.8909402147,,,,,,**
41214,HIP41214,126.15181386083,-4.71699924595,,,,,,SB*
41275,HIP41275,126.31345345157,64.71324096548,,,,,,HighPM*
41277,HIP41277,126.32044346253,4.25353600413,,,,,,HighPM*
4129,HIP4129,13.22241183009,38.54883224619,,,,,,PulsV*
41308,HIP41308,126.4187434420162,66.4622770373981,,,,,,HighPM*
41312,HIP41312,126.4341461092287,-66.1368879031711,,,,,,HighPM*
4137,HIP4137,13.23168142629,-8.92554295029,,,,,,HighPM*
41378,HIP41378,126.61603787528,10.08037060421,,,,,,EmLine*
4142,HIP4142,13.24247651425,63.92449762069,,,,,,Star
41437,HIP41437,126.76642207066,3.51453599543,,,,,,SB*
4144,HIP4144,13.24737186752,39.04337638368,,,,,,HighPM*
41488,HIP41488,126.91702634691,67.97410389803,,,,,,gammaDorV*
41506,HIP41506,126.98002509827,15.09899591345,,,,,,Star
41512,HIP41512,126.98802115121,63.12070503768,,,,,,Star
41555,HIP41555,127.09660923218,-4.28577981433,,,,,,SB*
41578,HIP41578,127.15558131684,14.21082424424,,,,,,Star
41585,HIP41585,127.17888518538,10.83530897873,,,,,,EmLine*
41613,HIP41613,127.2561406019,10.28325695087,,,,,,Star
41648,HIP41648,127.38438316928,9.43619902234,,,,,,Star
41654,HIP41654,127.40208446971,-3.88050346821,,,,,,Star
4172,HIP4172,13.329603541,74.31274610569,,,,,,Star
41731,HIP41731,127.64517418828,2.10027289633,,,,,,PulsV*
41738,HIP41738,127.66580595525,-5.39906709275,,,,,,Star
41741,HIP41741,127.68426012028,68.51493317989,,,,,,Variable*
41743,HIP41743,127.68622759246,23.48570655363,,,,,,Star
41776,HIP41776,127.78135495124,9.19839728811,,,,,,HighPM*
41790,HIP41790,127.8128863017,11.8551304861,,,,,,**
418,HIP418,1.27562866883,61.31397009099,,,,,,alf2CVnV*
41816,HIP41816,127.87716449453,24.08110770302,,,,,,HighPM*
4182,HIP4182,13.36689108672,60.66560673497,,,,,,Star
41843,HIP41843,127.97705806825,9.81409931136,,,,,,SB*
41883,HIP41883,128.10078096869,23.74643055357,,,,,,HighPM*
41923,HIP41923,128.21186448861,43.17973397531,,,,,,HighPM*
41926,HIP41926,128.2145653347,-31.5008513778658,,,,,,HighPM*
4198,HIP4198,13.40399750407,24.93283779033,,,,,,Star
42,HIP42,0.12542618898,25.84477317305,,,,,,Star
42012,HIP42012,128.44348373278,14.67357841985,,,,,,Star
42049,HIP42049,128.55560875229,8.45230667821,,,,,,Star
42051,HIP42051,128.56615697152,45.196650591,,,,,,Star
42084,HIP42084,128.6663086670483,9.3714516772678,,,,,,HighPM*
42086,HIP42086,128.67018878921,69.96834466189,,,,,,Star
42112,HIP42112,128.76751879068,11.28372267627,,,,,,HighPM*
42159,HIP42159,128.9140694392268,9.4990872697072,,,,,,EmLine*
4216,HIP4216,13.45226917129,25.11657545284,,,,,,Star
42189,HIP42189,129.03595352417,43.0652911194,,,,,,Star
42346,HIP42346,129.49684439545,11.44968078711,,,,,,Star
42353,HIP42353,129.52154716328,9.57461072641,,,,,,Star
42371,HIP42371,129.5858008039,29.63300143818,,,,,,HighPM*
4238,HIP4238,13.52300884101,22.46555716859,,,,,,Star
42475,HIP42475,129.89365469151,38.58034347756,,,,,,Star
42476,HIP42476,129.89464589863,68.47785570062,,,,,,Star
4255,HIP4255,13.56870953243,39.06806910641,,,,,,SB*
42609,HIP42609,130.26443438122,72.2492182991,,,,,,Star
4262,HIP4262,13.59940803142,25.71471869671,,,,,,Star
4264,HIP4264,13.62508996922,56.31958439416,,,,,,HighPM*
42652,HIP42652,130.39378472,69.40495683,,,,,,**
4267,HIP4267,13.6467607099654,19.1884221737897,,,,,,**
42696,HIP42696,130.52897918883,38.08612226068,,,,,,Star
42730,HIP42730,130.62209096,36.94104861,,,,,,**
42753,HIP42753,130.69254889683,31.86260058991,,,,,,SB*
4276,HIP4276,13.68096506378,-7.23826578349,,,,,,HighPM*
42760,HIP42760,130.71367212953,73.16920123476,,,,,,Star
42763,HIP42763,130.71643781707,31.72207149934,,,,,,HighPM*
42764,HIP42764,130.71825442038,17.13376464127,,,,,,Star
42808,HIP42808,130.8251265487159,-38.8823807909306,,,,,,HighPM*
42814,HIP42814,130.86193830736,16.88326817851,,,,,,delSctV*
42853,HIP42853,130.98390303014,19.03417744608,,,,,,SB*
4290,HIP4290,13.74695827839,24.10027056456,,,,,,HighPM*
42913,HIP42913,131.175943262,-54.708821019,,,,,,**
42938,HIP42938,131.29214910082,29.66991895627,,,,,,HighPM*
42952,HIP42952,131.33553626493,18.87539679605,,,,,,Star
42987,HIP42987,131.42312647049,34.41192494015,,,,,,Star
42992,HIP42992,131.44342718,-12.66374702,,,,,,**
4301,HIP4301,13.77896766379,23.41624020314,,,,,,Star
43014,HIP43014,131.48668032508,73.29255444337,,,,,,Star
43024,HIP43024,131.50812418792,35.76710622505,,,,,,SB*
4303,HIP4303,13.78385731312,16.910027003,,,,,,Star
43038,HIP43038,131.5379805,-14.36819538,,,,,,**
43062,HIP43062,131.58613291005,50.02293284175,,,,,,gammaDorV*
43070,HIP43070,131.5956444467,4.50156629628,,,,,,HighPM*
43078,HIP43078,131.62042799517,22.35216592946,,,,,,Star
43091,HIP43091,131.64824934743,38.48569713205,,,,,,HighPM*
43099,HIP43099,131.6649016889775,-13.3570554531106,,,,,,SB*
43131,HIP43131,131.78537687386,72.38518215897,,,,,,HighPM*
43136,HIP43136,131.79360232756,4.35799400747,,,,,,Star
43145,HIP43145,131.81613416547,29.11188788908,,,,,,Star
43151,HIP43151,131.8382840012,17.28017813913,,,,,,HighPM*
43162,HIP43162,131.86897083699,16.98488041582,,,,,,Star
43171,HIP43171,131.90011303633,23.09002919586,,,,,,Star
4318,HIP4318,13.81167376736,64.54577632129,,,,,,Star
43194,HIP43194,131.99923278245,50.27738319175,,,,,,Star
43211,HIP43211,132.03837896144,4.34030604966,,,,,,Star
43213,HIP43213,132.04672196432,38.60608473314,,,,,,Star
43216,HIP43216,132.06279044345,49.59563824777,,,,,,SB*
43223,HIP43223,132.0738503212,18.74813935373,,,,,,HighPM*
43242,HIP43242,132.14693480446,24.12871680587,,,,,,Star
4327,HIP4327,13.84566534,30.66164804,,,,,,**
43279,HIP43279,132.2514316373762,38.3452535257928,,,,,,Star
43337,HIP43337,132.4359399729,44.97778828765,,,,,,HighPM*
43343,HIP43343,132.44175275037,13.95421910881,,,,,,Star
43345,HIP43345,132.44705724599,44.70427186587,,,,,,Star
43348,HIP43348,132.44925327225,31.21068723489,,,,,,Star
43372,HIP43372,132.5211637853204,44.9729323291142,,,,,,Star
43410,HIP43410,132.63426173938,33.28505441615,,,,,,HighPM*
43412,HIP43412,132.63871605908,17.03201625282,,,,,,Star
43418,HIP43418,132.65361820149,17.68931843068,,,,,,HighPM*
43419,HIP43419,132.65707217883,35.71406370396,,,,,,Star
4342,HIP4342,13.91883248753,-8.05331728008,,,,,,SB*
43426,HIP43426,132.68438698,35.07097055,,,,,,**
43439,HIP43439,132.70738608759,32.52956854135,,,,,,HighPM*
4351,HIP4351,13.94369485363,23.8238123205,,,,,,EmLine*
43615,HIP43615,133.24749796,68.27727398,,,,,,**
4367,HIP4367,13.99432234511,39.16912007618,,,,,,Star
43674,HIP43674,133.46168849576,33.05681126858,,,,,,HighPM*
436,HIP436,1.3237024640217,-67.8325898209356,,,,,,HighPM*
43741,HIP43741,133.63083645483,-5.29494974634,,,,,,Star
43797,HIP43797,133.79909126667,-54.96576889169,,,,,,HighPM*
4380,HIP4380,14.03461031622,-8.02356904634,,,,,,Star
43805,HIP43805,133.82122131501,-11.37169355414,,,,,,Star
4385,HIP4385,14.05502160723,-7.57729092171,,,,,,HighPM*
43859,HIP43859,134.01962129399,-11.15375770957,,,,,,Star
43861,HIP43861,134.0290533462829,36.4358376997636,,,,,,**
43870,HIP43870,134.0553631347,53.05870572151,,,,,,SB*
43904,HIP43904,134.16429673878,33.25775720326,,,,,,Star
43932,HIP43932,134.23582366197,32.91042794268,,,,,,HighPM*
43944,HIP43944,134.2612629652,37.24343804286,,,,,,**
43976,HIP43976,134.32780925308,32.44513291533,,,,,,HighPM*
43981,HIP43981,134.34330279122,54.84617775136,,,,,,HighPM*
43994,HIP43994,134.38090349276,-7.4106377909,,,,,,Star
44056,HIP44056,134.5762150133,18.30827449264,,,,,,Star
44064,HIP44064,134.61413497551,35.80264082823,,,,,,**
44071,HIP44071,134.65365044711,9.45719698611,,,,,,Star
44084,HIP44084,134.69531290268,66.0013613658,,,,,,Star
44112,HIP44112,134.76545857637,67.0746845199,,,,,,Star
44115,HIP44115,134.7726003847766,36.4421483118225,,,,,,HighPM*
44128,HIP44128,134.80735624704,35.05727797354,,,,,,Star
44133,HIP44133,134.83129814136,8.98230465691,,,,,,Star
44140,HIP44140,134.84882007411,53.97176443151,,,,,,EmLine*
44143,HIP44143,134.8507569791233,-59.0837117739619,,,,,,HighPM*
4416,HIP4416,14.14559815253,33.10613091372,,,,,,Star
44169,HIP44169,134.94263060231,34.82507669111,,,,,,HighPM*
44200,HIP44200,135.05354254,13.84405936,,,,,,**
44229,HIP44229,135.1283214232134,70.6684033836667,,,,,,HighPM*
44230,HIP44230,135.1279586546,32.417468575,,,,,,**
44260,HIP44260,135.20267799239,4.79396985484,,,,,,**
44263,HIP44263,135.209688061475,5.2415463042475,,,,,,HighPM*
44264,HIP44264,135.21050055386,12.57332021132,,,,,,Star
44287,HIP44287,135.29254387972,3.92501741187,,,,,,EmLine*
44289,HIP44289,135.29753148023,55.85994615577,,,,,,Star
44336,HIP44336,135.43190251833,17.08106289313,,,,,,Star
44341,HIP44341,135.44814966613,6.4977442757,,,,,,HighPM*
44344,HIP44344,135.45489715623,5.65169271931,,,,,,Star
44358,HIP44358,135.49398575882,17.3266617674,,,,,,HighPM*
44361,HIP44361,135.5101210866742,14.5986274136347,,,,,,Star
4437,HIP4437,14.19027844173,60.03316025641,,,,,,Star
44382,HIP44382,135.6116501830192,-66.3960745649506,,,,,,**
44392,HIP44392,135.64351904436,54.52186676821,,,,,,SB*
44413,HIP44413,135.71105366785,0.40820545799,,,,,,Star
44499,HIP44499,135.99308302431,71.30547274,,,,,,Star
44504,HIP44504,136.00166560547,54.28388290438,,,,,,Star
44544,HIP44544,136.13630655652,69.02552859642,,,,,,Star
44552,HIP44552,136.16539037667,3.54109134177,,,,,,Star
4459,HIP4459,14.2949224856,19.87807155273,,,,,,HighPM*
44605,HIP44605,136.3195135109225,38.7984985657864,,,,,,HighPM*
44638,HIP44638,136.44113892953,55.52898984716,,,,,,HighPM*
44646,HIP44646,136.46175625612,39.86913184067,,,,,,HighPM*
44651,HIP44651,136.47032346153,31.7371745623,,,,,,Star
44654,HIP44654,136.48477459897,55.38968477804,,,,,,Star
44683,HIP44683,136.5934894677,68.44514603663,,,,,,EclBin_Candidate
44687,HIP44687,136.5970416792475,30.2834873497619,,,,,,HighPM*
44696,HIP44696,136.62421561364,-2.5996585162,,,,,,HighPM*
44707,HIP44707,136.63916124883,38.08864216673,,,,,,HighPM*
44765,HIP44765,136.85149029948,6.83850597472,,,,,,Star
44840,HIP44840,137.03813977197,53.25902220562,,,,,,Star
44855,HIP44855,137.0847866098167,42.1797378272644,,,,,,**
44856,HIP44856,137.09800191749,30.31657894902,,,,,,Star
44861,HIP44861,137.10751565833,53.30065333535,,,,,,Star
44877,HIP44877,137.15467087284,57.11284720941,,,,,,Star
44885,HIP44885,137.18067048505,43.61955825266,,,,,,Star
44891,HIP44891,137.19682039069,52.3947420788,,,,,,Star
44899,HIP44899,137.2171075154604,-34.8427055107564,,,,,,HighPM*
44932,HIP44932,137.28589019648,72.30474800378,,,,,,HighPM*
44956,HIP44956,137.379273094815,13.356939462805,,,,,,Star
44957,HIP44957,137.37932289915,54.39620594502,,,,,,SB*
44998,HIP44998,137.48306448333,54.48825672052,,,,,,RSCVnV*
45015,HIP45015,137.52924780948,42.94039105792,,,,,,Star
45022,HIP45022,137.55512130204,54.97864497723,,,,,,HighPM*
45041,HIP45041,137.60745154009,-3.77794931052,,,,,,Star
45047,HIP45047,137.63324505883,-3.42662506957,,,,,,Star
45082,HIP45082,137.75311382321,71.34588055364,,,,,,Star
45132,HIP45132,137.93969536648,52.72818488306,,,,,,EmLine*
45147,HIP45147,137.97544165203,69.04319140094,,,,,,Star
45174,HIP45174,138.08526798052,48.30940419501,,,,,,HighPM*
45187,HIP45187,138.11760778747,49.2064831004,,,,,,SB*
45284,HIP45284,138.43837394,69.97979058,,,,,,**
4531,HIP4531,14.50629340832,30.31399361558,,,,,,HighPM*
45377,HIP45377,138.71501078067,55.62022780637,,,,,,Star
4540,HIP4540,14.54065141,-15.68277318,,,,,,**
45443,HIP45443,138.91480571375,48.22970426445,,,,,,EmLine*
45476,HIP45476,139.00388629694,47.69257450064,,,,,,SB*
45497,HIP45497,139.05739556048,48.95305343385,,,,,,Star
4550,HIP4550,14.5530085047,70.49636109406,,,,,,Star
45501,HIP45501,139.07687540326,68.22804297453,,,,,,Star
45521,HIP45521,139.16657598558,0.7290384182,,,,,,HighPM*
4555,HIP4555,14.56851589217,45.59714713966,,,,,,Star
45563,HIP45563,139.30019943685,79.28110244467,,,,,,Star
4557,HIP4557,14.57838791224,4.2965912286,,,,,,Star
45575,HIP45575,139.33133675007,52.91215896028,,,,,,gammaDorV*
45592,HIP45592,139.3872147016,0.55488390647,,,,,,Star
45593,HIP45593,139.37701873,77.24470619,,,,,,**
45602,HIP45602,139.42245838559,39.19738886089,,,,,,Star
45608,HIP45608,139.44891389448,8.85664806174,,,,,,EmLine*
45616,HIP45616,139.47005718145,65.46162951237,,,,,,Star
45621,HIP45621,139.48076452554,-3.38724980983,,,,,,HighPM*
45635,HIP45635,139.53232135179,0.02397288961,,,,,,HighPM*
45637,HIP45637,139.5369939760571,-57.7688739304603,,,,,,HighPM*
45645,HIP45645,139.55861829073,-9.47079096172,,,,,,Star
45653,HIP45653,139.58739637779,7.07312591015,,,,,,HighPM*
45656,HIP45656,139.59275284664,-8.88277399383,,,,,,Star
45669,HIP45669,139.63775344416,38.09037278778,,,,,,Star
45671,HIP45671,139.65104146,20.81371913,,,,,,**
45674,HIP45674,139.66611338,39.58133755,,,,,,**
45680,HIP45680,139.6903789217,-10.4133506783,,,,,,**
45686,HIP45686,139.70637857909,29.82051560686,,,,,,HighPM*
45689,HIP45689,139.71158621877,-3.14576219049,,,,,,Star
4569,HIP4569,14.6163994646621,-27.8570538190286,,,,,,SB*
45710,HIP45710,139.78132028079,-2.45800169247,,,,,,Star
45730,HIP45730,139.84392342956,-8.35373274911,,,,,,Star
45744,HIP45744,139.89122470488,-11.31496379471,,,,,,HighPM*
45752,HIP45752,139.94852820302,70.41226066003,,,,,,Star
45771,HIP45771,139.99296551122,82.61265367405,,,,,,HighPM*
45772,HIP45772,139.99546225037,8.18171532152,,,,,,EmLine*
45794,HIP45794,140.0592594899171,65.011747812717,,,,,,**
4581,HIP4581,14.6726401816688,44.9562548007222,,,,,,Star
45813,HIP45813,140.12271459681,52.45097958143,,,,,,Star
4582,HIP4582,14.67681244087,4.2058466384,,,,,,Star
45844,HIP45844,140.20117593818,21.67167933275,,,,,,HighPM*
45908,HIP45908,140.4066730826771,-60.2819527829397,,,,,,HighPM*
45913,HIP45913,140.4299029557,28.50021265274,,,,,,EmLine*
45925,HIP45925,140.4638786696,-10.42712576059,,,,,,Star
45939,HIP45939,140.51521855523,-9.90461868664,,,,,,Star
4594,HIP4594,14.70415391739,-13.66091034016,,,,,,Star
45954,HIP45954,140.58194924342,22.53742710074,,,,,,HighPM*
4597,HIP4597,14.71301670513,-15.15746261399,,,,,,Star
46005,HIP46005,140.74185636196,77.21970987152,,,,,,SB*
4601,HIP4601,14.74452208446,7.7193362243,,,,,,Star
46033,HIP46033,140.82981143332,38.34431529253,,,,,,Star
46052,HIP46052,140.86817355,39.13473738,,,,,,**
46066,HIP46066,140.91499075951,66.13726035561,,,,,,HighPM*
46100,HIP46100,141.02208936778,18.18520377132,,,,,,Star
4612,HIP4612,14.77734895245,32.4558015607,,,,,,Star
46135,HIP46135,141.12480000455,30.73036209306,,,,,,EmLine*
46167,HIP46167,141.22823872074,-10.93473801983,,,,,,Star
46174,HIP46174,141.23686380643,32.12147656156,,,,,,Star
462,HIP462,1.37984284586,-9.61745750968,,,,,,HighPM*
46202,HIP46202,141.30791259529,24.73416899528,,,,,,Star
46239,HIP46239,141.40768856,54.01591726,,,,,,**
46253,HIP46253,141.44425832825,-10.48682229838,,,,,,Star
46269,HIP46269,141.5095119,28.6502095,,,,,,**
46272,HIP46272,141.5112348613171,18.9005996708122,,,,,,Star
46304,HIP46304,141.6435621453586,19.0599344098916,,,,,,Star
46314,HIP46314,141.66589716327,38.9107343885953,,,,,,HighPM*
46335,HIP46335,141.70136699563,14.49397216907,,,,,,Star
4635,HIP4635,14.86828255498,72.81393891029,,,,,,Star
46367,HIP46367,141.81960885,6.23282642,,,,,,**
46381,HIP46381,141.86025245756,41.60006354239,,,,,,SB*
46387,HIP46387,141.88221533215,42.76431987016,,,,,,Star
46397,HIP46397,141.91439331,15.74168503,,,,,,**
46405,HIP46405,141.95064327978,25.24661440404,,,,,,SB*
46432,HIP46432,142.03733290693,82.68836654244,,,,,,Star
46447,HIP46447,142.09803612193,7.00686062172,,,,,,HighPM*
46454,HIP46454,142.11416088,9.05678487,,,,,,**
46474,HIP46474,142.1752536334,-10.27110660302,,,,,,Star
46493,HIP46493,142.23796550588,38.06598509484,,,,,,HighPM*
46503,HIP46503,142.2585706288,43.21477932602,,,,,,Star
4651,HIP4651,14.94005959214,20.63894731045,,,,,,Star
46513,HIP46513,142.30815354767,68.76809909029,,,,,,Star
46583,HIP46583,142.4880881237,37.96043525143,,,,,,SB*
46588,HIP46588,142.50902281257,33.30587918269,,,,,,SB*
46590,HIP46590,142.51168952762,32.04123557968,,,,,,HighPM*
46592,HIP46592,142.52041667051,30.03917620142,,,,,,Star
4660,HIP4660,14.97120571992,3.30270549199,,,,,,**
46604,HIP46604,142.54903508836,31.32710559619,,,,,,Star
46625,HIP46625,142.61665808063,29.5734494742,,,,,,EmLine*
46626,HIP46626,142.6170313542054,-32.1034036652803,,,,,,HighPM*
46635,HIP46635,142.64686356037,15.2600367558,,,,,,HighPM*
46651,HIP46651,142.67499823,-40.46673935,,,,,,**
46662,HIP46662,142.7087594661117,18.2522757302353,,,,,,HighPM*
46702,HIP46702,142.8081849698,25.99512131881,,,,,,Star
46726,HIP46726,142.87146032341,55.27349507474,,,,,,Star
46744,HIP46744,142.91244562065,-10.55203187221,,,,,,Star
4675,HIP4675,15.01482354778,44.71324751795,,,,,,Star
46891,HIP46891,143.32619317057,28.36795613667,,,,,,HighPM*
46926,HIP46926,143.46857357108,15.49199478113,,,,,,SB*
46936,HIP46936,143.4915454211,45.28648351463,,,,,,HighPM*
46986,HIP46986,143.64771057251,17.96836977302,,,,,,Star
46999,HIP46999,143.68483237,16.4464878,,,,,,**
4708,HIP4708,15.12678996971,7.353883452,,,,,,Star
47084,HIP47084,143.92695800511,53.29455585074,,,,,,HighPM*
47103,HIP47103,144.0068217372529,-21.6607993351978,,,,,,HighPM*
47109,HIP47109,144.01584753769,34.822028872,,,,,,Star
47114,HIP47114,144.02178059319,45.30581976127,,,,,,Star
47119,HIP47119,144.02822613826,74.31880759781,,,,,,Star
4713,HIP4713,15.1364691562,58.36412240237,,,,,,SB*
47162,HIP47162,144.15969954815,35.69648274148,,,,,,Star
47175,HIP47175,144.2064131588275,-49.3550254965258,,,,,,HighPM*
47181,HIP47181,144.2214797101,44.06677772758,,,,,,SXPheV*
47182,HIP47182,144.22336894561,35.59933602269,,,,,,HighPM*
47185,HIP47185,144.24013378231,82.92538180482,,,,,,Star
47196,HIP47196,144.28141288,16.22580024,,,,,,**
47198,HIP47198,144.28894501031,72.08033722012,,,,,,HighPM*
47233,HIP47233,144.4116848838,15.4584954147,,,,,,**
47249,HIP47249,144.4646107407,-9.42444847162,,,,,,ChemPec*
47259,HIP47259,144.4850034025945,74.3429529696049,,,,,,**
47260,HIP47260,144.48417718,73.08039399,,,,,,**
47293,HIP47293,144.57118308153,70.26610983986,,,,,,Star
47322,HIP47322,144.63843688902,26.54428078372,,,,,,Star
47356,HIP47356,144.73577063091,69.28855082156,,,,,,Star
4736,HIP4736,15.20872934528,-9.37354644524,,,,,,SB*
4737,HIP4737,15.21125826246,4.83395636104,,,,,,Star
47375,HIP47375,144.7846378793,17.46798298036,,,,,,Star
47425,HIP47425,144.9432033185796,-41.0675567837536,,,,,,**
47427,HIP47427,144.94754480123,-10.57027158061,,,,,,**
47442,HIP47442,145.03004845914,-9.09531756148,,,,,,Star
47455,HIP47455,145.10297041065,16.96863277744,,,,,,HighPM*
47461,HIP47461,145.12972784946,68.53675600492,,,,,,SB*
47463,HIP47463,145.13245501205,-1.73009136155,,,,,,HighPM*
47469,HIP47469,145.14507128616,71.75539273283,,,,,,HighPM*
4747,HIP4747,15.2573186434,-4.648398121,,,,,,HighPM*
4752,HIP4752,15.27305149048,8.76937051445,,,,,,HighPM*
47548,HIP47548,145.40146665982,27.95588966558,,,,,,Star
47565,HIP47565,145.4706606422275,34.5747922579717,,,,,,Star
47573,HIP47573,145.50768576463,4.96987809139,,,,,,HighPM*
47592,HIP47592,145.5600675122075,-23.9155672343406,,,,,,HighPM*
47614,HIP47614,145.63041487718,35.00833014231,,,,,,Star
47620,HIP47620,145.6451697049517,70.0338789810964,,,,,,HighPM*
47639,HIP47639,145.695738271355,5.8347932756775,,,,,,Star
47650,HIP47650,145.7155313576962,70.0394105830856,,,,,,HighPM*
47655,HIP47655,145.74493186151,66.38434441467,,,,,,SB*
47665,HIP47665,145.78890639157,10.4998307338,,,,,,Star
47667,HIP47667,145.79780927992,17.76658210461,,,,,,Star
47696,HIP47696,145.87249043,6.20775455,,,,,,**
47704,HIP47704,145.8970306212,10.51887030097,,,,,,HighPM*
47735,HIP47735,145.9711746896,-1.17118085383,,,,,,Star
47737,HIP47737,145.97310094988,70.43404050391,,,,,,PulsV*
47739,HIP47739,145.97586978041,33.39428278269,,,,,,SB*
4777,HIP4777,15.34411644961,-5.32030828822,,,,,,Star
47772,HIP47772,146.09872977836,44.05046558961,,,,,,EmLine*
47775,HIP47775,146.10483678561,44.48560057027,,,,,,HighPM*
47780,HIP47780,146.1243198707437,-45.7765076776903,,,,,,HighPM*
47791,HIP47791,146.1522859503,64.98410803334,,,,,,**
4788,HIP4788,15.36856043466,-9.43014479853,,,,,,Star
47906,HIP47906,146.44942887784,-1.9136153164,,,,,,HighPM*
47993,HIP47993,146.7446608873,35.36418141715,,,,,,Star
47997,HIP47997,146.75979713486,35.21933727326,,,,,,HighPM*
48003,HIP48003,146.77560275178,33.1538114813,,,,,,EmLine*
48049,HIP48049,146.9220721875913,10.3849319167053,,,,,,**
48087,HIP48087,147.05293156525,-7.24573777962,,,,,,Star
48109,HIP48109,147.14020746566,-7.31846422164,,,,,,Star
48113,HIP48113,147.14738061867,46.02100739317,,,,,,HighPM*
48132,HIP48132,147.19498441299,64.89431345583,,,,,,Star
48183,HIP48183,147.31775855633,46.62180281917,,,,,,ChemPec*
48212,HIP48212,147.44447387422,31.07701492807,,,,,,HighPM*
48225,HIP48225,147.48970046762,-12.79887452241,,,,,,Star
4824,HIP4824,15.48766441513,-9.8855630037836,,,,,,HighPM*
4825,HIP4825,15.49868733316,2.52596192766,,,,,,SB*
48286,HIP48286,147.67118895342,-7.38217206847,,,,,,Star
48306,HIP48306,147.72199076577,-8.3155372324,,,,,,Star
48321,HIP48321,147.75385835808,-12.94187508896,,,,,,HighPM*
48331,HIP48331,147.77938251115,-43.5027843572442,,,,,,HighPM*
48380,HIP48380,147.93896780592,7.38600336715,,,,,,Star
48401,HIP48401,148.01821069671,47.19519055354,,,,,,SB*
48412,HIP48412,148.049099918,8.11239285284,,,,,,**
48435,HIP48435,148.12119615163,31.54260934486,,,,,,HighPM*
48464,HIP48464,148.2270765697,32.76470231463,,,,,,Star
48475,HIP48475,148.2961892728,4.53354793126,,,,,,Star
48491,HIP48491,148.34126298695,-9.9036851051,,,,,,Star
48542,HIP48542,148.49919031389,6.94968925678,,,,,,Star
48570,HIP48570,148.59485634784,32.25689466572,,,,,,HighPM*
48572,HIP48572,148.5999961733,30.6882870511,,,,,,**
48573,HIP48573,148.61153880716,69.45013232943,,,,,,HighPM*
48574,HIP48574,148.6139881269334,-12.9223064545119,,,,,,Star
48575,HIP48575,148.61431409658,37.47818327534,,,,,,HighPM*
48578,HIP48578,148.61606862111,70.68931069784,,,,,,Star
48592,HIP48592,148.64429938132,-12.95151768257,,,,,,HighPM*
48602,HIP48602,148.67616922108,-12.04518061428,,,,,,HighPM*
48614,HIP48614,148.71446666024,37.41508325578,,,,,,SB*
48635,HIP48635,148.761165747,68.93944951112,,,,,,HighPM*
48639,HIP48639,148.76667985,68.90168401,,,,,,**
48659,HIP48659,148.8494268303817,-27.2613125369622,,,,,,HighPM*
4868,HIP4868,15.64842426084,27.74795399246,,,,,,HighPM*
48687,HIP48687,148.93749335343,-8.83649602417,,,,,,Star
48688,HIP48688,148.94026517124,37.19509970195,,,,,,SB*
48691,HIP48691,148.94567867791,70.04120894694,,,,,,Star
48725,HIP48725,149.07645498314,33.45992616507,,,,,,EmLine*
48742,HIP48742,149.13057133541,32.384627437,,,,,,Star
48753,HIP48753,149.15835363598,13.8335892607,,,,,,HighPM*
48754,HIP48754,149.16015987591,-8.83455781507,,,,,,HighPM*
48768,HIP48768,149.20252205462,4.24207515956,,,,,,HighPM*
48792,HIP48792,149.26953303781,-9.37599470265,,,,,,Star
48820,HIP48820,149.37580924356,5.10335479984,,,,,,Star
48825,HIP48825,149.40017184916,13.61780172661,,,,,,Star
48854,HIP48854,149.46707286569,76.61298281268,,,,,,SB*
4887,HIP4887,15.69072723409,45.42529206822,,,,,,Star
48883,HIP48883,149.55573074685,12.4448057297683,,,,,,SB*
48887,HIP48887,149.56544675864,51.56892509121,,,,,,HighPM*
48913,HIP48913,149.67287580024,-11.07380292026,,,,,,EclBin
48924,HIP48924,149.71140751552,52.07214624725,,,,,,Star
48947,HIP48947,149.78552555428,-16.01159335271,,,,,,Star
48952,HIP48952,149.79574485499,32.43895142234,,,,,,EmLine*
48954,HIP48954,149.79916029904,50.98312511271,,,,,,Star
48987,HIP48987,149.91896865828,44.91023554484,,,,,,Star
48988,HIP48988,149.91935910294,11.60768205479,,,,,,Star
48989,HIP48989,149.92611462751,5.22162160349,,,,,,SB*
48991,HIP48991,149.93047785058,44.29556757405,,,,,,EmLine*
48995,HIP48995,149.9352302308146,45.196964502963,,,,,,Star
49002,HIP49002,149.95679222191,13.45147887137,,,,,,Star
49010,HIP49010,149.97484409584,14.87760328015,,,,,,Star
4903,HIP4903,15.72606127598,41.34521355015,,,,,,Star
49030,HIP49030,150.05483951857,6.25060392221,,,,,,HighPM*
49036,HIP49036,150.07080329107,-16.50370138073,,,,,,Star
49056,HIP49056,150.1518818639,35.81131992086,,,,,,EmLine*
49058,HIP49058,150.15310603547,0.82955551137,,,,,,HighPM*
49066,HIP49066,150.1845271800767,32.3093720815961,,,,,,HighPM*
49067,HIP49067,150.198835317605,-9.5166791295939,,,,,,HighPM*
4909,HIP4909,15.73925164133,-9.86123884851,,,,,,Star
49110,HIP49110,150.34239741267,-15.45405686581,,,,,,Star
49113,HIP49113,150.35323331696,30.58731244372,,,,,,HighPM*
49121,HIP49121,150.38355707673,68.7180676985,,,,,,HighPM*
49125,HIP49125,150.39761737342,-1.01813176458,,,,,,Star
49151,HIP49151,150.46717292381,-2.27098016151,,,,,,Star
49168,HIP49168,150.51300646828,15.36053103841,,,,,,HighPM*
49174,HIP49174,150.53376353955,47.37142485149,,,,,,**
49180,HIP49180,150.56430310304,3.93069685463,,,,,,HighPM*
49191,HIP49191,150.59615793153,55.57524099641,,,,,,Star
49198,HIP49198,150.62319471053,14.55699635411,,,,,,HorBranch*
492,HIP492,1.47850615975,-14.43279400845,,,,,,Star
49213,HIP49213,150.67852018921,3.67013779896,,,,,,Star
49242,HIP49242,150.77421245172,-8.88654550255,,,,,,Star
49251,HIP49251,150.80390609023,49.2050314089,,,,,,HighPM*
49258,HIP49258,150.83502352302,-17.1823915041,,,,,,Star
49263,HIP49263,150.84602959785,44.62745502326,,,,,,PulsV*
4927,HIP4927,15.8089851,20.09784578,,,,,,**
49280,HIP49280,150.88917378454,-0.20426966706,,,,,,Star
49304,HIP49304,150.95380845746,-10.15301078659,,,,,,Star
49305,HIP49305,150.95814980326,-8.38575256152,,,,,,**
49335,HIP49335,151.0689799766546,-1.6926733770358,,,,,,HighPM*
49342,HIP49342,151.09748064216,6.01117063734,,,,,,Star
49344,HIP49344,151.09734588681,70.8668343295,,,,,,HighPM*
49363,HIP49363,151.15134370855,53.89171443368,,,,,,Star
4937,HIP4937,15.8426994032,-15.44335900448,,,,,,Star
49390,HIP49390,151.24744908509,-0.47548919637,,,,,,EmLine*
49392,HIP49392,151.25078854563,70.22920958187,,,,,,Star
49398,HIP49398,151.27294093424,29.7493717157,,,,,,Star
4942,HIP4942,15.85445804819,74.18935739858,,,,,,Star
49429,HIP49429,151.36050255311,26.48779927465,,,,,,HighPM*
49441,HIP49441,151.41072684,31.08699289,,,,,,**
49444,HIP49444,151.4155983605792,-16.9431494559494,,,,,,HighPM*
4948,HIP4948,15.86582170803,-5.81137121309,,,,,,HighPM*
4951,HIP4951,15.87354231968,-14.50757136744,,,,,,HighPM*
49512,HIP49512,151.63764215265,-16.33850354523,,,,,,Star
49532,HIP49532,151.71004188664,55.65760260772,,,,,,Star
49545,HIP49545,151.74554040757,-3.28400614358,,,,,,Star
49563,HIP49563,151.78327128735,45.05995676361,,,,,,SB*
49565,HIP49565,151.7847423701,29.51254327035,,,,,,HighPM*
49576,HIP49576,151.80703615882,46.11497597596,,,,,,Star
49596,HIP49596,151.86489734278,69.86456135474,,,,,,**
49615,HIP49615,151.890868353935,-6.4391982243233,,,,,,HighPM*
49626,HIP49626,151.92366681343,6.29276802176,,,,,,HighPM*
49632,HIP49632,151.93768981021,45.13746830517,,,,,,SB*
49634,HIP49634,151.95147034813,46.03076407934,,,,,,HighPM*
49655,HIP49655,152.05961545991,12.83297007273,,,,,,Star
49658,HIP49658,152.06619654,31.60405208,,,,,,**
4967,HIP4967,15.91725990327,40.85808398261,,,,,,HighPM*
49677,HIP49677,152.1163301529,24.30877578609,,,,,,Star
49684,HIP49684,152.13587850225,-4.14665321289,,,,,,Star
49691,HIP49691,152.15754046036,24.44954395433,,,,,,EmLine*
49713,HIP49713,152.24826781371,44.22655334751,,,,,,SB*
49719,HIP49719,152.26990968,25.51756571,,,,,,**
49734,HIP49734,152.29241912193,45.85102059171,,,,,,EmLine*
49735,HIP49735,152.29341440808,21.79034466818,,,,,,Star
49738,HIP49738,152.3091351588,46.28398525678,,,,,,HighPM*
4978,HIP4978,15.9464534924421,6.7648357241453,,,,,,Star
49786,HIP49786,152.44134598055,55.54187171909,,,,,,HighPM*
4979,HIP4979,15.95428421498,1.36684725694,,,,,,HighPM*
49812,HIP49812,152.5314164699679,-8.4081699478097,,,,,,Ae*
49820,HIP49820,152.55372158175,14.067840638,,,,,,Star
49831,HIP49831,152.59444548561,20.94557150404,,,,,,SB*
49832,HIP49832,152.59993797627,-5.47027899404,,,,,,HighPM*
49882,HIP49882,152.78567684454,20.69614516652,,,,,,HighPM*
49900,HIP49900,152.82401718471,-7.31662155546,,,,,,Star
49910,HIP49910,152.84876754785,-1.66241528018,,,,,,HighPM*
49929,HIP49929,152.9092146654,13.3551130911,,,,,,**
49961,HIP49961,153.00517797,-6.20285269,,,,,,**
49970,HIP49970,153.02091566,21.29836479,,,,,,**
50005,HIP50005,153.1244743130463,-0.6371019942819,,,,,,SB*
50048,HIP50048,153.27160974248,22.86883182613,,,,,,Star
50056,HIP50056,153.29957476236,21.41988746572,,,,,,Star
50074,HIP50074,153.35304861943,-0.9406374213,,,,,,Star
50084,HIP50084,153.3803562832305,-5.0873680171598,,,,,,HighPM*
50097,HIP50097,153.4326606484,50.49656336472,,,,,,SB*
50100,HIP50100,153.43491176411,-7.38404632407,,,,,,HighPM*
50105,HIP50105,153.44318527052,-5.21978710627,,,,,,Star
5011,HIP5011,16.0472446027529,-14.5887677052344,,,,,,HighPM*
50127,HIP50127,153.49025811354,51.30806524998,,,,,,Star
50130,HIP50130,153.5076783,22.4564229,,,,,,**
50156,HIP50156,153.5798467812106,21.0749492474004,,,,,,BYDraV*
50172,HIP50172,153.61808034515,8.61977474988,,,,,,HighPM*
50174,HIP50174,153.62396736952,21.1680482407,,,,,,HighPM*
50187,HIP50187,153.67736141152,-2.87584959331,,,,,,Star
50202,HIP50202,153.7362071731,-8.74055087739,,,,,,Star
50203,HIP50203,153.73969431259,9.21124224769,,,,,,Star
50213,HIP50213,153.7611278021067,-9.6670355467142,,,,,,HighPM*
50250,HIP50250,153.91009048178,-11.18839793851,,,,,,HighPM*
50278,HIP50278,153.98375662362,45.97483597244,,,,,,Star
5029,HIP5029,16.10233224808,57.98110036575,,,,,,Star
50302,HIP50302,154.05949303209,42.79656073325,,,,,,HighPM*
50307,HIP50307,154.07054631312,-5.82902233347,,,,,,Star
50318,HIP50318,154.13010332667,45.04350716513,,,,,,SB*
5032,HIP5032,16.11187340388,44.48370578787,,,,,,Star
50330,HIP50330,154.16667861447,59.37911636988,,,,,,gammaDorV*
50338,HIP50338,154.18709940028,80.52121946851,,,,,,Star
50345,HIP50345,154.19849135,-10.7728654,,,,,,**
50346,HIP50346,154.20037185983,54.74613043759,,,,,,Star
50351,HIP50351,154.22928316882,2.42166770868,,,,,,HighPM*
50369,HIP50369,154.25947917521,38.51580777851,,,,,,HighPM*
50370,HIP50370,154.26223723262,10.11435995479,,,,,,Star
50385,HIP50385,154.31227901627,-0.57526226639,,,,,,HighPM*
5040,HIP5040,16.13328011667,21.5221764113,,,,,,Star
50404,HIP50404,154.38214896767,-3.53386226709,,,,,,Star
50405,HIP50405,154.38393229239,52.27041990321,,,,,,HighPM*
50440,HIP50440,154.4773327125,49.57606816419,,,,,,HighPM*
50443,HIP50443,154.49137945758,-3.82401109837,,,,,,Star
50465,HIP50465,154.55585988202,38.86413338345,,,,,,SB*
50482,HIP50482,154.62737235232,85.82884577162,,,,,,Star
50487,HIP50487,154.63877678,39.11049803,,,,,,**
50513,HIP50513,154.74914631496,51.4054858155,,,,,,Star
50524,HIP50524,154.79434503,20.5633716,,,,,,**
50553,HIP50553,154.89259052166,53.53486357026,,,,,,HighPM*
50558,HIP50558,154.91329482935,-0.20992878982,,,,,,Star
50606,HIP50606,155.06169294057,53.77941340347,,,,,,HighPM*
50622,HIP50622,155.10528656768,3.16435311696,,,,,,**
5064,HIP5064,16.20118162,1.5877433881,,,,,,**
50663,HIP50663,155.1990906907,19.53899268421,,,,,,Star
50675,HIP50675,155.22203600549,85.43383309121,,,,,,Star
50679,HIP50679,155.23568705066,42.1880204425,,,,,,Star
50684,HIP50684,155.25835821861,2.2897216043,,,,,,PulsV*
50687,HIP50687,155.26529032996,41.84939441059,,,,,,Star
50709,HIP50709,155.31681729415,78.76429366694,,,,,,alf2CVnV*
50716,HIP50716,155.33241378995,50.37578656095,,,,,,**
50725,HIP50725,155.35588689263,57.4150667432,,,,,,Star
5073,HIP5073,16.21014249306,7.04594125534,,,,,,HighPM*
50743,HIP50743,155.42702172224,43.58748928989,,,,,,EmLine*
50744,HIP50744,155.42834986713,21.39374137379,,,,,,SB*
50760,HIP50760,155.48052574277,59.55189857928,,,,,,HighPM*
50794,HIP50794,155.57158503022,79.43662097229,,,,,,HighPM*
50796,HIP50796,155.5749759020188,-10.5376592670831,,,,,,SB*
50838,HIP50838,155.71311782337,72.17034723893,,,,,,Star
50900,HIP50900,155.91030548847,58.4102990305,,,,,,HighPM*
50957,HIP50957,156.10538642508,44.02148484509,,,,,,Star
50960,HIP50960,156.10713362139,77.47102608963,,,,,,HighPM*
51003,HIP51003,156.28845078876,42.2249337065,,,,,,Star
51055,HIP51055,156.47362965,42.7430084,,,,,,**
51067,HIP51067,156.5167273253,19.40145571306,,,,,,Star
51132,HIP51132,156.68812793586,22.44405010356,,,,,,Star
51147,HIP51147,156.7259282992,19.5123725311,,,,,,**
5115,HIP5115,16.3850535581642,21.120702878867,,,,,,**
51178,HIP51178,156.79434319788,19.81339001926,,,,,,HighPM*
51191,HIP51191,156.8510250252608,1.4000528566886,,,,,,HighPM*
51278,HIP51278,157.1102057814,81.1874683333,,,,,,Star
51285,HIP51285,157.13061145295,0.52453917754,,,,,,HighPM*
5134,HIP5134,16.42877093794,2.47711615751,,,,,,Star
51406,HIP51406,157.4940438976,27.82564205266,,,,,,Star
51419,HIP51419,157.52663146,20.80118994,,,,,,**
51427,HIP51427,157.54768363193,50.99332455831,,,,,,HighPM*
51434,HIP51434,157.56360625291,50.56912253398,,,,,,Star
5145,HIP5145,16.46422925398,20.96431335758,,,,,,SB*
51463,HIP51463,157.67348180392,51.40117124671,,,,,,EmLine*
5148,HIP5148,16.47578538301,32.9936223436,,,,,,PulsV*
51492,HIP51492,157.75288893597,41.667211196,,,,,,EmLine*
51574,HIP51574,158.00592745094,29.73263084101,,,,,,HighPM*
51575,HIP51575,158.00590736496,-11.42444477139,,,,,,HighPM*
5161,HIP5161,16.51647404275,57.75647440174,,,,,,PulsV*
5163,HIP5163,16.52146542034,1.70641428054,,,,,,HighPM*
51639,HIP51639,158.24711846606,40.19438238425,,,,,,Star
5164,HIP5164,16.5214526772,-9.83935520991,,,,,,Star
51649,HIP51649,158.28452925042,49.16888873384,,,,,,EmLine*
51664,HIP51664,158.32073965863,27.77513694938,,,,,,HighPM*
51669,HIP51669,158.33983860855,47.40975268303,,,,,,HighPM*
51674,HIP51674,158.3524662375,-10.79598606397,,,,,,Star
51693,HIP51693,158.39807519115,48.07846961479,,,,,,SB*
51741,HIP51741,158.57567032469,-9.89926992519,,,,,,SB*
51743,HIP51743,158.579331224,-9.16317600642,,,,,,HighPM*
51769,HIP51769,158.68055454857,-10.10957792414,,,,,,HighPM*
51788,HIP51788,158.72672919121,82.02532207343,,,,,,Star
5182,HIP5182,16.56486054302,22.55177568861,,,,,,Star
51884,HIP51884,159.0092132446,-11.91331441432,,,,,,BYDraV*
52006,HIP52006,159.36709763491,78.08846410939,,,,,,SB*
52029,HIP52029,159.45660616211,77.48618242625,,,,,,HighPM*
52030,HIP52030,159.45832964418,72.75726883022,,,,,,Star
52056,HIP52056,159.56512319081,9.19790917168,,,,,,Star
52064,HIP52064,159.58277871418,60.12453653505,,,,,,SB*
5209,HIP5209,16.65676492311,8.36004210066,,,,,,SB*
52093,HIP52093,159.66129889983,60.66505107082,,,,,,Star
52128,HIP52128,159.74837029549,25.76726176555,,,,,,HighPM*
52187,HIP52187,159.92548302,8.84299397,,,,,,**
52193,HIP52193,159.94615011602,70.14095059129,,,,,,Star
52198,HIP52198,159.96609603767,10.32991226585,,,,,,HighPM*
52278,HIP52278,160.23713016653,59.34250299262,,,,,,**
52296,HIP52296,160.2887681186825,-36.8954627083742,,,,,,**
522,HIP522,1.5798971854629,-49.0751864582245,,,,,,**
52313,HIP52313,160.33693213893,23.96044746701,,,,,,HighPM*
52341,HIP52341,160.46597869928,-36.63337010664,,,,,,HighPM*
52382,HIP52382,160.6057164913,36.51941277135,,,,,,Star
52387,HIP52387,160.62021462454,8.33308954461,,,,,,Star
52440,HIP52440,160.79691198095,71.83155745207,,,,,,Star
52462,HIP52462,160.8677981909642,-29.0642868557647,,,,,,BYDraV*
52464,HIP52464,160.87333579925,80.42710786579,,,,,,SB*
52493,HIP52493,160.97508445443,70.82604694051,,,,,,HighPM*
52496,HIP52496,160.99985638398,81.5678017024,,,,,,Star
52517,HIP52517,161.0707337075359,37.6425033996653,,,,,,Star
52519,HIP52519,161.07837446171,12.99825721004,,,,,,Star
52525,HIP52525,161.08996062941,11.33560650366,,,,,,Star
52530,HIP52530,161.10564213159,32.61983323866,,,,,,Star
52542,HIP52542,161.1390995388333,4.0338119714303,,,,,,Star
52544,HIP52544,161.1399508538088,72.5428737157528,,,,,,HighPM*
52547,HIP52547,161.1612993533,5.4986083361,,,,,,**
52554,HIP52554,161.16978045034,9.57697669561,,,,,,HighPM*
5257,HIP5257,16.80358818907,1.35518090988,,,,,,Star
52575,HIP52575,161.26197427095,36.82778391168,,,,,,EmLine*
52593,HIP52593,161.31041773988,24.87157305618,,,,,,HorBranch*
52596,HIP52596,161.31955125187,-30.80749032993,,,,,,HighPM*
526,HIP526,1.5843079439,60.45712030573,,,,,,PulsV*
52647,HIP52647,161.47687695425,42.48339573562,,,,,,HighPM*
52667,HIP52667,161.53847335173,25.76102469728,,,,,,HighPM*
52683,HIP52683,161.58048087948,12.74784161312,,,,,,Star
52707,HIP52707,161.65268465597,11.18412414501,,,,,,HorBranch*
52708,HIP52708,161.65375742084,-24.58548273612,,,,,,HighPM*
52727,HIP52727,161.6923962414433,-49.4202599389836,,,,,,HighPM*
5273,HIP5273,16.8537037915492,69.8790208284614,,,,,,HighPM*
5276,HIP5276,16.86974415497,41.25887702174,,,,,,SB*
52796,HIP52796,161.90979430216,71.65587569608,,,,,,HighPM*
52809,HIP52809,161.94357585483,10.44352504253,,,,,,HighPM*
52824,HIP52824,162.01501411595,14.21170623025,,,,,,Star
52833,HIP52833,162.04802215264,11.89195871617,,,,,,Star
52846,HIP52846,162.08268864835,22.09165223383,,,,,,EmLine*
52881,HIP52881,162.2385638482,43.9273310321,,,,,,HighPM*
52885,HIP52885,162.24845033262,37.17097799743,,,,,,HighPM*
52893,HIP52893,162.26357236169,10.15790231654,,,,,,Star
52895,HIP52895,162.27891843221,38.17760572378,,,,,,EmLine*
52911,HIP52911,162.31429315093,10.54519958042,,,,,,Star
52915,HIP52915,162.33205297451,12.84271929851,,,,,,HighPM*
52930,HIP52930,162.37350962454,21.69438190654,,,,,,Star
52936,HIP52936,162.38482684377,29.9706954339,,,,,,EmLine*
52940,HIP52940,162.39975705383,12.92963871881,,,,,,SB*
52941,HIP52941,162.40102850382,29.51629220985,,,,,,Star
52945,HIP52945,162.41018509041,22.8400237019,,,,,,Star
52966,HIP52966,162.49070345127,9.82386349157,,,,,,Star
5298,HIP5298,16.94483013725,41.51326433368,,,,,,Star
52996,HIP52996,162.61679646837,82.41670812029,,,,,,Star
52998,HIP52998,162.62323268242,25.63989008765,,,,,,HighPM*
53002,HIP53002,162.64131222557,32.02753137617,,,,,,HighPM*
53005,HIP53005,162.65235438199,23.40628647751,,,,,,HighPM*
53034,HIP53034,162.7692636805312,24.4513349700853,,,,,,Star
53049,HIP53049,162.80764076794,9.22445306811,,,,,,HighPM*
53051,HIP53051,162.81090888256,46.79627592319,,,,,,SB*
53070,HIP53070,162.8671900305704,20.2774903997994,,,,,,HighPM*
53071,HIP53071,162.86808091037,7.93515678776,,,,,,**
53072,HIP53072,162.87414998278,-0.48382170587,,,,,,Star
53075,HIP53075,162.88320168831,13.6667437717,,,,,,Star
53076,HIP53076,162.88293409826,42.88661390335,,,,,,EmLine*
53094,HIP53094,162.92992696743,-2.46742359209,,,,,,Star
53117,HIP53117,163.0004036588588,9.0613217437183,,,,,,Star
53123,HIP53123,163.01125834885,-0.1605772043,,,,,,HighPM*
53127,HIP53127,163.01769745328,58.36984591076,,,,,,HighPM*
53141,HIP53141,163.05705281145,1.0249726262,,,,,,Star
53144,HIP53144,163.07255528804,39.34740912548,,,,,,Star
53158,HIP53158,163.13471431692,64.77519633144,,,,,,Star
53160,HIP53160,163.13646133413,45.77783791037,,,,,,EclBin
53169,HIP53169,163.1511504795775,-2.1110539565894,,,,,,HighPM*
53170,HIP53170,163.15955510655,10.15361409102,,,,,,Star
53175,HIP53175,163.16507242303,0.48387548066,,,,,,HighPM*
53184,HIP53184,163.18287084144,25.56136297353,,,,,,EmLine*
53200,HIP53200,163.21036379977,11.28754404605,,,,,,HighPM*
53209,HIP53209,163.25438933,57.70221728,,,,,,**
53238,HIP53238,163.3491008816217,9.7393120581478,,,,,,SB*
53248,HIP53248,163.36259793703,72.40512111981,,,,,,Star
53256,HIP53256,163.37875623598,63.55117230494,,,,,,SB*
53267,HIP53267,163.41585997015,-1.35400320704,,,,,,Star
5327,HIP5327,17.04399821113,44.79610846317,,,,,,Star
53283,HIP53283,163.46025719528,46.15573376922,,,,,,SB*
53287,HIP53287,163.47439228618,20.53325795168,,,,,,EmLine*
53350,HIP53350,163.66553952305,40.11668962046,,,,,,Star
53352,HIP53352,163.67092610513,85.36207766149,,,,,,HighPM*
53355,HIP53355,163.67569746836,25.4907242553,,,,,,delSctV*
53370,HIP53370,163.70706053491,23.75571054933,,,,,,**
5339,HIP5339,17.06391485621,28.86793914035,,,,,,HighPM*
53405,HIP53405,163.84577719983,41.45966282663,,,,,,Star
53417,HIP53417,163.90331908,24.7497173,,,,,,**
53423,HIP53423,163.9266504410742,0.7369192708186,,,,,,HighPM*
53430,HIP53430,163.95167121547,8.56976891806,,,,,,Star
53459,HIP53459,164.04181710801,18.82787722724,,,,,,HighPM*
53483,HIP53483,164.11971325243,40.25322170807,,,,,,Star
53494,HIP53494,164.15191881248,17.65559364937,,,,,,HighPM*
53496,HIP53496,164.15689867356,17.65467051486,,,,,,HighPM*
53529,HIP53529,164.27992354517,-6.49747729943,,,,,,Star
53535,HIP53535,164.28845209278,65.27806250481,,,,,,HighPM*
53620,HIP53620,164.55119770537,39.05224602216,,,,,,HighPM*
53634,HIP53634,164.58972971577,59.28151557224,,,,,,HighPM*
53639,HIP53639,164.6015298405404,-6.7372359907478,,,,,,HighPM*
53640,HIP53640,164.60454233752,37.03125428864,,,,,,HighPM*
53641,HIP53641,164.60636036497,37.02871247563,,,,,,HighPM*
53674,HIP53674,164.73448635071,-12.9506664756,,,,,,Star
53697,HIP53697,164.79268622508,6.93095421123,,,,,,Star
53725,HIP53725,164.88156444445,7.22004009758,,,,,,HighPM*
53752,HIP53752,164.95754303079,22.9471887265,,,,,,EmLine*
53759,HIP53759,164.97714834646,-17.31696935981,,,,,,Star
53794,HIP53794,165.09380726039,-9.49274457459,,,,,,Star
53799,HIP53799,165.10877922055,33.58445028127,,,,,,EmLine*
53813,HIP53813,165.15339735603,23.70609044436,,,,,,EmLine*
53817,HIP53817,165.1595990721,5.72730886885,,,,,,HighPM*
5382,HIP5382,17.21411091693,7.52619246894,,,,,,HighPM*
53820,HIP53820,165.17379560084,-12.63787534632,,,,,,Star
53827,HIP53827,165.19532343077,27.09820466215,,,,,,EmLine*
53839,HIP53839,165.21152681653,-12.0815279697,,,,,,Star
5388,HIP5388,17.23751274103,45.94264230246,,,,,,Star
53886,HIP53886,165.37089616787,-16.94615790784,,,,,,HighPM*
53928,HIP53928,165.52397145,-15.69254935,,,,,,**
53942,HIP53942,165.55947868494,-15.92689272142,,,,,,HighPM*
53956,HIP53956,165.59422975664,70.39999156115,,,,,,Star
53971,HIP53971,165.6135420853804,79.233816542857,,,,,,SB*
54002,HIP54002,165.70884739361,-9.33030378547,,,,,,BYDraV*
54015,HIP54015,165.75219227532,-8.38986526195,,,,,,Star
54056,HIP54056,165.92064654826,32.88745733457,,,,,,EmLine*
54077,HIP54077,165.98772474,23.14756463,,,,,,**
54078,HIP54078,165.98781718441,-9.08091119626,,,,,,Star
54134,HIP54134,166.1284267059,32.99551762653,,,,,,EmLine*
5416,HIP5416,17.30603058625,33.94151748588,,,,,,Star
54172,HIP54172,166.22358257141,-11.75942359366,,,,,,HighPM*
54183,HIP54183,166.25973453067,32.85235535682,,,,,,Star
54203,HIP54203,166.32908894314,81.03918350955,,,,,,HighPM*
54208,HIP54208,166.36929101254,28.97725174779,,,,,,EmLine*
54217,HIP54217,166.39713955536,28.02096650062,,,,,,EmLine*
54244,HIP54244,166.46301544369,22.66547207844,,,,,,Star
5425,HIP5425,17.32213326287,34.80590341498,,,,,,HighPM*
54288,HIP54288,166.59550153,-35.74838066,,,,,,**
54315,HIP54315,166.67301785853,-13.00282877204,,,,,,HighPM*
54371,HIP54371,166.86352047173,-2.17894805676,,,,,,Star
54388,HIP54388,166.91544167381,23.3237632988,,,,,,SB*
5441,HIP5441,17.39692691271,39.78104672674,,,,,,Star
54443,HIP54443,167.09422978024,21.03947508234,,,,,,HighPM*
54444,HIP54444,167.09718553773,22.67604698131,,,,,,HighPM*
54456,HIP54456,167.1259650825,28.27819525179,,,,,,EmLine*
5448,HIP5448,17.43742387547,1.22528787295,,,,,,Star
54532,HIP54532,167.3806037850925,-24.5986441907644,,,,,,HighPM*
54540,HIP54540,167.41577702247,67.2102100923,,,,,,alf2CVnV*
54546,HIP54546,167.43347080026,-2.99519475784,,,,,,EmLine*
54592,HIP54592,167.58755797003,22.7019355241,,,,,,Star
54612,HIP54612,167.64497248706,-16.45307974193,,,,,,HighPM*
54614,HIP54614,167.65831115218,42.42628826849,,,,,,HighPM*
54632,HIP54632,167.72975774482,81.73166419675,,,,,,SB*
5465,HIP5465,17.48725799847,33.88144063052,,,,,,HighPM*
54658,HIP54658,167.8311537333,43.4173307786,,,,,,**
54663,HIP54663,167.84874641347,41.82681356847,,,,,,**
54667,HIP54667,167.86024185757,68.4738365781,,,,,,Star
5469,HIP5469,17.50440613898,28.7023620418,,,,,,SB*
54691,HIP54691,167.9495669551042,-15.1281917619447,,,,,,HighPM*
54721,HIP54721,168.04558642244,68.27187040029,,,,,,Star
54782,HIP54782,168.23581187199,-12.78523383482,,,,,,HighPM*
54788,HIP54788,168.24644886208,5.23492026432,,,,,,HighPM*
5484,HIP5484,17.54881343948,45.98541842776,,,,,,Star
54887,HIP54887,168.5783095637,5.9644501489,,,,,,HighPM*
5489,HIP5489,17.56711564724,-10.35320483131,,,,,,HighPM*
5496,HIP5496,17.5953370754902,-67.4449857386019,,,,,,**
54998,HIP54998,168.91229760518,4.47777358815,,,,,,HighPM*
5504,HIP5504,17.62745136199,-6.08458477264,,,,,,Star
551,HIP551,1.6825475053,8.65720392355,,,,,,HighPM*
55166,HIP55166,169.4205475065,25.46040324263,,,,,,HighPM*
55204,HIP55204,169.55818394644,15.96946131493,,,,,,HighPM*
55211,HIP55211,169.59127908369,4.5114244146,,,,,,HighPM*
55212,HIP55212,169.59755858447,25.23511565011,,,,,,Star
55224,HIP55224,169.63964559989,64.16052344113,,,,,,Star
55236,HIP55236,169.66782304265,64.44039577249,,,,,,HighPM*
5524,HIP5524,17.67924437368,-4.8421767933,,,,,,Star
55241,HIP55241,169.69442948547,66.68419880253,,,,,,HighPM*
55242,HIP55242,169.69892508151,63.52119423478,,,,,,HighPM*
55285,HIP55285,169.84003477161,-5.93811579929,,,,,,HighPM*
55312,HIP55312,169.9112538873,76.16556065984,,,,,,Star
55321,HIP55321,169.92867510544,5.11407140732,,,,,,HighPM*
55367,HIP55367,170.05560071623,24.57775955604,,,,,,Star
5538,HIP5538,17.7548060314879,-11.3835797672372,,,,,,SB*
55382,HIP55382,170.11029715782,17.31128438259,,,,,,Star
55395,HIP55395,170.14091273819,-9.69089953921,,,,,,Star
554,HIP554,1.69284906591,-13.74888778784,,,,,,HighPM*
55402,HIP55402,170.18150628763,22.88103843254,,,,,,Star
55404,HIP55404,170.18312270016,22.87471759156,,,,,,Star
55424,HIP55424,170.2463276909,20.85800599566,,,,,,Star
55428,HIP55428,170.26686709602,12.55754573257,,,,,,HighPM*
55454,HIP55454,170.36109929,-20.45378434,,,,,,BYDraV*
5554,HIP5554,17.81220173597,46.62982516503,,,,,,Star
55543,HIP55543,170.65067171535,21.29605876869,,,,,,EmLine*
55575,HIP55575,170.76339409757,4.82800610448,,,,,,HighPM*
55603,HIP55603,170.85918915761,15.99286051761,,,,,,EmLine*
55643,HIP55643,170.98162035585,41.94572926204,,,,,,Star
55666,HIP55666,171.09067815216,-5.90998984611,,,,,,HighPM*
55691,HIP55691,171.1682759529621,-61.647586629305,,,,,,HighPM*
55745,HIP55745,171.32438872742,-11.95976761078,,,,,,HighPM*
55750,HIP55750,171.3476597838054,6.1083831404264,,,,,,**
55761,HIP55761,171.38242421534,42.63290314671,,,,,,HighPM*
55778,HIP55778,171.42893566951,5.74789408533,,,,,,HighPM*
5581,HIP5581,17.89578441548,-5.34021709837,,,,,,delSctV*
55857,HIP55857,171.71689348275,-9.94069867415,,,,,,Star
55872,HIP55872,171.78515861855,35.76965772233,,,,,,**
55875,HIP55875,171.79489209,-15.64853267,,,,,,**
55884,HIP55884,171.8107556448618,-16.0620719883906,,,,,,HighPM*
55908,HIP55908,171.89218569451,42.2871814264,,,,,,Star
5592,HIP5592,17.93058309871,83.45697378771,,,,,,Star
5593,HIP5593,17.93125931324,8.58010172288,,,,,,**
55937,HIP55937,171.9604010932,-15.86001679,,,,,,SB*
55942,HIP55942,171.97953264715,-11.06138921244,,,,,,Star
5595,HIP5595,17.93519804066,36.40918661793,,,,,,Star
55982,HIP55982,172.10429408867,2.78296653968,,,,,,HighPM*
5599,HIP5599,17.94528681006,45.17185956949,,,,,,Star
55990,HIP55990,172.12081996272,36.01593757368,,,,,,EmLine*
55996,HIP55996,172.13332436556,-6.10184852587,,,,,,Star
56027,HIP56027,172.24436501934,1.09384462585,,,,,,**
56052,HIP56052,172.31859910579,36.91184336489,,,,,,HighPM*
56064,HIP56064,172.35969962722,43.80095030182,,,,,,Star
560,HIP560,1.70869301587,-23.10754046174,,,,,,HighPM*
56145,HIP56145,172.61852741925,43.57848954107,,,,,,HighPM*
5615,HIP5615,18.01499724791,75.46882639876,,,,,,Star
56166,HIP56166,172.71258236192,-6.71902052432,,,,,,SB*
56182,HIP56182,172.74128802988,11.52367831682,,,,,,HighPM*
56186,HIP56186,172.754394664745,32.3166348684147,,,,,,HighPM*
56209,HIP56209,172.84732685337,3.06270312501,,,,,,Star
56230,HIP56230,172.9052749957,44.81792446178,,,,,,EmLine*
56244,HIP56244,172.9438052146571,-41.0464379526286,,,,,,HighPM*
5626,HIP5626,18.07006799311,79.67396377216,,,,,,HighPM*
56337,HIP56337,173.23773245956,52.52370939118,,,,,,HighPM*
5634,HIP5634,18.09053471973,8.53665250385,,,,,,SB*
56356,HIP56356,173.28448262678,32.82646057122,,,,,,Star
56359,HIP56359,173.30029827192,33.13280170001,,,,,,HighPM*
56376,HIP56376,173.34429539747,2.46387311332,,,,,,Star
56378,HIP56378,173.35324505669,4.13416719695,,,,,,ChemPec*
56421,HIP56421,173.52248643822,5.92689874307,,,,,,Star
56424,HIP56424,173.53002650311,48.56812138153,,,,,,Star
5644,HIP5644,18.1251861767296,-9.2237138080814,,,,,,HighPM*
5645,HIP5645,18.12672837903,32.21101279892,,,,,,Star
56452,HIP56452,173.6228601847283,-32.8313396648364,,,,,,HighPM*
56473,HIP56473,173.67704265,16.79691544,,,,,,**
56517,HIP56517,173.80518625483,-9.27156481553,,,,,,HighPM*
56523,HIP56523,173.84006269919,34.50968051299,,,,,,Star
56526,HIP56526,173.8556098156,53.57411213684,,,,,,HighPM*
56528,HIP56528,173.8622823626925,-32.5399678375219,,,,,,HighPM*
56545,HIP56545,173.90964198748,53.8896547535,,,,,,Star
56553,HIP56553,173.93090430887,10.91127878353,,,,,,Star
56578,HIP56578,173.99656435601,16.96824998911,,,,,,EmLine*
56581,HIP56581,174.00650633679,33.23713326088,,,,,,EmLine*
56611,HIP56611,174.10440855992,-10.43561693787,,,,,,HighPM*
56631,HIP56631,174.16942119192,-9.31307032492,,,,,,SB*
56636,HIP56636,174.17788949721,11.66980718447,,,,,,Star
5663,HIP5663,18.192212549,-25.23557847789,,,,,,HighPM*
56646,HIP56646,174.23674036712,10.51050967928,,,,,,Star
56666,HIP56666,174.28729474412,85.61732077289,,,,,,Star
5667,HIP5667,18.20006691081,20.50147237488,,,,,,Star
56677,HIP56677,174.31981817697,-1.08255312451,,,,,,HighPM*
56682,HIP56682,174.33362612487,2.56266760283,,,,,,Star
56691,HIP56691,174.36254672423,-1.48490275058,,,,,,Star
56732,HIP56732,174.47457288646,21.74510492889,,,,,,Star
56736,HIP56736,174.49088327648,15.77690392517,,,,,,EmLine*
56753,HIP56753,174.52857945357,32.77161688516,,,,,,Star
56766,HIP56766,174.57871555942,38.02839632235,,,,,,HighPM*
56768,HIP56768,174.58069435821,38.75469139064,,,,,,Star
56780,HIP56780,174.61565953508,20.10052949391,,,,,,Star
56789,HIP56789,174.63964489706,46.8342141646,,,,,,SB*
56808,HIP56808,174.68567947871,4.42650673635,,,,,,HighPM*
5682,HIP5682,18.25960245312,33.15494343582,,,,,,HighPM*
56854,HIP56854,174.84815268699,52.18760514712,,,,,,SB*
56855,HIP56855,174.85055932275,52.18408342327,,,,,,HighPM*
56926,HIP56926,175.05861222052,21.38609265841,,,,,,HighPM*
56935,HIP56935,175.07848897151,55.30266958628,,,,,,HighPM*
56940,HIP56940,175.09855159225,48.23671511177,,,,,,ChemPec*
56955,HIP56955,175.12853523397,3.65411909089,,,,,,HighPM*
56998,HIP56998,175.2602852710159,-44.4051907604736,,,,,,HighPM*
57044,HIP57044,175.42927758,56.45352139,,,,,,**
57115,HIP57115,175.63151369527,53.31180872099,,,,,,HighPM*
57135,HIP57135,175.71706505353,55.29296608054,,,,,,HighPM*
5728,HIP5728,18.41695932823,46.65808155205,,,,,,HighPM*
57290,HIP57290,176.21044675038,37.92280600572,,,,,,Star
57367,HIP57367,176.4288205609913,-64.8415172105089,,,,,,WhiteDwarf
57443,HIP57443,176.6294688880487,-40.5003571853261,,,,,,HighPM*
57445,HIP57445,176.64412555515,56.05563912758,,,,,,HighPM*
5747,HIP5747,18.452750384885,48.7869692701108,,,,,,Star
57532,HIP57532,176.87644266167,77.03993276457,,,,,,SB*
57545,HIP57545,176.91467159133,76.23254925427,,,,,,HighPM*
57566,HIP57566,176.99870754056,-8.62609504674,,,,,,HighPM*
57570,HIP57570,177.00130532642,-8.62771239743,,,,,,HighPM*
57588,HIP57588,177.0975074129,77.76508258588,,,,,,HighPM*
57601,HIP57601,177.14496158459,46.13019809562,,,,,,HighPM*
5769,HIP5769,18.51594134574,-11.8321311312,,,,,,Star
57730,HIP57730,177.57779664304,-7.37593434183,,,,,,Star
57768,HIP57768,177.70285308041,18.62568734442,,,,,,Star
57780,HIP57780,177.73166793632,45.10624635164,,,,,,Star
57837,HIP57837,177.91188997183,55.4915364059,,,,,,HighPM*
57845,HIP57845,177.9295866508,44.7981179017,,,,,,**
5787,HIP5787,18.56113938958,35.79899038491,,,,,,HighPM*
57910,HIP57910,178.16953336604,56.78215911871,,,,,,Star
57929,HIP57929,178.21915709328,30.82733395722,,,,,,HighPM*
57949,HIP57949,178.27181313069,18.93002910546,,,,,,EmLine*
57952,HIP57952,178.29531327039,16.84899864467,,,,,,HighPM*
57955,HIP57955,178.30253331,-15.67373727,,,,,,**
57966,HIP57966,178.34565146415,-16.59274991613,,,,,,Star
57991,HIP57991,178.42061968476,-15.6051470238,,,,,,HighPM*
57992,HIP57992,178.4158908036163,86.2303589394781,,,,,,HighPM*
58019,HIP58019,178.50326299884,29.55395719306,,,,,,HighPM*
5820,HIP5820,18.67078189573,47.54965876533,,,,,,HighPM*
58239,HIP58239,179.17475014088,42.48412217879,,,,,,Star
58341,HIP58341,179.46317617163,-18.1021228782,,,,,,Star
58345,HIP58345,179.484193115515,-27.70704627468,,,,,,HighPM*
58366,HIP58366,179.5237916516204,80.6320202070075,,,,,,**
58373,HIP58373,179.54807814443,29.81972784925,,,,,,Star
58390,HIP58390,179.58690115842,41.83101059203,,,,,,HighPM*
58392,HIP58392,179.59695960989,42.69511558399,,,,,,Star
584,HIP584,1.78172936702,-15.85015071229,,,,,,**
58423,HIP58423,179.68902913539,-17.75895735208,,,,,,HighPM*
58449,HIP58449,179.78668581474,42.46638815787,,,,,,Star
58458,HIP58458,179.81317410136,61.33437988587,,,,,,SB*
58502,HIP58502,179.96109340214,60.15868344059,,,,,,RGB*
58515,HIP58515,180.00118990425,-18.40797141382,,,,,,HighPM*
58531,HIP58531,180.04335615599,86.99443004518,,,,,,Star
58616,HIP58616,180.30736760504,12.37778784912,,,,,,Star
58619,HIP58619,180.31675781237,79.08742627275,,,,,,HighPM*
58665,HIP58665,180.4380447401499,62.06695751217,,,,,,Star
58676,HIP58676,180.4754066508199,57.94344436254,,,,,,Star
58727,HIP58727,180.68861796022,7.82406022184,,,,,,HighPM*
58730,HIP58730,180.6944024592399,59.52027355352,,,,,,Star
58737,HIP58737,180.70954430003,77.69297514638,,,,,,Star
58743,HIP58743,180.7222623538899,12.80739743446,,,,,,HighPM*
58762,HIP58762,180.7741115049099,30.83170220623,,,,,,EmLine*
58823,HIP58823,180.96930597617,76.06676505297,,,,,,HighPM*
58843,HIP58843,181.0231764321187,3.3407528026072,,,,,,HighPM*
58862,HIP58862,181.07278597173,7.4056286014,,,,,,Star
58863,HIP58863,181.07272256522,9.19307310497,,,,,,HighPM*
58864,HIP58864,181.07679544977,7.3990723411,,,,,,Star
58869,HIP58869,181.08150416365,12.28273702286,,,,,,HighPM*
58874,HIP58874,181.1171170578099,85.58713112265,,,,,,HighPM*
58898,HIP58898,181.1838959599,-7.97667384852,,,,,,Star
58902,HIP58902,181.19148262,56.80181467,,,,,,**
58924,HIP58924,181.2469720588499,76.76222193531,,,,,,HighPM*
58953,HIP58953,181.32607287759,55.98028258809,,,,,,Star
58961,HIP58961,181.34939137122,38.65712982748,,,,,,Star
5896,HIP5896,18.9420379295962,-68.8759448102925,,,,,,HighPM*
5899,HIP5899,18.94586705199,-9.78721349772,,,,,,Star
59103,HIP59103,181.7989635901799,30.03575105893,,,,,,HighPM*
59141,HIP59141,181.90741534352,32.02821418376,,,,,,EmLine*
59149,HIP59149,181.94629660262,-8.48602520307,,,,,,HighPM*
59161,HIP59161,181.99126844566,39.98864414138,,,,,,Star
59175,HIP59175,182.02899962973,39.65549604702,,,,,,HighPM*
59193,HIP59193,182.08568162769,43.90719508374,,,,,,HighPM*
59244,HIP59244,182.28334197107,31.92233853999,,,,,,EmLine*
59255,HIP59255,182.3206786095499,11.29173505562,,,,,,HighPM*
59346,HIP59346,182.61328362463,-7.77397530436,,,,,,delSctV*
59352,HIP59352,182.63183667138,16.80927056558,,,,,,Star
59355,HIP59355,182.6552602592,85.0787914511,,,,,,**
59357,HIP59357,182.662266025,-16.95629166064,,,,,,HighPM*
59361,HIP59361,182.68161200068,39.3236157204,,,,,,HighPM*
59362,HIP59362,182.6836341995199,45.17491663938,,,,,,HighPM*
59365,HIP59365,182.69399140997,79.98598158038,,,,,,Star
59369,HIP59369,182.7058858542999,32.74851351612,,,,,,Star
59400,HIP59400,182.7832303557404,12.4710172713192,,,,,,**
59408,HIP59408,182.8010181292399,58.38094808911,,,,,,EmLine*
59416,HIP59416,182.82414711102,48.49469176208,,,,,,Star
5942,HIP5942,19.11569885666,23.58945945534,,,,,,Star
59426,HIP59426,182.84544679,-16.79084225,,,,,,**
59428,HIP59428,182.8544417599783,43.5610489302175,,,,,,HighPM*
59463,HIP59463,182.95141995933,77.44078563689,,,,,,**
5947,HIP5947,19.12866990111,79.91001822619,,,,,,HighPM*
59474,HIP59474,182.9812390464799,59.69724989681,,,,,,**
59478,HIP59478,182.98876809,12.99996701,,,,,,**
59490,HIP59490,183.0057036196166,13.2612829332392,,,,,,HighPM*
59493,HIP59493,183.01151821433,46.60083571454,,,,,,Star
59509,HIP59509,183.07334382361,37.47498628015,,,,,,Star
59537,HIP59537,183.1250857569899,-15.45768274558,,,,,,Star
59542,HIP59542,183.16071432997,48.59724270597,,,,,,HighPM*
59594,HIP59594,183.3204098555899,30.28304065673,,,,,,EmLine*
59611,HIP59611,183.3758244585,30.10217897617,,,,,,Star
59633,HIP59633,183.44760098002,46.71069770807,,,,,,**
59634,HIP59634,183.45311942648,15.46353527547,,,,,,HighPM*
5965,HIP5965,19.1778158152,24.50184672056,,,,,,HighPM*
59683,HIP59683,183.58748438422,11.8192742663,,,,,,SB*
59735,HIP59735,183.75609558891,30.14150377151,,,,,,EmLine*
59737,HIP59737,183.75776462765,9.98782059277,,,,,,Star
59739,HIP59739,183.7643992651499,9.99087375154,,,,,,SB*
5977,HIP5977,19.20991095414,21.0518594843,,,,,,HighPM*
59772,HIP59772,183.8472282690599,37.46325916452,,,,,,HighPM*
59780,HIP59780,183.8627283288279,-31.0940221520021,,,,,,**
59819,HIP59819,184.0007773648499,14.89906789566,,,,,,HighPM*
59820,HIP59820,184.0018114879,48.1162031981,,,,,,**
59833,HIP59833,184.0348982941299,25.76037156216,,,,,,EmLine*
59855,HIP59855,184.11814865721,16.0284941735,,,,,,Star
59862,HIP59862,184.14994469343,-14.48121611912,,,,,,HighPM*
59877,HIP59877,184.1931625089999,29.58664108863,,,,,,Star
59879,HIP59879,184.21389887357,86.43581888377,,,,,,HighPM*
59883,HIP59883,184.2149380451099,35.93622060622,,,,,,Star
59887,HIP59887,184.2287510024,37.48408385082,,,,,,HighPM*
59895,HIP59895,184.2638864035799,-16.69373560094,,,,,,Star
59903,HIP59903,184.30309345107,-15.23592594388,,,,,,Star
59910,HIP59910,184.3295094444499,28.72639491184,,,,,,EmLine*
59911,HIP59911,184.33289975168,22.20858045022,,,,,,Star
59923,HIP59923,184.3773911097291,28.9371919016239,,,,,,HighPM*
59933,HIP59933,184.40077184194,14.44282938868,,,,,,**
59942,HIP59942,184.4373712212299,22.16769432225,,,,,,Star
59956,HIP59956,184.46097596844,-11.00967159099,,,,,,Star
59974,HIP59974,184.50029591347,-14.93796691323,,,,,,SB*
59986,HIP59986,184.5461650507,22.71497966329,,,,,,Star
5999,HIP5999,19.28566847357,-11.45071877587,,,,,,SB*
59992,HIP59992,184.55497598338,9.86842937867,,,,,,Star
60018,HIP60018,184.6317503248299,30.24904693268,,,,,,HighPM*
60022,HIP60022,184.64752247353,-14.40719244344,,,,,,HighPM*
60047,HIP60047,184.72418102,56.36850624,,,,,,**
60049,HIP60049,184.72709726053,60.94344111658,,,,,,Star
60050,HIP60050,184.7269100978199,30.46820040977,,,,,,EmLine*
60060,HIP60060,184.75359305063,-13.54231629299,,,,,,Star
60074,HIP60074,184.77709118346,16.54829659198,,,,,,HighPM*
60087,HIP60087,184.82997078342,23.0346727239,,,,,,Star
60092,HIP60092,184.8482821784299,9.46468576732,,,,,,Star
60093,HIP60093,184.850379234657,28.3823714296167,,,,,,HighPM*
60095,HIP60095,184.85595871485,6.99188748077,,,,,,Star
60130,HIP60130,184.9778185346399,10.48435067483,,,,,,Star
60152,HIP60152,185.0253898111899,15.71479566135,,,,,,HighPM*
60155,HIP60155,185.0414413721599,-14.12552252752,,,,,,HighPM*
60160,HIP60160,185.05479848375,-10.79605895541,,,,,,PulsV*
60236,HIP60236,185.28526784432,-11.4757495257,,,,,,Star
60237,HIP60237,185.28573234856,-11.47939435692,,,,,,Star
60247,HIP60247,185.30364194559,5.49034779293,,,,,,EmLine*
60258,HIP60258,185.33833188283,46.5900510459,,,,,,Star
60272,HIP60272,185.3730237992,7.81855617088,,,,,,SB*
60285,HIP60285,185.4346486855,43.21974038295,,,,,,HighPM*
60290,HIP60290,185.43800578834,21.87273707519,,,,,,Star
603,HIP603,1.8266160317,7.7035594344,,,,,,**
60301,HIP60301,185.4709315486499,55.41235637536,,,,,,EmLine*
60310,HIP60310,185.4993609026,-41.05924046256,,,,,,HighPM*
60325,HIP60325,185.5362899457599,11.56847145543,,,,,,HighPM*
60347,HIP60347,185.60315158175,22.46414137008,,,,,,Star
60355,HIP60355,185.63676158774,16.35801638583,,,,,,HighPM*
60365,HIP60365,185.6695457096899,55.8351412331,,,,,,Star
60366,HIP60366,185.67097358057,5.91494058138,,,,,,Star
60411,HIP60411,185.79993636256,42.72006132327,,,,,,HighPM*
60413,HIP60413,185.80592978413,42.89967411564,,,,,,HighPM*
60416,HIP60416,185.81208610836,53.18872533249,,,,,,Star
60419,HIP60419,185.8161670787,13.62215893674,,,,,,Star
60441,HIP60441,185.87800017783,17.3557451338,,,,,,HighPM*
60445,HIP60445,185.88662446,13.92256737,,,,,,**
60446,HIP60446,185.8949954373699,23.42852878504,,,,,,Star
60473,HIP60473,185.9625573243299,8.34397859218,,,,,,Star
60475,HIP60475,185.97313607447,12.58025287245,,,,,,HighPM*
60496,HIP60496,186.0378012173999,36.33008733761,,,,,,SB*
60510,HIP60510,186.0693982829399,10.29192131096,,,,,,HighPM*
60522,HIP60522,186.10212816,43.08747424,,,,,,**
60523,HIP60523,186.1058010268199,53.44841398946,,,,,,HighPM*
60527,HIP60527,186.11780781893,11.16805922709,,,,,,HighPM*
60547,HIP60547,186.1772570688499,6.63111413422,,,,,,HighPM*
6055,HIP6055,19.43826980781,22.70369875648,,,,,,Star
60550,HIP60550,186.19120063185,57.35238289334,,,,,,SB*
60551,HIP60551,186.1912042276562,38.3187388104072,,,,,,HighPM*
60571,HIP60571,186.23722811498,42.85476030498,,,,,,gammaDorV*
60593,HIP60593,186.29062403911,46.92143148787,,,,,,Star
60595,HIP60595,186.29901882868,-11.61058850203,,,,,,HighPM*
60607,HIP60607,186.33658858754,11.90986045869,,,,,,Star
60620,HIP60620,186.3619204078937,-13.3374785274822,,,,,,HighPM*
60643,HIP60643,186.4375169,44.73475026,,,,,,**
60661,HIP60661,186.49406583,8.06222995,,,,,,**
60678,HIP60678,186.5318991764299,52.67661936461,,,,,,Star
60754,HIP60754,186.7626698523399,8.96909679744,,,,,,Star
60766,HIP60766,186.84024770745,7.14844229399,,,,,,Star
60772,HIP60772,186.85378063635,7.38313669638,,,,,,Star
60784,HIP60784,186.87636921727,11.13629627316,,,,,,Star
60803,HIP60803,186.92285174603,14.25810486451,,,,,,HighPM*
60810,HIP60810,186.95725110421,46.81477746829,,,,,,Star
60868,HIP60868,187.13947288687,47.96688037558,,,,,,HighPM*
60876,HIP60876,187.15260638831,-11.02223804897,,,,,,Star
60878,HIP60878,187.1556992152,-12.03220252832,,,,,,HighPM*
60896,HIP60896,187.19949916753,13.0879420327,,,,,,Star
609,HIP609,1.84679618133,-11.61295308444,,,,,,Star
60902,HIP60902,187.22575151164,1.14852604171,,,,,,HighPM*
60915,HIP60915,187.26609871586,5.96068640191,,,,,,Star
60933,HIP60933,187.33525503934,17.32193361648,,,,,,HighPM*
60945,HIP60945,187.38463835721,11.49255750001,,,,,,Star
60946,HIP60946,187.38770651626,56.33194684027,,,,,,HighPM*
60953,HIP60953,187.4162906055099,-0.16256937472,,,,,,SB*
60978,HIP60978,187.48884300663,58.40574113977,,,,,,HighPM*
61004,HIP61004,187.54683271957,5.87699319744,,,,,,Star
61035,HIP61035,187.64076526,9.71574085,,,,,,**
61059,HIP61059,187.72502598132,18.42819327804,,,,,,Star
61072,HIP61072,187.75306883633,31.4238340054,,,,,,SB*
61074,HIP61074,187.76290799668,27.73033918705,,,,,,EmLine*
61084,HIP61084,187.79149838,-57.11321346,,,,,,HighPM*
61090,HIP61090,187.81007885309,10.32788557583,,,,,,HighPM*
61109,HIP61109,187.86067950533,14.57430624062,,,,,,EmLine*
61114,HIP61114,187.8782218558,33.01502886956,,,,,,HighPM*
61129,HIP61129,187.90440215997,10.26739215672,,,,,,HighPM*
61135,HIP61135,187.91400721723,12.12785411949,,,,,,HighPM*
6114,HIP6114,19.6244837542,73.3839695281,,,,,,**
61148,HIP61148,187.95911580941,55.12906705133,,,,,,HighPM*
61168,HIP61168,188.01182028027,17.66343376304,,,,,,Star
61170,HIP61170,188.01527476342,14.33561502828,,,,,,HighPM*
61191,HIP61191,188.07609830014,13.65816654084,,,,,,Star
61195,HIP61195,188.086543361242,13.5838273109164,,,,,,HighPM*
61203,HIP61203,188.12720926883,56.97634026186,,,,,,HighPM*
6127,HIP6127,19.6651962755404,33.7570034375125,,,,,,**
61276,HIP61276,188.3603007371299,40.40421156982,,,,,,HighPM*
61277,HIP61277,188.36211248164,40.72758265603,,,,,,EmLine*
61278,HIP61278,188.36048945375,84.67914594029,,,,,,HighPM*
61291,HIP61291,188.3807605993366,-68.7558090835783,,,,,,HighPM*
61297,HIP61297,188.39452181823,8.91761886344,,,,,,EmLine*
61298,HIP61298,188.3957890486699,7.28091269983,,,,,,Star
61331,HIP61331,188.50197491806,8.5906903617,,,,,,EmLine*
61335,HIP61335,188.51838252263,42.38951462033,,,,,,Star
61353,HIP61353,188.58396956096,10.92110081755,,,,,,HighPM*
61354,HIP61354,188.58676134961,6.37884888877,,,,,,HighPM*
61371,HIP61371,188.64862271335,58.23764721645,,,,,,SB*
61376,HIP61376,188.6686591404,8.56093827015,,,,,,Star
61385,HIP61385,188.68554206436,15.80727520529,,,,,,HighPM*
61396,HIP61396,188.71396055375,85.73219414203,,,,,,Star
61397,HIP61397,188.71651364104,10.83628931384,,,,,,Star
61402,HIP61402,188.72624381837,27.45561326934,,,,,,EmLine*
61407,HIP61407,188.74464260271,58.23786266469,,,,,,Star
61408,HIP61408,188.7447752844799,17.53980105651,,,,,,SB*
61416,HIP61416,188.77769662482,12.93896436727,,,,,,HighPM*
61419,HIP61419,188.78323117,7.44274335,,,,,,**
6145,HIP6145,19.72561905566,33.51580974229,,,,,,Star
61451,HIP61451,188.8898009315699,-34.88191774813,,,,,,**
61470,HIP61470,188.9439064225099,16.82985151481,,,,,,SB*
61493,HIP61493,188.99025081,11.4054328,,,,,,**
61522,HIP61522,189.0753643138475,77.5514039183611,,,,,,HighPM*
61525,HIP61525,189.07308556863,13.02519572584,,,,,,Star
61545,HIP61545,189.16438546077,27.47448771114,,,,,,SB*
61573,HIP61573,189.25953431789,14.25184605325,,,,,,EmLine*
61577,HIP61577,189.27171968434,17.88032104862,,,,,,Star
61628,HIP61628,189.46593989579,4.2886097129,,,,,,Star
6163,HIP6163,19.76667543228,24.60619882089,,,,,,Star
61637,HIP61637,189.51839770643,3.28244422753,,,,,,Star
61641,HIP61641,189.5396192676699,2.9552491631,,,,,,Star
61651,HIP61651,189.57346145226,-14.05963132759,,,,,,Star
61678,HIP61678,189.65378531511,41.00761050358,,,,,,EmLine*
61692,HIP61692,189.69282048997,40.87466317125,,,,,,Star
61694,HIP61694,189.69608978273,26.75189798106,,,,,,Star
61706,HIP61706,189.7185043215787,11.6961508440358,,,,,,HighPM*
61714,HIP61714,189.74419366714,2.93923246432,,,,,,Star
61760,HIP61760,189.86195196404,1.0329065771,,,,,,Star
61779,HIP61779,189.93771330803,35.08687327655,,,,,,Star
61800,HIP61800,189.9874451267799,36.99822435434,,,,,,Star
61801,HIP61801,189.98696007675,-12.88294008638,,,,,,HighPM*
61802,HIP61802,189.9973931310966,12.6422406639606,,,,,,**
61817,HIP61817,190.02882109314,27.90992569867,,,,,,Star
61837,HIP61837,190.08679881082,58.04601959374,,,,,,HighPM*
61841,HIP61841,190.0995626039899,59.5257205358,,,,,,Star
61871,HIP61871,190.18504699741,13.33400740647,,,,,,SB*
61874,HIP61874,190.1928724934492,-43.5663865941844,,,,,,HighPM*
61875,HIP61875,190.2025673617899,63.77148286339,,,,,,HighPM*
61910,HIP61910,190.31646169,-13.01389816,,,,,,**
61911,HIP61911,190.31815150246,58.96202029918,,,,,,HighPM*
61915,HIP61915,190.34589984263,37.01675102248,,,,,,Star
61920,HIP61920,190.35555500381,38.38902608279,,,,,,HighPM*
61936,HIP61936,190.3912931081999,62.71303958932,,,,,,Star
61937,HIP61937,190.39329974326,10.4262690289,,,,,,delSctV*
6194,HIP6194,19.86766089581,20.86860441394,,,,,,Star
61950,HIP61950,190.45158301047,9.88606309723,,,,,,HighPM*
61960,HIP61960,190.47107061462,10.2356257137,,,,,,delSctV*
61961,HIP61961,190.47152580565,35.0493136193,,,,,,Star
62003,HIP62003,190.61832750939,41.99645600381,,,,,,Star
62016,HIP62016,190.6621933736,2.57668277165,,,,,,HighPM*
62017,HIP62017,190.66260905894,28.35974367035,,,,,,HighPM*
62018,HIP62018,190.6652108992,33.8142287389,,,,,,**
62022,HIP62022,190.69632755881,2.74452142735,,,,,,SB*
62042,HIP62042,190.76022010271,11.78318023272,,,,,,HighPM*
62045,HIP62045,190.76641575186,12.47245229308,,,,,,HighPM*
62079,HIP62079,190.85086536996,39.63915245303,,,,,,Star
62091,HIP62091,190.88380654893,2.62113108369,,,,,,Star
62125,HIP62125,190.98306133552,-13.14192126716,,,,,,Star
62133,HIP62133,191.0055580038599,10.92132478589,,,,,,EmLine*
62161,HIP62161,191.0946531429,40.13663312893,,,,,,Star
62178,HIP62178,191.14525617623,3.53180891907,,,,,,**
62184,HIP62184,191.1666888864,41.52698098577,,,,,,Star
62240,HIP62240,191.34694044355,4.3599569655,,,,,,HighPM*
62336,HIP62336,191.6148352392,40.90196093202,,,,,,**
62345,HIP62345,191.6285085931199,-11.81244171971,,,,,,HighPM*
62350,HIP62350,191.64243305672,11.37849736173,,,,,,HighPM*
62361,HIP62361,191.6993803084299,62.48283173649,,,,,,Star
62371,HIP62371,191.74600166421,-7.79983847033,,,,,,HighPM*
62394,HIP62394,191.80682846156,11.9580871752,,,,,,HighPM*
62395,HIP62395,191.80976310308,-11.47530812772,,,,,,Star
62421,HIP62421,191.88926532294,-6.30175197771,,,,,,Star
62430,HIP62430,191.9177932175099,25.08744340118,,,,,,HighPM*
62454,HIP62454,191.99434837193,22.94137450149,,,,,,HighPM*
62457,HIP62457,191.9999456052499,12.6274641862,,,,,,EmLine*
62478,HIP62478,192.05971647286,13.55303692572,,,,,,HighPM*
62501,HIP62501,192.1131584122099,40.42742466951,,,,,,HighPM*
62509,HIP62509,192.1581448917499,12.68834529285,,,,,,HighPM*
62528,HIP62528,192.20701159003,14.03262399852,,,,,,HighPM*
62529,HIP62529,192.2083406700699,44.15417144051,,,,,,EmLine*
62530,HIP62530,192.21050487653,41.56965415425,,,,,,SB*
62531,HIP62531,192.2142591390199,15.41436251514,,,,,,Star
62536,HIP62536,192.21842178418,12.09637376103,,,,,,HighPM*
62541,HIP62541,192.2258881277699,14.1225865343,,,,,,Star
62548,HIP62548,192.2408641,35.93858627,,,,,,**
62559,HIP62559,192.2723210748399,43.39089568609,,,,,,Star
62578,HIP62578,192.32923767407,59.35194363443,,,,,,HighPM*
62605,HIP62605,192.4279567583,-6.88015857749,,,,,,Star
62626,HIP62626,192.484989792,23.83069954438,,,,,,HighPM*
62641,HIP62641,192.54475021726,37.51693877535,,,,,,delSctV*
62648,HIP62648,192.55256170174,36.87028407819,,,,,,Star
62673,HIP62673,192.63815278015,12.56052214376,,,,,,EmLine*
62686,HIP62686,192.67440715,20.53474204,,,,,,**
62688,HIP62688,192.68345593607,-3.70710357829,,,,,,Star
62745,HIP62745,192.84719550408,12.37277753877,,,,,,Star
62754,HIP62754,192.89245910509,52.50506767357,,,,,,SB*
62764,HIP62764,192.9279104075899,44.02333441276,,,,,,Star
62771,HIP62771,192.94573143174,58.7400087733,,,,,,Star
62772,HIP62772,192.94678803259,22.54429809584,,,,,,BYDraV*
62776,HIP62776,192.96672140024,0.08498236982,,,,,,SB*
62781,HIP62781,192.97688712733,58.66343110418,,,,,,Star
62846,HIP62846,193.1991505798999,51.20237514231,,,,,,Star
62908,HIP62908,193.39551027493,85.12947239455,,,,,,Star
62910,HIP62910,193.39709507343,37.97240081589,,,,,,HighPM*
6292,HIP6292,20.18428287045,46.33848692529,,,,,,Star
62928,HIP62928,193.44192814445,20.65085754204,,,,,,Star
62957,HIP62957,193.52071794254,21.73507049044,,,,,,Star
62963,HIP62963,193.53507190309,-1.471392402,,,,,,Star
62993,HIP62993,193.61981811321,41.12876516559,,,,,,HighPM*
63008,HIP63008,193.6667315472,22.10793275441,,,,,,HighPM*
63071,HIP63071,193.84371041,69.88741344,,,,,,**
6308,HIP6308,20.26526831607,25.1583728365,,,,,,HighPM*
63092,HIP63092,193.90975396041,22.18088750495,,,,,,Star
63099,HIP63099,193.9204908426,-3.55066444875,,,,,,HighPM*
63114,HIP63114,193.98382826167,67.71078146065,,,,,,Star
63116,HIP63116,193.98491146777,20.74550909978,,,,,,HighPM*
63139,HIP63139,194.06253501,-4.86402325,,,,,,**
63149,HIP63149,194.09066094813,20.10535972776,,,,,,HighPM*
63155,HIP63155,194.1106713225,-0.9545903436,,,,,,**
63163,HIP63163,194.1300537738,85.88453070122,,,,,,Star
63216,HIP63216,194.28941642547,70.75526727747,,,,,,Star
63245,HIP63245,194.39434826169,88.95756874013,,,,,,SB*
63255,HIP63255,194.42844628894,52.38066098354,,,,,,EmLine*
63262,HIP63262,194.45037521532,22.86237326983,,,,,,EmLine*
63266,HIP63266,194.46369675543,-5.31009208026,,,,,,Star
63269,HIP63269,194.47556535385,-2.05284467102,,,,,,SB*
63289,HIP63289,194.54597108825,66.66457790456,,,,,,SB*
63303,HIP63303,194.59026342241,40.5564476925644,,,,,,**
63309,HIP63309,194.61504257203,-1.05180995798,,,,,,Star
63330,HIP63330,194.6705410779499,22.04288353838,,,,,,HighPM*
63341,HIP63341,194.69977644772,37.46808035739,,,,,,Star
63346,HIP63346,194.7053712259829,68.7852745683981,,,,,,HighPM*
63348,HIP63348,194.7088663849029,-3.5329480513953,,,,,,Star
63351,HIP63351,194.72116193048,39.03686973657,,,,,,Star
63363,HIP63363,194.75072107692,-6.09093902659,,,,,,Star
63373,HIP63373,194.78094904651,-0.42836271131,,,,,,SB*
63418,HIP63418,194.93317762936,40.47483796854,,,,,,Star
6342,HIP6342,20.3724164739329,24.3305690087289,,,,,,HighPM*
63428,HIP63428,194.9716362454699,-0.23032629166,,,,,,HighPM*
63461,HIP63461,195.06799652354,20.72427104603,,,,,,Star
63473,HIP63473,195.09688226708,41.93015125042,,,,,,Star
63481,HIP63481,195.1090684721,35.7556594142419,,,,,,**
63490,HIP63490,195.1360079043,-33.50509648743,,,,,,**
63529,HIP63529,195.27561281261,37.39606279629,,,,,,Star
6354,HIP6354,20.39951763566,24.82301650648,,,,,,EmLine*
63550,HIP63550,195.3318612263592,-63.1950516774989,,,,,,HighPM*
63579,HIP63579,195.42908544549,70.13768925045,,,,,,Star
63581,HIP63581,195.43644782137,30.69085776946,,,,,,HighPM*
63613,HIP63613,195.5677357143221,-71.548858981332,,,,,,SB*
63614,HIP63614,195.56417469025,72.48532959882,,,,,,SB*
63618,HIP63618,195.58620790774,-26.78711226571,,,,,,HighPM*
63619,HIP63619,195.58714530535,30.35756843484,,,,,,HighPM*
63644,HIP63644,195.65922032031,30.28101818212,,,,,,SB*
63677,HIP63677,195.7477278604,22.6375440695,,,,,,Star
63680,HIP63680,195.75805595606,19.9272173855,,,,,,EmLine*
63715,HIP63715,195.859913434,11.97987652319,,,,,,Star
63734,HIP63734,195.91254122539,-16.33657514983,,,,,,HighPM*
63754,HIP63754,196.01139373,-17.6249227,,,,,,**
63775,HIP63775,196.0798723635899,-17.23727097324,,,,,,HighPM*
6382,HIP6382,20.50777498024,70.40478108618,,,,,,Star
63833,HIP63833,196.2394855672941,-52.4429238602767,,,,,,HighPM*
63857,HIP63857,196.30900504632,38.00654122482,,,,,,HighPM*
63882,HIP63882,196.3744941679,37.1362797086,,,,,,**
63927,HIP63927,196.50790596094,12.79160454467,,,,,,HighPM*
63999,HIP63999,196.71936420878,36.11051954643,,,,,,Star
64012,HIP64012,196.74712063113,36.26314393045,,,,,,SB*
64024,HIP64024,196.79992060135,70.10666069041,,,,,,Star
64028,HIP64028,196.8146760346,37.26581058636,,,,,,Star
64081,HIP64081,196.97862184571,19.93278160444,,,,,,HighPM*
64084,HIP64084,196.98834304772,19.68129469523,,,,,,SB*
64088,HIP64088,197.00749945729,49.11189741825,,,,,,SB*
64128,HIP64128,197.15225637693,50.82052747543,,,,,,HighPM*
64142,HIP64142,197.18011641157,18.58011670812,,,,,,EmLine*
64168,HIP64168,197.26912283571,-17.67649736658,,,,,,HighPM*
64208,HIP64208,197.38839403011,56.833368452,,,,,,HighPM*
64211,HIP64211,197.40522572952,5.9797015467,,,,,,Star
64218,HIP64218,197.42660666269,-16.5151969467,,,,,,Star
64232,HIP64232,197.46675461116,31.36674677383,,,,,,EmLine*
64266,HIP64266,197.5836414258,-18.495832559,,,,,,Star
64273,HIP64273,197.59048547985,57.42600314863,,,,,,SB*
64318,HIP64318,197.74077106584,-2.72895722708,,,,,,Star
64326,HIP64326,197.77219417827,-17.08985053776,,,,,,PulsV*
64389,HIP64389,197.9616483380983,57.2446016078475,,,,,,SB*
64405,HIP64405,198.00853077,32.08527123,,,,,,**
64407,HIP64407,198.0147632810596,-16.1986029691842,,,,,,HighPM*
64451,HIP64451,198.15627746846,58.44913600386,,,,,,HighPM*
64453,HIP64453,198.1667623308,4.0682676502,,,,,,Star
64454,HIP64454,198.16723358361,58.44475759432,,,,,,HighPM*
64464,HIP64464,198.19876727,40.50420426,,,,,,**
64475,HIP64475,198.22626496709,-30.71175719498,,,,,,HighPM*
64483,HIP64483,198.2595604215,5.13631746851,,,,,,SB*
64498,HIP64498,198.30730405507,-2.55573114703,,,,,,delSctV*
64500,HIP64500,198.30552491205,59.96322602989,,,,,,HighPM*
64510,HIP64510,198.33427433536,31.83570263127,,,,,,SB*
64527,HIP64527,198.3832557376,72.79909468601,,,,,,Star
64550,HIP64550,198.46760703566,-45.18580135241,,,,,,HighPM*
64571,HIP64571,198.52479418359,-0.25652814536,,,,,,Star
64575,HIP64575,198.54395460193,0.1641601843,,,,,,HighPM*
64583,HIP64583,198.56310307496,-59.10323722999,,,,,,HighPM*
64593,HIP64593,198.59428880252,41.09099671398,,,,,,EmLine*
64600,HIP64600,198.6049977946945,59.0719558504483,,,,,,HighPM*
64604,HIP64604,198.61927950479,53.81551798826,,,,,,SB*
64605,HIP64605,198.62152520859,59.6196238129,,,,,,Star
64606,HIP64606,198.62538983482,51.60421188465,,,,,,EmLine*
64636,HIP64636,198.72687199064,59.29567151245,,,,,,SB*
64639,HIP64639,198.73304913407,54.1339813856,,,,,,EmLine*
64655,HIP64655,198.79783844638,84.75214452771,,,,,,HighPM*
64668,HIP64668,198.83002103164,52.27784856029,,,,,,HighPM*
64679,HIP64679,198.84833393745,64.93909803957,,,,,,HighPM*
64689,HIP64689,198.87862853525,50.83268807716,,,,,,EmLine*
64692,HIP64692,198.8831240630599,40.85520268998,,,,,,SB*
64704,HIP64704,198.91664976068,12.77681567907,,,,,,Star
64706,HIP64706,198.93046947946,11.89661575168,,,,,,HighPM*
64726,HIP64726,198.99659519405,4.64681297201,,,,,,HighPM*
64733,HIP64733,199.01619722248,3.96419973126,,,,,,HighPM*
64760,HIP64760,199.0779353984599,66.11072255721,,,,,,Star
64782,HIP64782,199.15490108,50.57133853,,,,,,**
64794,HIP64794,199.20153516601,12.41543067463,,,,,,HighPM*
64795,HIP64795,199.20667702014,5.92570703822,,,,,,SB*
64838,HIP64838,199.37437918035,-0.67607362189,,,,,,**
64856,HIP64856,199.40583432403,71.24674977744,,,,,,HighPM*
64861,HIP64861,199.43179967966,84.71546450217,,,,,,HighPM*
6489,HIP6489,20.84505385964,14.27081313224,,,,,,HighPM*
649,HIP649,2.00098091534,-7.54469805873,,,,,,Star
64943,HIP64943,199.68858258109,32.16988137943,,,,,,Star
6498,HIP6498,20.86892239384,46.89063500522,,,,,,HighPM*
65057,HIP65057,200.03229354255,59.86196991873,,,,,,HighPM*
65062,HIP65062,200.04787044132,61.22816051268,,,,,,Star
65076,HIP65076,200.09057694458,65.10605051903,,,,,,Star
65090,HIP65090,200.11319691476,19.6910700079,,,,,,EmLine*
65095,HIP65095,200.12334373388,61.39932860528,,,,,,Star
65114,HIP65114,200.16151291412,36.67568042922,,,,,,HighPM*
65119,HIP65119,200.17320511,2.9422904,,,,,,**
65120,HIP65120,200.18263988542,10.87592059679,,,,,,HighPM*
65121,HIP65121,200.1823969446825,4.1329460803661,,,,,,HighPM*
65133,HIP65133,200.20885712166,9.93286494852,,,,,,HighPM*
6514,HIP6514,20.91923450892,37.71494426926,,,,,,SB*
65148,HIP65148,200.2524910424523,-5.6655863569141,,,,,,Star
65198,HIP65198,200.42352435939,2.08723892702,,,,,,HighPM*
65199,HIP65199,200.42409365761,48.06958768865,,,,,,EmLine*
65227,HIP65227,200.51213962425,35.63052114826,,,,,,Star
65228,HIP65228,200.51151676357,57.15693350596,,,,,,Star
65251,HIP65251,200.58627838866,32.54520687335,,,,,,HighPM*
65262,HIP65262,200.6216327426,7.65687991958,,,,,,HighPM*
65265,HIP65265,200.62894806977,-6.2021493192,,,,,,HighPM*
65274,HIP65274,200.66827000734,35.92872582033,,,,,,SB*
65287,HIP65287,200.71175329184,65.75988231848,,,,,,**
65292,HIP65292,200.72402354013,11.29136000038,,,,,,Star
65304,HIP65304,200.76297783438,18.27836420649,,,,,,Star
65308,HIP65308,200.76953416783,19.26671539346,,,,,,HighPM*
6533,HIP6533,20.99314806314,39.92426665806,,,,,,Star
65345,HIP65345,200.88982229555,38.72997164252,,,,,,Star
65429,HIP65429,201.16180198697,83.30851329176,,,,,,HighPM*
65430,HIP65430,201.1604193571299,24.61981894231,,,,,,Star
65434,HIP65434,201.1653099062799,51.14444851175,,,,,,Star
65443,HIP65443,201.18535487654,35.26580566694,,,,,,SB*
65451,HIP65451,201.21327265749,24.88880521911,,,,,,Star
65456,HIP65456,201.2338681955899,37.53382123825,,,,,,Star
65458,HIP65458,201.24547699463,37.43519222425,,,,,,Star
65461,HIP65461,201.25305994078,33.35048374277,,,,,,HighPM*
65496,HIP65496,201.35270081914,10.00954143174,,,,,,EmLine*
65541,HIP65541,201.536927325,35.1432165539,,,,,,**
65542,HIP65542,201.53810920556,8.22419306756,,,,,,SB*
65545,HIP65545,201.54756238593,-1.19247285565,,,,,,HighPM*
65563,HIP65563,201.6344821288099,6.42307101461,,,,,,Star
65572,HIP65572,201.65980731573,85.27066811605,,,,,,Star
65578,HIP65578,201.67429714665,10.93585248543,,,,,,Star
65590,HIP65590,201.72297054198,-5.93069740028,,,,,,EllipVar
65599,HIP65599,201.74559082106,11.90855507593,,,,,,Star
6560,HIP6560,21.07781907776,43.14211929868,,,,,,alf2CVnV*
65603,HIP65603,201.76920512191,64.73552485842,,,,,,HighPM*
65612,HIP65612,201.79445108607,36.40618025494,,,,,,Star
65616,HIP65616,201.8004335843199,70.31648635234,,,,,,Star
65627,HIP65627,201.82528747916,46.82016155741,,,,,,EmLine*
65651,HIP65651,201.89814857741,-1.83805155496,,,,,,HighPM*
65653,HIP65653,201.913911143,-5.12152194671,,,,,,HighPM*
65654,HIP65654,201.91439626738,3.02417843761,,,,,,HighPM*
65660,HIP65660,201.93660072839,3.87406599578,,,,,,SB*
65672,HIP65672,201.98121545811,81.26527559212,,,,,,Star
65677,HIP65677,201.99795054505,50.45537881874,,,,,,HighPM*
65678,HIP65678,201.9984544287,52.74558829051,,,,,,HighPM*
65683,HIP65683,202.011606999,-0.3168348996,,,,,,EmLine*
65690,HIP65690,202.0226013556,58.20928373689,,,,,,Star
65698,HIP65698,202.04912291414,50.58728696334,,,,,,HighPM*
65704,HIP65704,202.0685377935317,2.2358924774147,,,,,,Star
65708,HIP65708,202.0779534509983,-0.8401914961253,,,,,,**
65728,HIP65728,202.11285827039,59.94578694002,,,,,,HighPM*
65736,HIP65736,202.1191482833899,6.70233426054,,,,,,EmLine*
6575,HIP6575,21.1166637169,39.06206233618,,,,,,HighPM*
65768,HIP65768,202.25682212835,47.84716085227,,,,,,Star
65789,HIP65789,202.30221376673,0.11919271818,,,,,,HighPM*
65797,HIP65797,202.31301855256,60.00190361867,,,,,,Star
65803,HIP65803,202.32806755022,46.37091830494,,,,,,Star
65816,HIP65816,202.38834192114,1.7080129448,,,,,,Star
6586,HIP6586,21.16546115,43.16964428,,,,,,**
65868,HIP65868,202.5055086965699,33.28119995067,,,,,,EmLine*
65892,HIP65892,202.6071822575,-6.47026595958,,,,,,Star
65907,HIP65907,202.65294838141,43.79024760324,,,,,,HighPM*
65935,HIP65935,202.75477382061,42.98333335148,,,,,,HighPM*
65944,HIP65944,202.79268793778,20.23709954867,,,,,,HighPM*
65946,HIP65946,202.79506686371,53.3102865835,,,,,,HighPM*
65948,HIP65948,202.79785048383,11.59693912368,,,,,,Star
65960,HIP65960,202.8605110221199,54.92185644476,,,,,,HighPM*
65982,HIP65982,202.9163978062084,-2.3174649422604,,,,,,SB*
65983,HIP65983,202.9196330132299,-15.27789035252,,,,,,Star
65995,HIP65995,202.96005708132,17.13128337739,,,,,,SB*
66004,HIP66004,202.9837469085,47.23441583677,,,,,,PulsV*
66009,HIP66009,202.99384728701,12.39158594472,,,,,,EmLine*
66011,HIP66011,203.00705724,71.71698813,,,,,,Star
66059,HIP66059,203.14156224856,58.08313729436,,,,,,Star
66062,HIP66062,203.14474465,65.33913646,,,,,,**
66080,HIP66080,203.19401426759,11.86880337728,,,,,,EmLine*
66093,HIP66093,203.2241633098508,44.1302651466525,,,,,,Star
66130,HIP66130,203.35263128461,55.19550764985,,,,,,EmLine*
66133,HIP66133,203.3580891346717,51.1271056659842,,,,,,PulsV*
66179,HIP66179,203.45928139998,17.42511302498,,,,,,Type2Cep
66180,HIP66180,203.46144971155,19.63921138823,,,,,,Star
66190,HIP66190,203.49706054363,48.76875536586,,,,,,HotSubdwarf
66192,HIP66192,203.51058082853,53.72852722566,,,,,,HighPM*
66195,HIP66195,203.52512186,67.76886373,,,,,,**
66203,HIP66203,203.54484698797,-16.38906035951,,,,,,**
66208,HIP66208,203.55282825074,50.1987799167,,,,,,HighPM*
66214,HIP66214,203.5687629424,51.96231942611,,,,,,EmLine*
66234,HIP66234,203.6135830591758,49.0159719713789,,,,,,HighPM*
66248,HIP66248,203.6730518971,20.6463579875,,,,,,Star
66262,HIP66262,203.7074764174929,47.3762107382958,,,,,,SB*
66263,HIP66263,203.7101152941399,65.25503521937,,,,,,**
66277,HIP66277,203.75905477394,30.14451413649,,,,,,HighPM*
66293,HIP66293,203.8056450120099,-2.57335768822,,,,,,Star
66308,HIP66308,203.84739102316,66.07500412326,,,,,,HighPM*
66315,HIP66315,203.871490270215,46.5585802854078,,,,,,ChemPec*
66316,HIP66316,203.87658645285,34.50119982882,,,,,,HighPM*
66318,HIP66318,203.878019891,28.51289943442,,,,,,HighPM*
66329,HIP66329,203.89678304087,47.53216386868,,,,,,Star
66340,HIP66340,203.9321430578499,52.72948431393,,,,,,HighPM*
66348,HIP66348,203.9754557949046,18.9728495555603,,,,,,**
66367,HIP66367,204.06103368677,-0.93098927376,,,,,,HighPM*
66368,HIP66368,204.06372404401,29.77646496533,,,,,,HighPM*
66423,HIP66423,204.26333583111,-16.44711811528,,,,,,Star
66456,HIP66456,204.35491227591,65.64736879563,,,,,,Star
66509,HIP66509,204.5019633322008,19.1480828348217,,,,,,HighPM*
66520,HIP66520,204.52326361444,66.60635242257,,,,,,Star
6654,HIP6654,21.33410315735,-5.02843480867,,,,,,Star
66570,HIP66570,204.68221159878,68.10411080571,,,,,,**
6658,HIP6658,21.35431473216,38.77802584837,,,,,,Star
66626,HIP66626,204.85520363602,14.73041402226,,,,,,EmLine*
66634,HIP66634,204.87686642935,52.92120763437,,,,,,HighPM*
66694,HIP66694,205.0702154248,16.07287521207,,,,,,SB*
66713,HIP66713,205.12390351156,47.47204125397,,,,,,Star
66727,HIP66727,205.16862176105,19.95571831173,,,,,,HighPM*
66741,HIP66741,205.1948620737,14.56557449649,,,,,,SB*
66774,HIP66774,205.29214589964,59.06755687884,,,,,,HighPM*
6685,HIP6685,21.44304696734,70.97989907927,,,,,,Star
66883,HIP66883,205.59987841375,17.1426272688,,,,,,EmLine*
6689,HIP6689,21.47747378988,49.23071275419,,,,,,Star
66894,HIP66894,205.63644681993,58.84906238037,,,,,,Star
66940,HIP66940,205.7809780680699,53.16034979791,,,,,,HighPM*
66988,HIP66988,205.92512943503,59.82431829688,,,,,,**
67002,HIP67002,205.96764824718,60.14553183473,,,,,,Star
67005,HIP67005,205.9782422290699,52.06441336616,,,,,,Star
6702,HIP6702,21.53660987441,34.57970327064,,,,,,HighPM*
67022,HIP67022,206.02599882774,51.19054915715,,,,,,Star
67023,HIP67023,206.0270493718699,65.03557419157,,,,,,HighPM*
67045,HIP67045,206.10274027616,63.71840239877,,,,,,HighPM*
6705,HIP6705,21.55696168605,13.81619814767,,,,,,HighPM*
67058,HIP67058,206.12212741654,68.46396273669,,,,,,HighPM*
6711,HIP6711,21.5778595538,43.4577416488,,,,,,HighPM*
6712,HIP6712,21.57995556624,-4.67404471421,,,,,,**
67120,HIP67120,206.3456120991299,11.4792752604,,,,,,Star
67129,HIP67129,206.3743612112,64.63072889884,,,,,,Star
67133,HIP67133,206.38066426636,60.98264787173,,,,,,HighPM*
67142,HIP67142,206.4035637676,16.817851572,,,,,,Star
67157,HIP67157,206.44005069885,18.33731130021,,,,,,EmLine*
6716,HIP6716,21.60863685148,-16.52819215685,,,,,,Star
67174,HIP67174,206.49059767502,26.2597924332,,,,,,Star
6718,HIP6718,21.61864161109,77.67872375978,,,,,,Star
67196,HIP67196,206.55912624823,56.88978875988,,,,,,HighPM*
67213,HIP67213,206.59845713502,15.30937837957,,,,,,Star
67215,HIP67215,206.61179618785,82.52963615356,,,,,,Star
67239,HIP67239,206.68051402544,25.70223747989,,,,,,SB*
67246,HIP67246,206.7380106818241,6.3503739172422,,,,,,HighPM*
67273,HIP67273,206.81152604134,67.37240656941,,,,,,HighPM*
67282,HIP67282,206.83916642204,-8.50263023794,,,,,,Star
67289,HIP67289,206.85569454085,-6.70541942628,,,,,,HighPM*
67291,HIP67291,206.8699986513412,6.3156573342792,,,,,,HighPM*
67313,HIP67313,206.96914757573,-0.59463906443,,,,,,SB*
67315,HIP67315,206.97042511848,-10.18328906223,,,,,,Star
67319,HIP67319,206.9809887170746,0.455059680655,,,,,,Star
67333,HIP67333,207.0082728176,-8.02499029296,,,,,,HighPM*
67344,HIP67344,207.04190525537,-10.78875123172,,,,,,HighPM*
67369,HIP67369,207.13054590803,-11.30654212343,,,,,,Star
6737,HIP6737,21.68319730145,70.38728456815,,,,,,SB*
67373,HIP67373,207.13698329766,-1.0227488897,,,,,,Star
67377,HIP67377,207.1384028442099,10.15118625018,,,,,,HighPM*
67379,HIP67379,207.14454140834,7.96011160047,,,,,,HighPM*
67383,HIP67383,207.15793409884,25.18065339338,,,,,,Star
67430,HIP67430,207.29787140753,6.50523070393,,,,,,HighPM*
67444,HIP67444,207.33367233543,17.69348721444,,,,,,HighPM*
67449,HIP67449,207.34475878535,10.59078509227,,,,,,CataclyV*_Candidate
67470,HIP67470,207.40026383774,13.0103010002,,,,,,SB*
67493,HIP67493,207.46302793691,14.88392788245,,,,,,HighPM*
67495,HIP67495,207.46832804145,13.19194860437,,,,,,HighPM*
67498,HIP67498,207.48246878557,29.07982047562,,,,,,SB*
67501,HIP67501,207.4916995716142,15.3646557357367,,,,,,HighPM*
67520,HIP67520,207.52422046006,14.80618916832,,,,,,Star
67528,HIP67528,207.53234055859,60.52033237015,,,,,,Star
67580,HIP67580,207.7149698879599,16.25439253413,,,,,,SB*
67609,HIP67609,207.80375433378,68.32627947138,,,,,,HighPM*
67628,HIP67628,207.8570585350099,56.8102527402,,,,,,HighPM*
67651,HIP67651,207.9113583513799,30.00828347952,,,,,,SB*
67657,HIP67657,207.92517901603,14.30165184815,,,,,,EclBin
67719,HIP67719,208.08993631551,18.00693863686,,,,,,HighPM*
67750,HIP67750,208.19673934203,17.39781177834,,,,,,EmLine*
6776,HIP6776,21.77636966775,34.37755271217,,,,,,HighPM*
67762,HIP67762,208.22387460424,28.19295430603,,,,,,HighPM*
6782,HIP6782,21.8097243845,39.65436059831,,,,,,HighPM*
67848,HIP67848,208.46255842051,53.72867641054,,,,,,PulsV*
67865,HIP67865,208.50545564309,13.83466925377,,,,,,Star
67952,HIP67952,208.73914083178,9.18147615574,,,,,,SB*
67966,HIP67966,208.77473585428,60.54539758844,,,,,,Star
67996,HIP67996,208.86972872863,12.1163355583,,,,,,EmLine*
68052,HIP68052,209.01312946004,8.82309965888,,,,,,HighPM*
68093,HIP68093,209.11636277759,13.16761053856,,,,,,EmLine*
68104,HIP68104,209.14501698669,81.61411532149,,,,,,**
68196,HIP68196,209.42845864746,53.91006131858,,,,,,SB*
68204,HIP68204,209.4456578952699,55.94905290665,,,,,,HighPM*
68230,HIP68230,209.5147603329199,57.72700815887,,,,,,Star
68241,HIP68241,209.55274502015,-9.05275434118,,,,,,Star
68258,HIP68258,209.6035848097,-1.66082062942,,,,,,RSCVnV*
68262,HIP68262,209.61102292275,38.4169994744,,,,,,EmLine*
68268,HIP68268,209.6261301683599,-17.62809027608,,,,,,SB*
68271,HIP68271,209.64891640369,53.57916078387,,,,,,SB*
6829,HIP6829,21.96870973971,48.6113465773,,,,,,Star
68303,HIP68303,209.7270918018,-19.17717764333,,,,,,HighPM*
68332,HIP68332,209.81950289032,54.13267959768,,,,,,Star
68361,HIP68361,209.90193708703,55.81797597703,,,,,,SB*
68370,HIP68370,209.92582941797,-0.16753511734,,,,,,Star
68376,HIP68376,209.94610276,-10.43777092,,,,,,HighPM*
68393,HIP68393,210.01511669083,-11.78576581326,,,,,,HighPM*
68396,HIP68396,210.01771431018,-12.70643469256,,,,,,HighPM*
68428,HIP68428,210.13324768484,37.8310741902,,,,,,Star
68440,HIP68440,210.1689670144999,-2.08284243434,,,,,,Star
68466,HIP68466,210.264221529,32.48941533242,,,,,,HighPM*
6848,HIP6848,22.02360021879,43.87745773678,,,,,,Star
68483,HIP68483,210.3083422935999,-10.37732476286,,,,,,Star
6850,HIP6850,22.0277808525833,47.7525434114486,,,,,,SB*
68503,HIP68503,210.3517110294,54.36495634102,,,,,,Star
68547,HIP68547,210.48948021526,21.55611953992,,,,,,HighPM*
68553,HIP68553,210.50145634554,53.47855115738,,,,,,Star
68573,HIP68573,210.58355626633,-12.03712468022,,,,,,Star
6858,HIP6858,22.0515696383,44.04924391804,,,,,,Star
68589,HIP68589,210.61752406561,68.50279703718,,,,,,SB*
68593,HIP68593,210.6318263006899,31.66085809639,,,,,,HighPM*
68621,HIP68621,210.7080084317699,54.66610129434,,,,,,Star
68664,HIP68664,210.83614810998,48.55937035205,,,,,,HighPM*
68668,HIP68668,210.85318966708,-0.62806760294,,,,,,Star
68691,HIP68691,210.9062123835199,32.46373546346,,,,,,HighPM*
68718,HIP68718,211.00942507185,-0.36257935437,,,,,,EclBin
68734,HIP68734,211.04733621676,37.36929359284,,,,,,Star
68778,HIP68778,211.16290830977,54.86648600103,,,,,,HighPM*
68794,HIP68794,211.22967607518,-0.98682817352,,,,,,Star
68808,HIP68808,211.30838835719,-16.33598534267,,,,,,Star
68855,HIP68855,211.4890272953,-13.07366901717,,,,,,Star
68881,HIP68881,211.55977401538,-17.68850546073,,,,,,EclBin
68917,HIP68917,211.63632408828,25.71755709067,,,,,,HighPM*
68936,HIP68936,211.6720000178629,-5.5183364377967,,,,,,HighPM*
68974,HIP68974,211.81673664,25.09150615,,,,,,**
68983,HIP68983,211.84189332285,22.46255567638,,,,,,EmLine*
69,HIP69,0.20141204458,30.39588755237,,,,,,Star
69039,HIP69039,211.9821226459,20.43907899512,,,,,,HighPM*
69040,HIP69040,211.98528151428,48.21079688493,,,,,,HighPM*
69047,HIP69047,212.00099331948,32.20918505016,,,,,,Star
69064,HIP69064,212.0540827387,80.5972755153633,,,,,,HighPM*
69066,HIP69066,212.06471076,21.19301079,,,,,,**
69073,HIP69073,212.08879286472,-16.57248427959,,,,,,Star
69084,HIP69084,212.10517341965,24.54666348626,,,,,,Star
69085,HIP69085,212.1064326658,47.18598517641,,,,,,RGB*
69102,HIP69102,212.17769691083,33.68267701019,,,,,,HighPM*
69121,HIP69121,212.23430790892,47.23483489678,,,,,,EmLine*
6914,HIP6914,22.25877448678,74.20505358332,,,,,,HighPM*
6915,HIP6915,22.262905909,7.29409178441,,,,,,HighPM*
69161,HIP69161,212.36045261948,69.59044389795,,,,,,Star
69171,HIP69171,212.3814601160399,20.4716579585,,,,,,HighPM*
69252,HIP69252,212.65088673251,49.45412690031,,,,,,HighPM*
69283,HIP69283,212.73862125324,31.87361919816,,,,,,HighPM*
69322,HIP69322,212.82179997205,54.40913620493,,,,,,HighPM*
69345,HIP69345,212.89284499383,26.19578967431,,,,,,HighPM*
69391,HIP69391,213.0755328357767,11.6197036036658,,,,,,HighPM*
69418,HIP69418,213.19616086668,11.0636308929,,,,,,**
69435,HIP69435,213.24354181851,55.55626090033,,,,,,Star
69442,HIP69442,213.25279176,55.32540476,,,,,,**
69454,HIP69454,213.3036374956317,-56.7420579216725,,,,,,HighPM*
69488,HIP69488,213.4035030401,55.36984663726,,,,,,**
69498,HIP69498,213.42496723857,4.29660864988,,,,,,HighPM*
6951,HIP6951,22.3763091561,-16.13486725989,,,,,,SB*
69551,HIP69551,213.5533589967413,26.6955617085994,,,,,,**
69587,HIP69587,213.65847448555,2.49643066607,,,,,,HighPM*
69607,HIP69607,213.69198084783,26.52388418368,,,,,,Star
69631,HIP69631,213.76351469589,2.79654091929,,,,,,HighPM*
69641,HIP69641,213.8005109375,46.9740578075,,,,,,**
6965,HIP6965,22.42103407433,-13.22383260771,,,,,,HighPM*
6966,HIP6966,22.4215596454,22.8261921706,,,,,,**
69665,HIP69665,213.87199047965,79.99911530542,,,,,,Star
69684,HIP69684,213.96070117,10.29988725,,,,,,**
69731,HIP69731,214.09445946146,7.96231418552,,,,,,Star
69743,HIP69743,214.12109208546,26.6289113564,,,,,,HighPM*
6975,HIP6975,22.45272245198,23.69044247675,,,,,,HighPM*
69775,HIP69775,214.20602675048,-5.64403587065,,,,,,Star
69776,HIP69776,214.21959807361,26.36586152937,,,,,,SB*
69827,HIP69827,214.36194222325,66.27910700866,,,,,,Star
69831,HIP69831,214.3747223954968,17.3725346815485,,,,,,**
6984,HIP6984,22.47372754377,-5.5958940047,,,,,,HighPM*
69851,HIP69851,214.43024243913,3.73293575287,,,,,,Star
69855,HIP69855,214.44042129829,68.75202586957,,,,,,HighPM*
69862,HIP69862,214.4549967972,48.00200375162,,,,,,Star
69866,HIP69866,214.45951581317,-1.07913366693,,,,,,Star
69876,HIP69876,214.49157824644,39.91267339856,,,,,,Star
69878,HIP69878,214.49654334563,37.65838991778,,,,,,Star
69886,HIP69886,214.53396428864,26.79540059662,,,,,,HighPM*
69893,HIP69893,214.55103709568,12.74141660277,,,,,,HighPM*
69919,HIP69919,214.63127648402,46.08941193402,,,,,,Star
69933,HIP69933,214.67160547453,-7.01369739239,,,,,,Star
69963,HIP69963,214.7460089598617,38.6406474994261,,,,,,HighPM*
69972,HIP69972,214.7701428865887,-59.3790379320458,,,,,,HighPM*
70029,HIP70029,214.94891057365,38.79404962767,,,,,,Star
70049,HIP70049,215.03393344658,-11.05841385466,,,,,,HighPM*
70068,HIP70068,215.07664736931,54.50520347868,,,,,,SB*
70088,HIP70088,215.13482577342,54.67682693857,,,,,,HighPM*
70109,HIP70109,215.18932671166,40.71744732633,,,,,,Star
70121,HIP70121,215.21137209837,36.39238863541,,,,,,SB*
70122,HIP70122,215.22084247887,18.01731945526,,,,,,Star
70127,HIP70127,215.23789158666,33.29037591582,,,,,,HighPM*
70142,HIP70142,215.28691168424,37.40102692308,,,,,,BYDraV*
70144,HIP70144,215.28869017852,65.36346672279,,,,,,Star
70153,HIP70153,215.31727891393,-11.39851564581,,,,,,Star
70156,HIP70156,215.32160262861,-5.83163829236,,,,,,Star
70181,HIP70181,215.38462687464,12.7654893052,,,,,,HighPM*
70183,HIP70183,215.3867165897999,-10.3711504995,,,,,,Star
70216,HIP70216,215.48391428607,12.49030818875,,,,,,Star
7023,HIP7023,22.62722252672,-14.07333281808,,,,,,SB*
70230,HIP70230,215.5187023313,31.87287346664,,,,,,SB*
70235,HIP70235,215.5579752348,35.64881622273,,,,,,Star
70240,HIP70240,215.57382059784,41.45059779926,,,,,,SB*
70253,HIP70253,215.62298398754,55.87011506832,,,,,,HighPM*
70255,HIP70255,215.6244321607921,65.5862408604353,,,,,,HighPM*
70297,HIP70297,215.74930092826,39.01050294314,,,,,,Star
70298,HIP70298,215.75498112355,17.10926740222,,,,,,Star
70302,HIP70302,215.76237951435,-8.94466878095,,,,,,Star
70322,HIP70322,215.82624536123,11.65620925456,,,,,,HighPM*
70334,HIP70334,215.85276736189,36.85956261058,,,,,,SB*
70341,HIP70341,215.86763915539,36.25004751378,,,,,,HighPM*
70353,HIP70353,215.91983223751,32.3830015,,,,,,HighPM*
70384,HIP70384,216.00365869225,8.24396758779,,,,,,EclBin
70386,HIP70386,216.02402618,11.24696884,,,,,,**
7043,HIP7043,22.70353430315,14.79148255338,,,,,,Star
70434,HIP70434,216.12817064082,-14.79067966302,,,,,,HighPM*
70438,HIP70438,216.14470473561,-11.09698271871,,,,,,Star
70443,HIP70443,216.1575632281999,-14.71346970896,,,,,,HighPM*
70461,HIP70461,216.19359857223,12.5502802129,,,,,,Star
70485,HIP70485,216.26315323069,83.72490427892,,,,,,Star
70490,HIP70490,216.26748794369,31.70969025417,,,,,,EmLine*
7050,HIP7050,22.71716567329,66.09808843784,,,,,,HighPM*
70500,HIP70500,216.32241838745,32.79111295908,,,,,,HighPM*
7053,HIP7053,22.7268458789437,15.564960088015,,,,,,HighPM*
70582,HIP70582,216.56516958,1.86894404,,,,,,**
70609,HIP70609,216.64543333669,27.6451970485,,,,,,Star
70618,HIP70618,216.67983657941,78.49893091919,,,,,,HighPM*
70652,HIP70652,216.75853575349,1.7149406259,,,,,,Star
70677,HIP70677,216.8390457026299,-14.8387798527,,,,,,HighPM*
7069,HIP7069,22.77710823262,6.61948472281,,,,,,Star
7071,HIP7071,22.78679200977,7.69580161836,,,,,,Star
70712,HIP70712,216.93873160452,32.95079757866,,,,,,EmLine*
70714,HIP70714,216.93867110961,-13.3593493715,,,,,,HighPM*
70739,HIP70739,216.99684058101,-14.38230902135,,,,,,Star
70782,HIP70782,217.1297393922899,2.7888306224,,,,,,HighPM*
7081,HIP7081,22.80827237424,17.15207967382,,,,,,Star
70888,HIP70888,217.44403754915,-18.00545673654,,,,,,Star
70906,HIP70906,217.5005857014099,-4.24721059692,,,,,,HighPM*
70916,HIP70916,217.53626038632,21.81508678884,,,,,,HighPM*
70937,HIP70937,217.6272322267699,-4.06519715642,,,,,,Star
7095,HIP7095,22.85961951799,38.76712345244,,,,,,Star
70980,HIP70980,217.7662966743299,7.26394996999,,,,,,HighPM*
70997,HIP70997,217.80815019355,17.05960081623,,,,,,HighPM*
710,HIP710,2.20311440431,8.02186595836,,,,,,Star
71051,HIP71051,217.9545302074,15.25164398643,,,,,,HighPM*
71065,HIP71065,217.99978397767,80.34762596736,,,,,,Star
71070,HIP71070,218.00876788753,21.50573056249,,,,,,HighPM*
71072,HIP71072,218.00896128865,22.07988624122,,,,,,Star
7109,HIP7109,22.89579710197,-13.69010244237,,,,,,HighPM*
71106,HIP71106,218.12725221401,16.54827019719,,,,,,Star
71141,HIP71141,218.2404353824405,3.6594984288092,,,,,,Star
71144,HIP71144,218.24943686654,18.23094260738,,,,,,HighPM*
71177,HIP71177,218.35608753257,6.285750966,,,,,,HighPM*
71195,HIP71195,218.41038092075,-2.53085413982,,,,,,Star
71199,HIP71199,218.42150981423,-6.87048708475,,,,,,Star
71205,HIP71205,218.42831440828,4.49454710577,,,,,,Star
71227,HIP71227,218.48319337801,3.33633139606,,,,,,Star
7124,HIP7124,22.94807726857,-4.95909020737,,,,,,HighPM*
71259,HIP71259,218.59380939715,4.17826113566,,,,,,Star
71270,HIP71270,218.63720054872,-3.17141501097,,,,,,HighPM*
71318,HIP71318,218.75681529782,5.01221069273,,,,,,Star
7132,HIP7132,22.973009442,46.39984586055,,,,,,Star
71322,HIP71322,218.77483380122,23.5156305842,,,,,,HighPM*
71360,HIP71360,218.90006530916,3.46758648122,,,,,,HighPM*
71377,HIP71377,218.9480526069598,0.2428687451063,,,,,,**
71379,HIP71379,218.95135045563,-8.57528124006,,,,,,Star
71387,HIP71387,218.96899074899,24.9388824948,,,,,,HighPM*
71413,HIP71413,219.06391323,19.40595797,,,,,,**
71426,HIP71426,219.09153884177,15.85263199476,,,,,,Star
71428,HIP71428,219.10048190872,27.48508884615,,,,,,Star
71461,HIP71461,219.22453036705,24.46306181311,,,,,,Star
7152,HIP7152,23.0529331794,-14.49240075458,,,,,,Star
71523,HIP71523,219.42795455668,16.7486803859,,,,,,HighPM*
71540,HIP71540,219.4859988014299,15.68708699256,,,,,,HighPM*
71559,HIP71559,219.52910108443,-12.9106869895,,,,,,HighPM*
71566,HIP71566,219.54804529161,-13.07377056318,,,,,,HighPM*
71684,HIP71684,219.92376720016,-13.98124824047,,,,,,HighPM*
71687,HIP71687,219.9460723685699,22.18135675051,,,,,,Star
71716,HIP71716,220.04369191484,18.34916567772,,,,,,Star
7172,HIP7172,23.11954876512,14.28540894875,,,,,,HighPM*
71728,HIP71728,220.08239707742,25.80951314178,,,,,,Star
71729,HIP71729,220.09112147813,21.97586714015,,,,,,SB*
71751,HIP71751,220.14540176291,27.40017761727,,,,,,EmLine*
71799,HIP71799,220.29724311109,18.93614549308,,,,,,Star
71827,HIP71827,220.39710841436,18.48428783613,,,,,,SB*
71838,HIP71838,220.4324119349,17.61431539548,,,,,,Star
71851,HIP71851,220.45244111587,25.98366534376,,,,,,SB*
71867,HIP71867,220.49110128798,17.88502631074,,,,,,HighPM*
71872,HIP71872,220.50294564839,52.00531824626,,,,,,Star
71896,HIP71896,220.58093102419,56.52213442481,,,,,,HighPM*
71899,HIP71899,220.59625969893,21.29308522833,,,,,,HighPM*
71904,HIP71904,220.6094077570012,19.5035237928683,,,,,,HighPM*
71917,HIP71917,220.6465617592799,22.7298890654,,,,,,Star
71954,HIP71954,220.74603375849,21.77259531679,,,,,,Star
71981,HIP71981,220.829329135542,26.7497597103745,,,,,,HighPM*
71989,HIP71989,220.84303695687,51.91810906275,,,,,,HighPM*
72015,HIP72015,220.94351380927,-2.50555056241,,,,,,Star
72043,HIP72043,221.04872122637,18.46211781043,,,,,,HighPM*
7209,HIP7209,23.21768691573,-8.14939466256,,,,,,EmLine*
72116,HIP72116,221.2786322550049,18.6273857397321,,,,,,HighPM*
72152,HIP72152,221.37238025967,54.95155411152,,,,,,HighPM*
7217,HIP7217,23.2399984137,23.6956779258,,,,,,HighPM*
72193,HIP72193,221.49056550727,51.62654501897,,,,,,Star
72275,HIP72275,221.705873343,-1.69539636212,,,,,,HighPM*
7229,HIP7229,23.28875204693,30.18300558916,,,,,,SB*
72307,HIP72307,221.79237341822,76.04226063353,,,,,,Star
72325,HIP72325,221.84797616798,47.90934725695,,,,,,Star
72337,HIP72337,221.8829698437999,20.67961443099,,,,,,HighPM*
7235,HIP7235,23.3158712800533,-24.1779596354056,,,,,,HighPM*
72365,HIP72365,221.95045963154,21.00661405053,,,,,,HighPM*
72382,HIP72382,221.99822088069,21.70678660451,,,,,,Star
72389,HIP72389,222.01184387481,56.15920580102,,,,,,EmLine*
72428,HIP72428,222.1453125887699,-1.11753192622,,,,,,delSctV*
7248,HIP7248,23.34794531743,71.55450671126,,,,,,Star
72496,HIP72496,222.35570326358,-8.50434932049,,,,,,Star
72524,HIP72524,222.42205272,48.72080768,,,,,,**
72526,HIP72526,222.4249444475,48.53132282028,,,,,,Star
72531,HIP72531,222.44211837726,-9.20252861972,,,,,,HighPM*
72573,HIP72573,222.58508634356,82.51194257422,,,,,,HighPM*
72581,HIP72581,222.62294614317,80.74987704053,,,,,,Star
72606,HIP72606,222.6756034992999,-8.22429796069,,,,,,Star
7269,HIP7269,23.4044676144,30.38920513373,,,,,,**
7276,HIP7276,23.42848215904,-7.0253441116,,,,,,HighPM*
7278,HIP7278,23.43711437791,7.16776619172,,,,,,Star
72809,HIP72809,223.22447342007,46.15438490041,,,,,,Star
72817,HIP72817,223.25729802762,81.89630801932,,,,,,HighPM*
72818,HIP72818,223.25987016456,81.61584998877,,,,,,Star
72824,HIP72824,223.2822330137,50.64296148282,,,,,,Star
7300,HIP7300,23.50225149207,15.77037344978,,,,,,Star
73004,HIP73004,223.79759106443,6.01519593425,,,,,,Star
73046,HIP73046,223.9279004761,27.13306781296,,,,,,Star
73047,HIP73047,223.9325026796,76.3065698283,,,,,,SB*
73081,HIP73081,224.04013557763,48.07893535735,,,,,,Star
73103,HIP73103,224.1180684771,46.36224142663,,,,,,EclBin
73125,HIP73125,224.17618940838,5.39890673881,,,,,,Star
73153,HIP73153,224.25803153559,0.46302322076,,,,,,HighPM*
73184,HIP73184,224.366669966155,-21.4154797959194,,,,,,BYDraV*
7324,HIP7324,23.58086258,-8.4577629,,,,,,**
73243,HIP73243,224.53933566466,5.87869020396,,,,,,Star
73248,HIP73248,224.55311403734,26.81692644315,,,,,,Star
7331,HIP7331,23.59943605825,38.84572545287,,,,,,Star
73320,HIP73320,224.7394263063067,0.9860923116164,,,,,,**
7333,HIP7333,23.60198529079,65.96388490603,,,,,,HighPM*
73382,HIP73382,224.9326061754,49.84321542146,,,,,,HighPM*
73406,HIP73406,225.01885389863,4.83614580227,,,,,,Star
73412,HIP73412,225.0426177097,70.61412933083,,,,,,HighPM*
73419,HIP73419,225.06510075369,0.5372139089,,,,,,Star
73455,HIP73455,225.16556953477,69.94104880631,,,,,,Star
73462,HIP73462,225.2096261571199,6.75688232586,,,,,,Star
7350,HIP7350,23.69098073964,-7.3750082813,,,,,,PulsV*
73509,HIP73509,225.36723287416,2.70827644206,,,,,,Star
7352,HIP7352,23.69224533871,6.58639704113,,,,,,SB*
73528,HIP73528,225.43310146329,0.7148209399,,,,,,Star
73529,HIP73529,225.43821596124,5.63174970554,,,,,,Star
73530,HIP73530,225.4383960721999,35.68171569699,,,,,,HighPM*
73544,HIP73544,225.46801953465,3.36049507439,,,,,,HighPM*
73582,HIP73582,225.60893667996,67.90447512535,,,,,,Star
73592,HIP73592,225.63556148112,1.03122348025,,,,,,Star
73596,HIP73596,225.65111246626,27.41810658993,,,,,,Star
73600,HIP73600,225.6621521493,67.20985863967,,,,,,Star
73617,HIP73617,225.72024379649,1.61789581433,,,,,,HighPM*
7368,HIP7368,23.72258943474,7.39138132245,,,,,,Star
73709,HIP73709,226.00302126505,3.91806516653,,,,,,Star
73715,HIP73715,226.02542900543,77.37184259847,,,,,,HighPM*
73723,HIP73723,226.05621793732,36.68290665102,,,,,,**
73800,HIP73800,226.2481528726571,4.0880840072192,,,,,,SB*
73843,HIP73843,226.37170260678,-5.00970138609,,,,,,HighPM*
73859,HIP73859,226.42086082927,-4.36846163541,,,,,,Star
7391,HIP7391,23.82733161964,-7.57927224069,,,,,,Star
73918,HIP73918,226.5884034299999,31.17700529749,,,,,,PulsV*
73925,HIP73925,226.60345807368,2.66186838474,,,,,,Star
73930,HIP73930,226.61616565789,3.00906564754,,,,,,Star
73938,HIP73938,226.6407337121299,2.61711813312,,,,,,Star
73941,HIP73941,226.64643867615,36.45606543929,,,,,,HighPM*
73953,HIP73953,226.70441879958,-16.48436091119,,,,,,HighPM*
73965,HIP73965,226.7326122302,35.47593526465,,,,,,HighPM*
74007,HIP74007,226.85845106825,-15.41675924717,,,,,,HighPM*
74020,HIP74020,226.89742702781,-4.56673468492,,,,,,SB*
74029,HIP74029,226.9224071462171,32.4103935716283,,,,,,HighPM*
74032,HIP74032,226.93805981525,32.25920127458,,,,,,Star
7405,HIP7405,23.85959399712,16.33739113734,,,,,,Star
74051,HIP74051,227.00042797473,-0.0557042602,,,,,,HighPM*
74055,HIP74055,227.02103031539,69.73238550648,,,,,,SB*
74067,HIP74067,227.0523627521913,-7.9132042808639,,,,,,HighPM*
74072,HIP74072,227.05932664738,1.97541382004,,,,,,Star
74088,HIP74088,227.12176777486,3.17774321187,,,,,,Star
74106,HIP74106,227.17909019,-0.9809025431,,,,,,**
74129,HIP74129,227.23889884276,1.68929148121,,,,,,HighPM*
74150,HIP74150,227.26976110963,4.74163943705,,,,,,Star
74164,HIP74164,227.30535466313,-1.52905532037,,,,,,HighPM*
74170,HIP74170,227.32359578629,0.9443944035,,,,,,Star
74178,HIP74178,227.3480747990699,36.41792772703,,,,,,HighPM*
74182,HIP74182,227.36681696285,3.8658075791,,,,,,Star
74209,HIP74209,227.47038844886,-15.70648712341,,,,,,Star
7422,HIP7422,23.91278828151,76.00172999448,,,,,,HighPM*
74222,HIP74222,227.52502425762,21.85099444371,,,,,,EmLine*
74223,HIP74223,227.52857718099,66.70884174862,,,,,,Star
7423,HIP7423,23.90958341127,66.58090021001,,,,,,Star
74259,HIP74259,227.64610523101,20.35291106256,,,,,,**
74267,HIP74267,227.6721124843,-7.54471303377,,,,,,HighPM*
7427,HIP7427,23.9206972445,-5.07738036215,,,,,,HighPM*
74272,HIP74272,227.68510677543,67.78105053454,,,,,,Star
74284,HIP74284,227.71904776416,30.67219320056,,,,,,EmLine*
74292,HIP74292,227.7709519358,-3.56730933616,,,,,,Star
74304,HIP74304,227.81429048939,-0.85581472892,,,,,,HighPM*
74315,HIP74315,227.84535018407,32.0559671287,,,,,,HighPM*
74327,HIP74327,227.87429238095,-2.05434404889,,,,,,Star
74328,HIP74328,227.87451875024,2.82839903418,,,,,,HighPM*
74342,HIP74342,227.90632101461,21.52647800942,,,,,,Star
74368,HIP74368,227.9587466275999,61.86145232165,,,,,,SB*
7437,HIP7437,23.94893308226,39.46085585956,,,,,,Star
74370,HIP74370,227.95983009344,61.85702270874,,,,,,SB*
74374,HIP74374,227.97983902693,16.63315473895,,,,,,HighPM*
74390,HIP74390,228.04723306148,4.32228465662,,,,,,HighPM*
74409,HIP74409,228.10529626583,66.97513082028,,,,,,HighPM*
74430,HIP74430,228.17008235378,-12.38715260852,,,,,,Star
74439,HIP74439,228.19134411915,27.92056849375,,,,,,HighPM*
74457,HIP74457,228.23908690762,20.30767830494,,,,,,Star
74513,HIP74513,228.39806920929,2.25045053763,,,,,,Star
74525,HIP74525,228.43637017109,-8.61999496729,,,,,,HighPM*
74560,HIP74560,228.5178071096399,-8.76678348187,,,,,,Star
74585,HIP74585,228.58960029239,4.99383406702,,,,,,HighPM*
74588,HIP74588,228.60910233324,33.01063222118,,,,,,ChemPec*
74590,HIP74590,228.61201193732,3.21800602274,,,,,,Star
74594,HIP74594,228.6180282718,-5.94973887534,,,,,,Star
74613,HIP74613,228.67656399256,-7.47377644604,,,,,,Star
74639,HIP74639,228.75717828999,33.51281087166,,,,,,SB*
7464,HIP7464,24.03756971246,-6.40622574535,,,,,,HighPM*
74671,HIP74671,228.89839822723,-7.15688905858,,,,,,Star
74679,HIP74679,228.9355265661,-6.3987084507,,,,,,Star
74708,HIP74708,229.01710025643,-6.73632270842,,,,,,Star
74828,HIP74828,229.38615566112,-7.50948596007,,,,,,HighPM*
74866,HIP74866,229.48957949862,83.85946488992,,,,,,SB*
7488,HIP7488,24.10297925488,66.870159685,,,,,,Star
74913,HIP74913,229.63789226862,65.4209165829,,,,,,Star
74932,HIP74932,229.67900544718,3.73551876095,,,,,,Star
74976,HIP74976,229.82802248995,61.37494434127,,,,,,Star
7500,HIP7500,24.1646797313,21.56310904228,,,,,,HighPM*
75014,HIP75014,229.92920754884,3.33168221648,,,,,,Star
75031,HIP75031,229.9717613838154,67.0156111706156,,,,,,Star
75037,HIP75037,229.99842625795,60.3396843034,,,,,,Star
75038,HIP75038,230.00035543497,-8.66170609832,,,,,,HighPM*
75042,HIP75042,230.02116444618,60.38031285703,,,,,,HighPM*
75060,HIP75060,230.08153758973,29.74340907573,,,,,,HighPM*
75076,HIP75076,230.13016325972,-8.07826736946,,,,,,Star
75133,HIP75133,230.30350002738,5.38296481479,,,,,,**
75158,HIP75158,230.38642122986,-6.82660392772,,,,,,HighPM*
75168,HIP75168,230.41229495232,4.79804596754,,,,,,Star
7518,HIP7518,24.20450509061,-7.45122661383,,,,,,HighPM*
75180,HIP75180,230.45389178726,-7.18205726182,,,,,,Star
75198,HIP75198,230.5015852423,42.09543367356,,,,,,EmLine*
75208,HIP75208,230.54124509274,29.26195046502,,,,,,EmLine*
75311,HIP75311,230.79831414,-2.7668015653,,,,,,**
75370,HIP75370,231.02068740622,66.55392782478,,,,,,HighPM*
75371,HIP75371,231.02748135529,48.77039667648,,,,,,EmLine*
75385,HIP75385,231.06763572014,-4.34642547432,,,,,,HighPM*
75387,HIP75387,231.07090907339,-5.60659638238,,,,,,HighPM*
754,HIP754,2.31560285222,25.28197532718,,,,,,SB*
75407,HIP75407,231.12156129831,81.89504010656,,,,,,HighPM*
75426,HIP75426,231.14805643667,-7.05490073036,,,,,,HighPM*
75428,HIP75428,231.15179433968,43.3110108728,,,,,,Star
75429,HIP75429,231.15796887193,-5.29192973172,,,,,,HighPM*
75499,HIP75499,231.33405660784,83.84153741769,,,,,,Star
75531,HIP75531,231.45228894724,49.80458445981,,,,,,Star
75536,HIP75536,231.4732065843,42.193039738,,,,,,Star
75593,HIP75593,231.65978492,-5.65557295,,,,,,**
75602,HIP75602,231.6963836867,28.6677496175,,,,,,**
75619,HIP75619,231.76229239893,-3.56175739442,,,,,,Star
75622,HIP75622,231.7752607207,-15.78078441049,,,,,,Star
75631,HIP75631,231.78738344681,41.55357713018,,,,,,**
75651,HIP75651,231.83440915833,-3.03881475452,,,,,,HighPM*
75671,HIP75671,231.90565314989,-16.48931657861,,,,,,Star
75676,HIP75676,231.91813096175,42.88128848599,,,,,,HighPM*
75678,HIP75678,231.91997489304,62.2756823449,,,,,,Star
75684,HIP75684,231.92639589178,-15.41590119454,,,,,,HighPM*
75685,HIP75685,231.92765809954,-2.75516770996,,,,,,Star
75695,HIP75695,231.9573085815416,29.1056929556761,,,,,,alf2CVnV*
7570,HIP7570,24.3827858951,23.0326734403,,,,,,HighPM*
75712,HIP75712,232.01265546107,30.10823308538,,,,,,Star
75717,HIP75717,232.03803264679,-8.0189047722,,,,,,Star
75728,HIP75728,232.0568437708221,-6.43784791414,,,,,,**
75764,HIP75764,232.16359178836,61.72665554088,,,,,,SB*
7580,HIP7580,24.40710927396,-9.40382208213,,,,,,SB*
75820,HIP75820,232.33164144019,-8.53085489282,,,,,,Star
75857,HIP75857,232.42670798121,48.60373639442,,,,,,HighPM*
75869,HIP75869,232.45574718319,28.94909658545,,,,,,Star
75870,HIP75870,232.46231764967,82.26361047734,,,,,,HighPM*
75913,HIP75913,232.58480423976,27.65826887367,,,,,,SB*
75931,HIP75931,232.63394158436,-13.68445262953,,,,,,Star
75935,HIP75935,232.64642630554,-12.74053262824,,,,,,Star
75960,HIP75960,232.70686513973,-5.80558299844,,,,,,Star
75969,HIP75969,232.72540111205,3.75712242904,,,,,,HighPM*
75971,HIP75971,232.73097168788,8.57909205528,,,,,,Star
75983,HIP75983,232.75988429253,66.67125728497,,,,,,Star
76003,HIP76003,232.83097862,-12.98530803,,,,,,**
76049,HIP76049,232.96340271046,-7.15317403078,,,,,,Star
76051,HIP76051,232.97522636457,9.65743461196,,,,,,Star
76052,HIP76052,232.97825068255,9.66087530727,,,,,,**
76058,HIP76058,232.99975862353,4.06601369898,,,,,,HighPM*
76074,HIP76074,233.0538846287579,-41.27559178719,,,,,,HighPM*
7612,HIP7612,24.52025822792,30.78986193056,,,,,,HighPM*
76123,HIP76123,233.20961568318,10.66053387195,,,,,,HighPM*
76131,HIP76131,233.2375168379,18.59693765182,,,,,,HighPM*
76138,HIP76138,233.27633391884,-8.08160773046,,,,,,Star
76151,HIP76151,233.30601081869,5.52013302046,,,,,,Star
76156,HIP76156,233.3162362617,41.8096818381,,,,,,**
76166,HIP76166,233.35732033081,79.19753828835,,,,,,Star
76168,HIP76168,233.36261788206,-6.51452802143,,,,,,Star
76186,HIP76186,233.41915403764,29.27322725887,,,,,,EmLine*
76198,HIP76198,233.46960772092,17.13735728609,,,,,,HighPM*
76212,HIP76212,233.52465397344,3.91936012964,,,,,,SB*
76239,HIP76239,233.59689530669,76.45075072869,,,,,,Star
76243,HIP76243,233.61047585938,-9.18343894758,,,,,,PulsV*
76250,HIP76250,233.63157411,3.12473001,,,,,,**
76251,HIP76251,233.63168389269,4.73064277749,,,,,,Star
76269,HIP76269,233.68048723549,-8.11574712893,,,,,,Star
76272,HIP76272,233.68838893018,62.27898143775,,,,,,SB*
76309,HIP76309,233.81709814586,76.84286445921,,,,,,Star
7631,HIP7631,24.58269205429,39.35487370721,,,,,,Star
76349,HIP76349,233.91216154901,16.89593409465,,,,,,HighPM*
7644,HIP7644,24.61479862158,13.92829048379,,,,,,Star
76452,HIP76452,234.20976259307,37.58038838581,,,,,,BYDraV*
76468,HIP76468,234.25568959,-0.68221353,,,,,,**
76487,HIP76487,234.32561726968,-0.16380337047,,,,,,HighPM*
76502,HIP76502,234.36832232234,7.52768018451,,,,,,HighPM*
7653,HIP7653,24.64010070141,13.64683019372,,,,,,HighPM*
76543,HIP76543,234.4967256292925,10.2398774416461,,,,,,HighPM*
76553,HIP76553,234.51588911794,7.42222121637,,,,,,Star
76599,HIP76599,234.66257562606,6.37513831744,,,,,,HighPM*
76604,HIP76604,234.67206036805,68.82200522833,,,,,,HighPM*
76635,HIP76635,234.75439884881,-0.31150086969,,,,,,HighPM*
76641,HIP76641,234.76330364505,43.86651114291,,,,,,HighPM*
76653,HIP76653,234.79919116369,45.11740177219,,,,,,Star
76655,HIP76655,234.8033182254928,66.803271631217,,,,,,HighPM*
7669,HIP7669,24.68651312978,-5.73538846512,,,,,,SB*
76691,HIP76691,234.9029193882,-1.39213360547,,,,,,Star
76700,HIP76700,234.91868649284,9.12751606875,,,,,,Star
76704,HIP76704,234.93842987019,44.31118830124,,,,,,HighPM*
76765,HIP76765,235.10934749457,4.83412268067,,,,,,Star
76773,HIP76773,235.12591485777,37.01698930329,,,,,,Star
76780,HIP76780,235.14645197293,4.1703055151,,,,,,Star
76786,HIP76786,235.16754221367,65.84067861203,,,,,,HighPM*
76814,HIP76814,235.2533897624,38.28148554489,,,,,,HighPM*
76818,HIP76818,235.25813794772,2.88173444403,,,,,,Star
7684,HIP7684,24.73644919,76.72360256,,,,,,**
76892,HIP76892,235.5058447371,0.4570315044,,,,,,**
76910,HIP76910,235.56612153703,9.65084162292,,,,,,SB*
76913,HIP76913,235.5740998647,-0.42288968832,,,,,,HighPM*
77037,HIP77037,235.94847446094,58.02424259892,,,,,,EclBin
77050,HIP77050,236.00350298135,15.56227145787,,,,,,PulsV*
77055,HIP77055,236.0146607057633,77.7944931248106,,,,,,Variable*
77083,HIP77083,236.09083877043,15.29972996397,,,,,,HighPM*
77115,HIP77115,236.19039932773,68.68000998247,,,,,,HighPM*
77192,HIP77192,236.42941745213,57.26299902804,,,,,,HighPM*
77202,HIP77202,236.4575405905384,14.0389775821056,,,,,,Star
77214,HIP77214,236.47797055642,12.55810535717,,,,,,Star
77218,HIP77218,236.48758335495,16.37578997087,,,,,,Star
77227,HIP77227,236.52348552778,-1.80419037298,,,,,,SB*
77244,HIP77244,236.59378863572,13.72075385245,,,,,,HighPM*
77290,HIP77290,236.70416849858,70.37420792051,,,,,,Star
7730,HIP7730,24.88441332,-7.39461942,,,,,,**
77438,HIP77438,237.12340928647,56.09852423006,,,,,,HighPM*
7751,HIP7751,24.94808137,-56.19641658,,,,,,**
77627,HIP77627,237.72213823,19.18033692,,,,,,**
77629,HIP77629,237.72826032285,77.26527352295,,,,,,Star
77632,HIP77632,237.73859702167,42.56541037463,,,,,,Star
77652,HIP77652,237.79194214382,52.90700008323,,,,,,Star
77695,HIP77695,237.94819828013,51.58717925044,,,,,,Star
77714,HIP77714,238.0014411921342,52.5651613472625,,,,,,Star
7772,HIP7772,25.00724156016,-7.44885653676,,,,,,Star
77767,HIP77767,238.1857929719899,36.71572231121,,,,,,SB*
77787,HIP77787,238.25887320973,18.5710663179,,,,,,HighPM*
77831,HIP77831,238.38036332086,41.33070697482,,,,,,HighPM*
77836,HIP77836,238.39716769782,18.72268836486,,,,,,Star
77864,HIP77864,238.48939053921,-5.73191890719,,,,,,SB*
77876,HIP77876,238.5450488201699,-5.22172515923,,,,,,Star
77885,HIP77885,238.59634007683,75.75503197706,,,,,,Star
7789,HIP7789,25.06546878397,-6.62854053656,,,,,,HighPM*
7795,HIP7795,25.07827687002,75.55317479093,,,,,,Star
77952,HIP77952,238.785675265,-63.4307265364,,,,,,HighPM*
77975,HIP77975,238.85755253277,29.53708878204,,,,,,Star
78015,HIP78015,238.9525298602,29.19412930011,,,,,,Star
78028,HIP78028,238.98660620376,36.7228646421,,,,,,HighPM*
78049,HIP78049,239.03119313658,-6.67372662095,,,,,,HighPM*
78102,HIP78102,239.20295362453,35.50432592096,,,,,,HighPM*
78146,HIP78146,239.36207778,41.66189679,,,,,,**
78192,HIP78192,239.48964935918,42.04975942538,,,,,,Star
78220,HIP78220,239.59810872146,47.11745405879,,,,,,Star
78257,HIP78257,239.6729637518,30.79160894928,,,,,,Star
78282,HIP78282,239.7573914892,15.74666551297,,,,,,Star
7830,HIP7830,25.18405140554,15.61944782088,,,,,,HighPM*
78335,HIP78335,239.92611176117,45.45289327652,,,,,,Star
78344,HIP78344,239.9551619691399,39.82032332416,,,,,,Star
78364,HIP78364,239.9863396143,8.4174435936,,,,,,HighPM*
78383,HIP78383,240.02577529345,8.61857784215,,,,,,HighPM*
78389,HIP78389,240.05501773815,15.77876386192,,,,,,HighPM*
78409,HIP78409,240.09824321863,15.6674222921,,,,,,Variable*
78417,HIP78417,240.13430088099,46.923820704,,,,,,RRLyrae
78448,HIP78448,240.22894938003,39.17751502068,,,,,,SB*
7852,HIP7852,25.2448182033,-5.40363049775,,,,,,BYDraV*
78559,HIP78559,240.60797379725,35.59130411999,,,,,,Star
78594,HIP78594,240.70620365305,-4.81817422106,,,,,,HighPM*
78620,HIP78620,240.7507207992399,-6.45310234174,,,,,,HighPM*
78630,HIP78630,240.7835154370999,68.52654092351,,,,,,HighPM*
78656,HIP78656,240.86022951976,81.70584687829,,,,,,SB*
7867,HIP7867,25.30411464844,16.51438556447,,,,,,Star
78679,HIP78679,240.9273533921,35.54911851702,,,,,,SB*
78725,HIP78725,241.0710502,-3.21886267,,,,,,**
78737,HIP78737,241.10606899076,36.41538173064,,,,,,**
7874,HIP7874,25.32656543398,25.74571268425,,,,,,SB*
78761,HIP78761,241.2039960296,70.2617162681,,,,,,**
78812,HIP78812,241.337677547,58.16631286123,,,,,,**
78822,HIP78822,241.36317186568,-6.29046571289,,,,,,HighPM*
78856,HIP78856,241.45844187493,56.68367872386,,,,,,Star
78859,HIP78859,241.46855873222,35.00603140904,,,,,,HighPM*
7889,HIP7889,25.37047814228,24.18351337871,,,,,,Star
78902,HIP78902,241.59903738029,-2.56511447516,,,,,,HighPM*
78903,HIP78903,241.60029122723,9.28533961044,,,,,,Star
78908,HIP78908,241.61270061816,57.593700792,,,,,,Star
78931,HIP78931,241.6751556201496,34.6244153984558,,,,,,HighPM*
78945,HIP78945,241.74292765063,-3.25268754888,,,,,,Star
78980,HIP78980,241.83400770165,10.67276994427,,,,,,Star
78986,HIP78986,241.84320653147,39.15591141536,,,,,,HighPM*
79007,HIP79007,241.90641287901,9.89174091429,,,,,,Star
79053,HIP79053,242.03758495957,35.59768168135,,,,,,Star
79062,HIP79062,242.08097289461,76.98572306328,,,,,,Star
79063,HIP79063,242.08066006686,72.00068582988,,,,,,HighPM*
79152,HIP79152,242.32287244756,41.09520063407,,,,,,HighPM*
792,HIP792,2.45288492442,-6.84121077683,,,,,,HighPM*
79217,HIP79217,242.51047047711,82.07895126414,,,,,,SB*
79223,HIP79223,242.52437538683,42.42092860711,,,,,,HighPM*
79228,HIP79228,242.54033142104,-11.62216899124,,,,,,Star
79262,HIP79262,242.6555895395,72.39323706948,,,,,,Star
79269,HIP79269,242.66529585731,42.78391699636,,,,,,Star
7930,HIP7930,25.487222798,17.05796587213,,,,,,HighPM*
79304,HIP79304,242.77672854261,2.91435177311,,,,,,HighPM*
79324,HIP79324,242.84017457513,-11.76807452078,,,,,,Star
79339,HIP79339,242.88207646815,-11.26332010674,,,,,,Star
79423,HIP79423,243.14097781991,56.47662673639,,,,,,Star
79425,HIP79425,243.14533776546,79.35627276852,,,,,,Star
79426,HIP79426,243.14630194,57.79499779,,,,,,**
7946,HIP7946,25.52355566427,32.76714314126,,,,,,Star
79489,HIP79489,243.31599273211,82.63189821817,,,,,,SB*
7949,HIP7949,25.52668877198,69.08600241697,,,,,,HighPM*
79514,HIP79514,243.38795396,71.7840864,,,,,,**
79517,HIP79517,243.39383244529,84.5519442778,,,,,,Star
79521,HIP79521,243.41068574636,82.08797100827,,,,,,Star
79528,HIP79528,243.4330697095399,-6.22935011561,,,,,,Star
79537,HIP79537,243.4523285223837,-57.5705122193511,,,,,,HighPM*
79545,HIP79545,243.4747013628,-6.90867685677,,,,,,HighPM*
79568,HIP79568,243.52733206081,9.54085819624,,,,,,Star
7960,HIP7960,25.55229319739,31.139658126,,,,,,HighPM*
79613,HIP79613,243.6862283196599,57.02630933881,,,,,,HighPM*
79626,HIP79626,243.72954564298,10.37288022679,,,,,,**
7965,HIP7965,25.58552893003,68.04302513591,,,,,,alf2CVnV*
79662,HIP79662,243.85384931323,10.72227722738,,,,,,Star
79668,HIP79668,243.89135398,19.73494375,,,,,,**
7968,HIP7968,25.59826112,-6.75490629,,,,,,**
79749,HIP79749,244.15080989535,-10.18965990833,,,,,,HighPM*
79768,HIP79768,244.20111662927,-5.49679208871,,,,,,Star
79826,HIP79826,244.39505134584,79.22675516321,,,,,,Star
79863,HIP79863,244.5292694097499,62.94938928365,,,,,,Star
79885,HIP79885,244.5921841308899,21.04810428161,,,,,,Star
79911,HIP79911,244.6635513181,20.57662259247,,,,,,SB*
79928,HIP79928,244.70657142324,-10.78608218024,,,,,,Star
79971,HIP79971,244.85162534983,72.38812255135,,,,,,HighPM*
79981,HIP79981,244.88669638374,70.36857144567,,,,,,HighPM*
80018,HIP80018,245.0146143024262,-37.5290019459436,,,,,,HighPM*
80034,HIP80034,245.0580734,80.04259882,,,,,,**
8006,HIP8006,25.69833652932,69.75862243673,,,,,,Star
80099,HIP80099,245.26792516516,72.31689337435,,,,,,SB*
80184,HIP80184,245.55381520033,0.4982306338,,,,,,Star
80192,HIP80192,245.57274041814,80.72542405763,,,,,,Star
80243,HIP80243,245.72792187759,61.69463229904,,,,,,HighPM*
80261,HIP80261,245.77468032925,-0.85616105475,,,,,,PulsV*
80293,HIP80293,245.85250763521,1.54741616333,,,,,,HighPM*
80337,HIP80337,246.00537974057,-39.19298053165,,,,,,HighPM*
80340,HIP80340,246.01610599087,-11.02363219084,,,,,,Star
80356,HIP80356,246.0549756298,-11.21847517756,,,,,,SB*
80396,HIP80396,246.15402782708,-9.82670386821,,,,,,Star
80453,HIP80453,246.33576486713,65.55932738061,,,,,,SB*
8047,HIP8047,25.83336233359,-5.11870329046,,,,,,HighPM*
80484,HIP80484,246.43555722851,11.9190659912,,,,,,HighPM*
80522,HIP80522,246.5729368401533,2.1790606145797,,,,,,HighPM*
80527,HIP80527,246.5883117570199,2.50783723441,,,,,,Star
80530,HIP80530,246.59849141779,64.46232632447,,,,,,Star
80553,HIP80553,246.6951085039928,12.0556526644498,,,,,,**
80571,HIP80571,246.76203377335,34.00244599899,,,,,,HighPM*
8062,HIP8062,25.88761484347,68.36372942179,,,,,,Star
80631,HIP80631,246.9595062649999,62.33239480143,,,,,,Star
80686,HIP80686,247.11725943877,-70.08439580831,,,,,,**
80691,HIP80691,247.13260562587,29.07570206292,,,,,,Star
8071,HIP8071,25.92749946122,14.70213345481,,,,,,Star
80738,HIP80738,247.25464315804,64.78672689506,,,,,,HighPM*
80781,HIP80781,247.41609667712,62.08702606258,,,,,,Star
80801,HIP80801,247.48419682047,46.19367553112,,,,,,Star
80803,HIP80803,247.4942934895,28.53924369612,,,,,,Star
80807,HIP80807,247.51878785621,33.41061583584,,,,,,Star
80812,HIP80812,247.53267954359,44.87102629854,,,,,,Star
80827,HIP80827,247.59395687174,40.73666336236,,,,,,**
80902,HIP80902,247.82326269917,79.78977709884,,,,,,HighPM*
8092,HIP8092,25.96911880004,-7.47935997209,,,,,,Star
80927,HIP80927,247.87739915682,33.51367097269,,,,,,Star
80946,HIP80946,247.92850693137,70.93328627363,,,,,,HighPM*
80953,HIP80953,247.94678161634,45.59826247517,,,,,,Star
80958,HIP80958,247.97341910381,34.81971012223,,,,,,EmLine*
8096,HIP8096,25.98375040057,32.74017660639,,,,,,Star
80997,HIP80997,248.12961482307,13.15624338437,,,,,,HighPM*
8102,HIP8102,26.0170130716342,-15.9374798910214,,,,,,HighPM*
81048,HIP81048,248.3020717,30.90749664,,,,,,**
81052,HIP81052,248.3080853705,36.44848765883,,,,,,Star
81116,HIP81116,248.50658215177,34.10325184669,,,,,,Star
81126,HIP81126,248.52576011027,42.4370094863,,,,,,**
81147,HIP81147,248.60059024448,32.01896098846,,,,,,SB*
81210,HIP81210,248.81101073653,37.02212865933,,,,,,HighPM*
81250,HIP81250,248.92697542428,40.14464713725,,,,,,Star
81270,HIP81270,248.98333104379,79.20474507063,,,,,,HighPM*
81298,HIP81298,249.07885520781,20.75595541333,,,,,,Star
81328,HIP81328,249.1589655612999,41.38839424879,,,,,,SB*
81332,HIP81332,249.1625024812,69.7930678233,,,,,,**
81363,HIP81363,249.24698656818,69.82163629928,,,,,,**
81425,HIP81425,249.45004265715,13.68703275946,,,,,,HighPM*
8144,HIP8144,26.18305342664,-6.66919642716,,,,,,Star
8146,HIP8146,26.1878845330508,23.8512846521867,,,,,,Star
81515,HIP81515,249.75757295988,21.68794406976,,,,,,Star
81519,HIP81519,249.76658101543,60.69966063245,,,,,,RSCVnV*
81534,HIP81534,249.80289133927,20.61282609742,,,,,,Star
81578,HIP81578,249.90673576133,34.28016563493,,,,,,HighPM*
81593,HIP81593,249.94441804007,66.34250380896,,,,,,HighPM*
81612,HIP81612,250.03165767806,58.12019292998,,,,,,Star
81627,HIP81627,250.0888647793,70.23757238902,,,,,,Star
81656,HIP81656,250.20674465818,59.03602070282,,,,,,HighPM*
81662,HIP81662,250.23516785059,21.94814619783,,,,,,HighPM*
81677,HIP81677,250.27281584104,33.63031963218,,,,,,HighPM*
81681,HIP81681,250.2842276034658,-2.8572782314731,,,,,,HighPM*
81716,HIP81716,250.3712788976299,1.31316740167,,,,,,BYDraV*
81718,HIP81718,250.38028848459,41.32341121277,,,,,,SB*
81732,HIP81732,250.41432813309,34.58936583041,,,,,,HighPM*
81742,HIP81742,250.44960261244,-2.14455815232,,,,,,Star
81768,HIP81768,250.53050572188,1.24168731558,,,,,,Star
81770,HIP81770,250.53301455074,2.27240907169,,,,,,Star
81774,HIP81774,250.54059734,41.1952466,,,,,,**
81799,HIP81799,250.60865527,21.59288567,,,,,,**
81831,HIP81831,250.72202167873,20.5311117919,,,,,,HighPM*
81862,HIP81862,250.80825258452,58.52388266712,,,,,,HighPM*
81872,HIP81872,250.83517130253,64.7962305386,,,,,,Star
81895,HIP81895,250.91762642636,50.66865149337,,,,,,Star
81911,HIP81911,250.96536492137,34.03880254968,,,,,,HighPM*
81927,HIP81927,251.00792901335,28.24134791227,,,,,,EmLine*
8194,HIP8194,26.33527076315,35.71246899552,,,,,,Star
81940,HIP81940,251.07315451126,60.97069624217,,,,,,Star
81952,HIP81952,251.11115735454,-5.68721722616,,,,,,Star
81959,HIP81959,251.1439521996499,49.86294298639,,,,,,HighPM*
81971,HIP81971,251.17670931055,2.33285552736,,,,,,Star
81999,HIP81999,251.26709258535,-9.54469576912,,,,,,HighPM*
82042,HIP82042,251.3844983147299,33.8300830536,,,,,,BYDraV*
82043,HIP82043,251.38603112634,27.12606723915,,,,,,ChemPec*
82056,HIP82056,251.42160516395,68.25857148758,,,,,,SB*
82092,HIP82092,251.5318456848245,50.344764191775,,,,,,HighPM*
82093,HIP82093,251.54326137042,33.79366324184,,,,,,Star
82104,HIP82104,251.56478293236,7.3600746884,,,,,,Star
82133,HIP82133,251.69557925946,2.20955414462,,,,,,Star
82137,HIP82137,251.70764984719,66.04155787447,,,,,,Star
82142,HIP82142,251.72082050146,2.24246144772,,,,,,HighPM*
8216,HIP8216,26.45783189806,26.39962859153,,,,,,Star
82183,HIP82183,251.85017006366,-6.22502239346,,,,,,Star
82185,HIP82185,251.85366427523,28.39867340719,,,,,,HighPM*
82225,HIP82225,251.9623025938,6.60366347424,,,,,,Star
82240,HIP82240,252.02820273482,27.88180013486,,,,,,Star
82305,HIP82305,252.25382725342,34.07177448915,,,,,,Star
82354,HIP82354,252.40952640709,28.34174017661,,,,,,Star
82396,HIP82396,252.5408783862,-34.2932315931,,,,,,HighPM*
82402,HIP82402,252.58075336331,7.24768355085,,,,,,HighPM*
82415,HIP82415,252.63725824429,33.79757652356,,,,,,Star
82421,HIP82421,252.65453074731,63.13947138306,,,,,,Star
82468,HIP82468,252.79960129823,15.79470868959,,,,,,Star
8247,HIP8247,26.54589316787,22.44865510193,,,,,,EmLine*
82518,HIP82518,252.97925295902,67.91503088568,,,,,,**
82527,HIP82527,253.03230094475,-2.79832183493,,,,,,Star
82552,HIP82552,253.10480025565,63.15004960313,,,,,,HighPM*
82575,HIP82575,253.2119380983499,55.99751723155,,,,,,Star
82586,HIP82586,253.23895233731,11.30106894615,,,,,,Star
82626,HIP82626,253.35975623088,-7.45613768462,,,,,,HighPM*
82629,HIP82629,253.37128855346,-1.13048279436,,,,,,HighPM*
82635,HIP82635,253.38170859895,-3.51722191613,,,,,,Star
82655,HIP82655,253.44448072215,63.09849967546,,,,,,Star
82693,HIP82693,253.54418762057,-1.61230328373,,,,,,delSctV*
82694,HIP82694,253.5501360840658,11.9146828628731,,,,,,HighPM*
82759,HIP82759,253.71458579698,56.73235851525,,,,,,HighPM*
82796,HIP82796,253.80624409581,63.52823368856,,,,,,Star
82805,HIP82805,253.85043909573,64.92931051704,,,,,,PulsV*
82814,HIP82814,253.8709823463,23.36577555327,,,,,,gammaDorV*
82830,HIP82830,253.89767309768,23.85460954756,,,,,,HighPM*
82854,HIP82854,253.98845738711,-4.85500986904,,,,,,Star
82880,HIP82880,254.06972466205,73.12786627498,,,,,,Star
82898,HIP82898,254.10527823,65.03912503,,,,,,**
82910,HIP82910,254.14589406,57.18805969,,,,,,**
82913,HIP82913,254.16061195849,3.66168136067,,,,,,Star
82939,HIP82939,254.23412640641,57.14228974643,,,,,,Star
82963,HIP82963,254.30441795193,22.77070486579,,,,,,PulsV*
82999,HIP82999,254.40990066256,-3.01668483653,,,,,,Star
83027,HIP83027,254.50185092366,2.34196227833,,,,,,Star
83056,HIP83056,254.57069338305,21.67221881236,,,,,,HighPM*
83084,HIP83084,254.65980842356,62.51775001803,,,,,,Star
83093,HIP83093,254.68592409358,3.88013528919,,,,,,HighPM*
8311,HIP8311,26.79692648187,24.39230232149,,,,,,Star
83145,HIP83145,254.8773761462799,-5.82667942965,,,,,,Star
83171,HIP83171,254.96750967744,46.02017938017,,,,,,Star
83210,HIP83210,255.08609482148,46.87181026157,,,,,,Star
83222,HIP83222,255.12016244694,45.77880586665,,,,,,HighPM*
83241,HIP83241,255.19122278678,-30.51659753372,,,,,,HighPM*
83265,HIP83265,255.27505458406,57.11407340908,,,,,,HighPM*
83270,HIP83270,255.28006839377,21.49719582445,,,,,,SB*
83274,HIP83274,255.29011451091,27.19652565737,,,,,,HighPM*
83276,HIP83276,255.294819750395,-13.5671131774164,,,,,,SB*
83335,HIP83335,255.46777618979,-13.37228547016,,,,,,Star
83386,HIP83386,255.63660720865,44.75712729285,,,,,,Star
83388,HIP83388,255.63826494754,9.82018785086,,,,,,HighPM*
83398,HIP83398,255.67492744186,44.63689800756,,,,,,HighPM*
83400,HIP83400,255.6796153259399,-12.5518444832,,,,,,Star
83401,HIP83401,255.6808685017199,64.02679410377,,,,,,Star
83449,HIP83449,255.82737182652,27.87243586019,,,,,,Star
83467,HIP83467,255.89180011193,57.49978181787,,,,,,EllipVar_Candidate
83480,HIP83480,255.92268683291,-0.14595438647,,,,,,SB*
83490,HIP83490,255.96139248947,19.80049855776,,,,,,Star
83522,HIP83522,256.0404731546899,-30.65962151843,,,,,,HighPM*
83549,HIP83549,256.12853508545,27.05886737158,,,,,,Star
83593,HIP83593,256.2705960224,43.81223792147,,,,,,Star
83620,HIP83620,256.34895998451,6.40282167377,,,,,,SB*
83634,HIP83634,256.38348171,10.54646932,,,,,,**
83645,HIP83645,256.43258961606,54.32835385846,,,,,,EmLine*
83648,HIP83648,256.44823989547,53.75094724101,,,,,,HighPM*
83673,HIP83673,256.52165353839,45.00681019476,,,,,,HighPM*
83716,HIP83716,256.65069683,0.65219617,,,,,,**
83744,HIP83744,256.73656391585,6.7967443132,,,,,,HighPM*
83763,HIP83763,256.78370590657,44.25544416271,,,,,,HighPM*
83799,HIP83799,256.89209737836,63.43939167905,,,,,,Star
83831,HIP83831,256.99746442474,10.5651425985,,,,,,Star
83846,HIP83846,257.0304723952287,-41.7239682949778,,,,,,SB*
83884,HIP83884,257.17263991232,72.36567525725,,,,,,Star
83895,HIP83895,257.1966155398917,65.7146453269736,,,,,,**
83914,HIP83914,257.2482700528399,73.15334237369,,,,,,SB*
83946,HIP83946,257.38724122587,30.70560719242,,,,,,Star
83990,HIP83990,257.543129160662,-60.7287723196264,,,,,,HighPM*
84047,HIP84047,257.73683543632,66.25732088897,,,,,,PulsV*
84051,HIP84051,257.74647547544,-52.51551107544,,,,,,HighPM*
84068,HIP84068,257.80041574902,30.95629096632,,,,,,HighPM*
84088,HIP84088,257.86285063969,70.33499139918,,,,,,Star
84110,HIP84110,257.9305808763999,-4.64059594994,,,,,,Star
84122,HIP84122,257.96584856399,-0.98409475053,,,,,,HighPM*
84146,HIP84146,258.05478211503,20.12922798122,,,,,,Star
84153,HIP84153,258.07414951886,24.71621799816,,,,,,Star
84166,HIP84166,258.09395985661,-0.77388581048,,,,,,HighPM*
84179,HIP84179,258.1245217781,69.30438727373,,,,,,SB*
8418,HIP8418,27.15210845837,22.40179673251,,,,,,Star
84187,HIP84187,258.1380883381712,20.7999775463906,,,,,,HighPM*
84203,HIP84203,258.18642736009,59.0665146444133,,,,,,HighPM*
84233,HIP84233,258.26667981688,35.97861843146,,,,,,RRLyrae
84242,HIP84242,258.30341965073,34.5207452296,,,,,,Star
84244,HIP84244,258.31665438879,64.62390592477,,,,,,HighPM*
84250,HIP84250,258.32802491334,33.76856537127,,,,,,Star
84253,HIP84253,258.34049586861,-0.38153995407,,,,,,Star
84316,HIP84316,258.56253917708,4.08569672682,,,,,,HighPM*
84341,HIP84341,258.64124515873,30.95589793245,,,,,,Star
84352,HIP84352,258.68256809734,58.38406215242,,,,,,Star
84374,HIP84374,258.74196781968,-2.50314607641,,,,,,HighPM*
84384,HIP84384,258.77408800373,3.4239764831,,,,,,Star
84397,HIP84397,258.82183192549,-7.20180238745,,,,,,HighPM*
84405,HIP84405,258.8374330733,-26.6028214208,,,,,,**
84432,HIP84432,258.92466514993,4.08881957368,,,,,,Star
84465,HIP84465,259.02038055226,60.71390386781,,,,,,Variable*
84478,HIP84478,259.0556767257492,-26.5461490453872,,,,,,RSCVnV*
84495,HIP84495,259.12052994469,5.12827564909,,,,,,Star
84500,HIP84500,259.1321407950699,1.21055515314,,,,,,SB*
84515,HIP84515,259.15394686253,3.40845517035,,,,,,HighPM*
84520,HIP84520,259.16301281551,50.60653422803,,,,,,HighPM*
84525,HIP84525,259.18312552801,83.70032541189,,,,,,Star
84561,HIP84561,259.29504701285,25.8738484821,,,,,,Star
84574,HIP84574,259.33541710166,25.39566412546,,,,,,Star
84579,HIP84579,259.33952001231,25.02268366654,,,,,,HighPM*
84587,HIP84587,259.36037825955,31.51837782517,,,,,,Star
84594,HIP84594,259.3936907913234,4.0781357864203,,,,,,HighPM*
84597,HIP84597,259.3972297907899,69.32597735929,,,,,,HighPM*
84602,HIP84602,259.4075580571,64.03315892465,,,,,,SB*
84603,HIP84603,259.40814683951,31.44822551744,,,,,,Star
84639,HIP84639,259.55141683312,49.53445547982,,,,,,HighPM*
84643,HIP84643,259.5618444744699,-0.76474587305,,,,,,Star
84652,HIP84652,259.5904720277,-1.78150043124,,,,,,HighPM*
84664,HIP84664,259.62547859386,58.35862124133,,,,,,Star
84676,HIP84676,259.66363399319,-1.50989836981,,,,,,HighPM*
84696,HIP84696,259.7101973049819,-2.8105011385565,,,,,,SB*
84702,HIP84702,259.71833702548,83.33684917775,,,,,,HighPM*
84709,HIP84709,259.7381868,-34.98976155,,,,,,**
84720,HIP84720,259.7659897989304,-46.6362334491697,,,,,,HighPM*
84722,HIP84722,259.76585427461,30.90527154815,,,,,,Star
84762,HIP84762,259.88233413,58.52914517,,,,,,**
84837,HIP84837,260.0911800081399,57.97418251987,,,,,,SB*
84845,HIP84845,260.11351094792,59.19892925422,,,,,,Star
84858,HIP84858,260.15228309509,87.375377248,,,,,,Star
84871,HIP84871,260.18943688222,32.67439783346,,,,,,Star
84892,HIP84892,260.24759836517,50.07765188424,,,,,,Star
84893,HIP84893,260.251560504735,-21.1129363919308,,,,,,HighPM*
8490,HIP8490,27.36321281184,26.47263941406,,,,,,Star
84914,HIP84914,260.29841059376,32.5360218376,,,,,,Star
84920,HIP84920,260.31129921523,31.25690478756,,,,,,Star
84978,HIP84978,260.5235039878,7.97073380804,,,,,,Star
85021,HIP85021,260.66965953427,74.6629133059,,,,,,HighPM*
85070,HIP85070,260.78839733581,59.3181181855,,,,,,Star
85086,HIP85086,260.8444430104299,57.01172098825,,,,,,SB*
85098,HIP85098,260.88240928706,69.77180175452,,,,,,SB*
85112,HIP85112,260.9206005238,37.1459427914,,,,,,**
85133,HIP85133,260.97745187,36.4577518,,,,,,**
85137,HIP85137,260.9888836807229,37.2801979304403,,,,,,HighPM*
8522,HIP8522,27.47942082292,25.74625141343,,,,,,HighPM*
8528,HIP8528,27.49617092323,27.46459228598,,,,,,Star
8531,HIP8531,27.50429856088,-6.71665212873,,,,,,Star
85330,HIP85330,261.5717248,67.76589387,,,,,,**
85340,HIP85340,261.5925689203434,-24.1753069450603,,,,,,HighPM*
85346,HIP85346,261.60306575841,7.62082379916,,,,,,Star
85369,HIP85369,261.66716833,56.35327978,,,,,,**
85417,HIP85417,261.81977219839,70.88741869115,,,,,,Star
85428,HIP85428,261.84896674677,6.51694895011,,,,,,Star
8545,HIP8545,27.54877459476,27.03297659769,,,,,,**
85457,HIP85457,261.95476951195,8.56016791405,,,,,,Star
85466,HIP85466,261.9734465980299,56.16111596347,,,,,,**
85483,HIP85483,262.0504248144899,68.49928614125,,,,,,Star
85487,HIP85487,262.06028757481,17.50995765966,,,,,,HorBranch*
85500,HIP85500,262.09605331329,13.8262119933,,,,,,Star
85504,HIP85504,262.10701184016,26.00655076999,,,,,,Star
85509,HIP85509,262.1210538062854,74.5001461086439,,,,,,**
85519,HIP85519,262.15385648802,19.87211680953,,,,,,Star
85525,HIP85525,262.17160771612,18.17415178711,,,,,,Star
85542,HIP85542,262.22862134952,26.20375330433,,,,,,Star
85561,HIP85561,262.2773168815399,-23.8361121462,,,,,,HighPM*
85565,HIP85565,262.30003300345,25.60657508571,,,,,,Star
85567,HIP85567,262.3032984650799,22.13243271323,,,,,,**
85575,HIP85575,262.31907801794,63.86913682126,,,,,,HighPM*
85585,HIP85585,262.34260516575,75.63756803894,,,,,,SB*
85602,HIP85602,262.38145125469,20.53980929455,,,,,,HighPM*
85612,HIP85612,262.4226106102499,71.27032794949,,,,,,Star
85620,HIP85620,262.43520932492,63.85265433383,,,,,,HighPM*
85626,HIP85626,262.46423631415,15.96403451216,,,,,,Star
85636,HIP85636,262.5175598984999,14.4624164043,,,,,,Star
8564,HIP8564,27.62015207556,-12.34258019703,,,,,,Star
85643,HIP85643,262.53081908533,66.93936888494,,,,,,PulsV*
85647,HIP85647,262.5466853139342,-51.6369806414192,,,,,,HighPM*
85661,HIP85661,262.58332382518,-4.3693779,,,,,,Star
85683,HIP85683,262.64645154632,17.52083217848,,,,,,SB*
85686,HIP85686,262.66346546834,46.34220090874,,,,,,HighPM*
85708,HIP85708,262.71753951276,6.99158362758,,,,,,Star
85735,HIP85735,262.80400474966,6.35442837644,,,,,,Star
85757,HIP85757,262.85584225347,-2.53880984605,,,,,,HighPM*
8581,HIP8581,27.68672767795,36.05134253139,,,,,,Star
85812,HIP85812,263.01196695,2.82370231,,,,,,**
85817,HIP85817,263.03024399167,65.44212534257,,,,,,Star
85855,HIP85855,263.1734363380434,23.7365626279925,,,,,,ChemPec*
85861,HIP85861,263.1852789553504,2.8551607297437,,,,,,**
85865,HIP85865,263.20255250845,23.28834044579,,,,,,Star
85867,HIP85867,263.2036892521599,19.37722031493,,,,,,Star
8590,HIP8590,27.7187183694375,-12.2036359774033,,,,,,HighPM*
85911,HIP85911,263.3397735348,5.7007315654,,,,,,HighPM*
85912,HIP85912,263.34510117472,19.25667786998,,,,,,HighPM*
85917,HIP85917,263.3614371853499,-3.43606707274,,,,,,Star
85924,HIP85924,263.38832117203,7.17828760493,,,,,,Star
85932,HIP85932,263.42239315274,45.30994372637,,,,,,Star
85940,HIP85940,263.4700658419,8.10377167625,,,,,,HighPM*
85944,HIP85944,263.4835384092,8.16605380735,,,,,,SB*
85962,HIP85962,263.53508729839,17.58610619404,,,,,,Star
85973,HIP85973,263.56102332927,70.56468390554,,,,,,Star
85977,HIP85977,263.5806398296696,46.9448010892892,,,,,,HighPM*
86013,HIP86013,263.6795067037008,6.01439311354,,,,,,HighPM*
86050,HIP86050,263.7841228690099,23.97010497677,,,,,,Star
86056,HIP86056,263.80514660822,23.1895145745,,,,,,HighPM*
86057,HIP86057,263.8067383922263,-48.68086705638,,,,,,HighPM*
86058,HIP86058,263.81785526048,55.00339425261,,,,,,SB*
86067,HIP86067,263.85194762684,64.38045206571,,,,,,HighPM*
86102,HIP86102,263.949069114,73.07758792899,,,,,,SB*
86137,HIP86137,264.0426223524299,74.00913247427,,,,,,Star
86192,HIP86192,264.20220727044,72.05470851295,,,,,,Star
86254,HIP86254,264.37961364671,24.31000632711,,,,,,**
8633,HIP8633,27.83723885038,36.77476873021,,,,,,Star
86332,HIP86332,264.60044499406,5.12510629992,,,,,,Star
86336,HIP86336,264.62475362351,5.02198044212,,,,,,Star
86344,HIP86344,264.65943746,55.75961062,,,,,,**
86349,HIP86349,264.6693158317899,4.33605099056,,,,,,bCepV*
86450,HIP86450,264.9616249404099,72.96472909064,,,,,,IrregularV*
86481,HIP86481,265.0704687781099,69.15028570678,,,,,,HighPM*
86525,HIP86525,265.23326257936,74.44750270547,,,,,,Star
86540,HIP86540,265.27791955891,72.4203451474545,,,,,,HighPM*
86630,HIP86630,265.51596845182,73.46168884522,,,,,,Star
86736,HIP86736,265.857473075892,-21.6831941424331,,,,,,HighPM*
86772,HIP86772,265.9643647912799,7.83480749559,,,,,,Star
86775,HIP86775,265.98227429548,69.07400835037,,,,,,HighPM*
86795,HIP86795,266.0312563872,56.19351267962,,,,,,HighPM*
86804,HIP86804,266.0633242354,71.1977689598,,,,,,HighPM*
86821,HIP86821,266.1061755995999,8.1955015938,,,,,,HighPM*
86855,HIP86855,266.19087523906,60.31312385396,,,,,,HighPM*
86952,HIP86952,266.5250670581499,55.53485672317,,,,,,HighPM*
86990,HIP86990,266.642637810377,-57.3190440136656,,,,,,HighPM*
86993,HIP86993,266.6517583587,6.12062325313,,,,,,SB*
86995,HIP86995,266.66413847763,-1.21438842276,,,,,,Star
87010,HIP87010,266.6828824922104,50.0517341752116,,,,,,HighPM*
87051,HIP87051,266.80062235677,69.74780158361,,,,,,SB*
87059,HIP87059,266.85453831004,22.77869314122,,,,,,HighPM*
87079,HIP87079,266.9090738224,73.13267966356,,,,,,HighPM*
87084,HIP87084,266.91667044865,20.20304211695,,,,,,HighPM*
87086,HIP87086,266.92456346945,59.82434666299,,,,,,HighPM*
87149,HIP87149,267.0800979061499,-1.80825566379,,,,,,Star
87170,HIP87170,267.15356214613,-2.19619308795,,,,,,BlueSG
87200,HIP87200,267.22202676668,59.89001107168,,,,,,Star
87209,HIP87209,267.2585228568099,68.34182909267,,,,,,Star
87225,HIP87225,267.33075994093,24.17638353485,,,,,,Star
87237,HIP87237,267.36701409201,68.68902855814,,,,,,HighPM*
87261,HIP87261,267.4645037403808,-37.0432763783039,,,,,,Star
87278,HIP87278,267.50513423254,24.46807954362,,,,,,Be*
87280,HIP87280,267.51389403032,48.39415249601,,,,,,Be*
87299,HIP87299,267.56711699764,28.23168648075,,,,,,HighPM*
87317,HIP87317,267.6306218392499,57.44352037304,,,,,,Star
87357,HIP87357,267.7496736468099,27.75722462477,,,,,,Star
87405,HIP87405,267.9364521341399,56.120195649,,,,,,Star
87407,HIP87407,267.93906834,28.23770637,,,,,,**
87408,HIP87408,267.9389811917,49.88376460821,,,,,,Star
87435,HIP87435,268.00360075829,6.72969734735,,,,,,Star
87471,HIP87471,268.08046514231,-3.02435742517,,,,,,Star
87475,HIP87475,268.0932888592599,-1.43025839448,,,,,,Star
87489,HIP87489,268.1385179113599,-0.12107789466,,,,,,Star
87507,HIP87507,268.18799432343,4.53545496349,,,,,,Star
87511,HIP87511,268.19698525683,3.79410874536,,,,,,SB*
87520,HIP87520,268.2107496319499,21.542079568,,,,,,Star
87521,HIP87521,268.21614264658,-0.03755459738,,,,,,Star
8753,HIP8753,28.15117422334,36.34254235461,,,,,,HighPM*
87570,HIP87570,268.34888217332,10.96046329212,,,,,,Star
87577,HIP87577,268.36527992657,32.3680092701,,,,,,Star
87592,HIP87592,268.39924581334,4.85896210534,,,,,,PulsV*
87594,HIP87594,268.40206540701,61.04386786183,,,,,,Star
87601,HIP87601,268.41872751716,56.3919556027,,,,,,HighPM*
87621,HIP87621,268.48707247216,7.92327324587,,,,,,Star
87632,HIP87632,268.51327871919,32.51693942283,,,,,,Star
87633,HIP87633,268.51536675124,-1.61931358233,,,,,,Star
87655,HIP87655,268.5590273869699,11.1304919275,,,,,,SB*
87678,HIP87678,268.62429333216,-3.46245517322,,,,,,HighPM*
8768,HIP8768,28.2048856644242,-22.4348578185036,,,,,,HighPM*
87693,HIP87693,268.6801275828533,20.2712346143619,,,,,,ChemPec*
87710,HIP87710,268.7403015674099,-7.73394664624,,,,,,HighPM*
87727,HIP87727,268.79065589898,-7.47204903963,,,,,,Star
87745,HIP87745,268.85324990154,3.75450307048,,,,,,HighPM*
87749,HIP87749,268.8556913147099,32.43835646181,,,,,,Star
8775,HIP8775,28.21378048348,4.83270728191,,,,,,HighPM*
87766,HIP87766,268.9291513729899,61.39594296496,,,,,,Star
87769,HIP87769,268.93895897696,11.80396248169,,,,,,HighPM*
87790,HIP87790,269.0049208459,5.16145937254,,,,,,Star
87811,HIP87811,269.0695715688599,2.98582215499,,,,,,**
8782,HIP8782,28.23958109149,15.5971590689,,,,,,HighPM*
87860,HIP87860,269.21837646518,4.98759061398,,,,,,SB*
87861,HIP87861,269.2270092797696,6.1736139664203,,,,,,HighPM*
87866,HIP87866,269.23323455294,6.48773033435,,,,,,Star
87907,HIP87907,269.3501698914163,51.1883450228133,,,,,,Star
8795,HIP8795,28.2671890089,14.88077409386,,,,,,Star
87958,HIP87958,269.52084892285,32.64806053484,,,,,,SB*
87960,HIP87960,269.5224077542437,52.2182865640531,,,,,,Star
88052,HIP88052,269.76141332564,12.62709318075,,,,,,Star
88057,HIP88057,269.7692152146,32.4740707953,,,,,,**
88080,HIP88080,269.8270931435,12.08586041785,,,,,,Star
8810,HIP8810,28.30934151,15.43342699,,,,,,**
88124,HIP88124,269.99111262367,60.44523174657,,,,,,**
88133,HIP88133,270.0316139639999,59.52533765771,,,,,,Star
88155,HIP88155,270.07817292,52.85444575,,,,,,**
88194,HIP88194,270.16206038152,29.57192273029,,,,,,HighPM*
88227,HIP88227,270.25739788203,11.06874606013,,,,,,HighPM*
8825,HIP8825,28.3707341946508,73.9632934972781,,,,,,HighPM*
88357,HIP88357,270.65017448653,60.4494627489,,,,,,HighPM*
88361,HIP88361,270.65497841229,48.29902501328,,,,,,SB*
8841,HIP8841,28.41998917139,-13.25004231632,,,,,,HighPM*
88415,HIP88415,270.78705340871,48.46427544535,,,,,,Star
88552,HIP88552,271.21845309743,33.27231594921,,,,,,HighPM*
88555,HIP88555,271.23722494656,48.13606163228,,,,,,Star
88609,HIP88609,271.38225748182,-0.02239839458,,,,,,Star
88667,HIP88667,271.5226407232821,-0.3586709780867,,,,,,Star
88681,HIP88681,271.55430988218,1.58269575608,,,,,,Star
88726,HIP88726,271.707888,-43.42522122,,,,,,**
88890,HIP88890,272.19198825706,-3.99088965819,,,,,,Star
88958,HIP88958,272.379294804,0.39135971443,,,,,,HighPM*
88961,HIP88961,272.38435493714,-0.32712932348,,,,,,HighPM*
88964,HIP88964,272.39121962,3.99327941,,,,,,**
88983,HIP88983,272.43656460636,4.60311882163,,,,,,Star
8900,HIP8900,28.65746151295,-13.91389242076,,,,,,HighPM*
89000,HIP89000,272.47505704684,3.11982870256,,,,,,SB*
89038,HIP89038,272.5998592946,0.5433631297,,,,,,**
89138,HIP89138,272.88141450411,60.61211890744,,,,,,Star
89211,HIP89211,273.0891347598971,-43.44484800399,,,,,,HighPM*
89228,HIP89228,273.12733070227,75.17670307844,,,,,,HighPM*
89247,HIP89247,273.18039305715,24.39344982524,,,,,,HighPM*
8938,HIP8938,28.78086131,28.79785789,,,,,,**
89443,HIP89443,273.81356215159,59.82672505957,,,,,,HighPM*
89464,HIP89464,273.86603159409,59.9090890655,,,,,,Star
89467,HIP89467,273.87609849599,1.34812211298,,,,,,Star
8954,HIP8954,28.82926801865,-14.10511168968,,,,,,HighPM*
89551,HIP89551,274.09251682924,10.81480048675,,,,,,Star
89555,HIP89555,274.11574445842,10.4429993648,,,,,,Star
89580,HIP89580,274.20099480469,61.29221674167,,,,,,Star
89601,HIP89601,274.27016856191,1.00573117388,,,,,,gammaDorV*
89613,HIP89613,274.31262733794,25.01624741443,,,,,,SB*
89665,HIP89665,274.46703946944,11.87775379072,,,,,,Star
897,HIP897,2.76921247438,-5.78397426967,,,,,,HighPM*
89709,HIP89709,274.63353965352,81.22310838169,,,,,,HighPM*
89722,HIP89722,274.6613585868,23.56909475131,,,,,,Star
89734,HIP89734,274.68958158915,82.36045537441,,,,,,HighPM*
89768,HIP89768,274.77703647201,1.44297632668,,,,,,HighPM*
89792,HIP89792,274.86749790918,-9.81520522299,,,,,,Star
89806,HIP89806,274.9171462263,10.2714861147,,,,,,**
89831,HIP89831,274.97401932191,-17.07278878141,,,,,,Star
89836,HIP89836,274.99135349149,23.67139746699,,,,,,Star
89844,HIP89844,275.01638869254,-9.59572629275,,,,,,HighPM*
89847,HIP89847,275.0285110729,25.5313826075,,,,,,**
89875,HIP89875,275.09567749673,6.54423091516,,,,,,Star
89909,HIP89909,275.19145600754,-0.42927813881,,,,,,Star
89957,HIP89957,275.31286276037,53.40818164663,,,,,,Star
89958,HIP89958,275.3140796127,75.54880599257,,,,,,Star
89973,HIP89973,275.35990574846,-8.28267768072,,,,,,Star
89975,HIP89975,275.36570678434,25.05677826699,,,,,,Be*
89988,HIP89988,275.40580386655,-3.87486158434,,,,,,Star
89997,HIP89997,275.44643974628,1.11482486829,,,,,,Star
90042,HIP90042,275.60094582,9.94970535,,,,,,**
90052,HIP90052,275.6471608551,12.02968093108,,,,,,Star
90060,HIP90060,275.67959270214,47.05399288583,,,,,,SB*
90095,HIP90095,275.78968611751,54.42366881683,,,,,,**
90102,HIP90102,275.8145113831499,81.22068381267,,,,,,HighPM*
90146,HIP90146,275.94990846407,53.30083569559,,,,,,Star
90149,HIP90149,275.9557416694,10.708200479,,,,,,Star
90167,HIP90167,275.99290442788,9.87767601729,,,,,,Star
90181,HIP90181,276.03764315396,10.95782167333,,,,,,Star
9020,HIP9020,29.03637849762,74.00272115229,,,,,,Star
90232,HIP90232,276.16376348498,-15.39239792339,,,,,,Star
90234,HIP90234,276.16667574143,-12.6750930936,,,,,,Star
90244,HIP90244,276.20081827582,-11.36411129587,,,,,,Star
90297,HIP90297,276.37250914713,41.38267759912,,,,,,HighPM*
90355,HIP90355,276.5420115713879,8.7775419111514,,,,,,SB*
90415,HIP90415,276.7312171877471,40.7140348952317,,,,,,HighPM*
90418,HIP90418,276.73316419061,-17.1976014814,,,,,,Star
90495,HIP90495,276.99119406951,55.78829310132,,,,,,Star
90527,HIP90527,277.08040758059,55.67405985923,,,,,,Star
90542,HIP90542,277.11752458092,60.43791089182,,,,,,SB*
9056,HIP9056,29.1581434387858,-14.17530640604,,,,,,HighPM*
90565,HIP90565,277.19881715299,-10.22653434045,,,,,,HighPM*
90568,HIP90568,277.2077473759061,-49.0705883207161,,,,,,HighPM*
90580,HIP90580,277.24801241541,53.9980365202,,,,,,Star
90661,HIP90661,277.48005704151,-12.38943739985,,,,,,Star
90685,HIP90685,277.54688002346,56.15752129469,,,,,,Star
90693,HIP90693,277.56144284014,33.3665417405,,,,,,HighPM*
90717,HIP90717,277.63437559829,-10.86398233501,,,,,,**
90722,HIP90722,277.64120786044,48.29799393444,,,,,,Star
90736,HIP90736,277.7018515714,40.4883190111,,,,,,HighPM*
90745,HIP90745,277.73979845461,33.93300528211,,,,,,HighPM*
90747,HIP90747,277.74091327038,41.1064601584,,,,,,Star
90774,HIP90774,277.79632003855,-11.89027061213,,,,,,Star
90783,HIP90783,277.82169786852,57.04082739732,,,,,,Star
90809,HIP90809,277.86875070988,39.89137701088,,,,,,Star
90818,HIP90818,277.90049083971,54.79200781599,,,,,,Star
90833,HIP90833,277.94967449783,61.77908856933,,,,,,HighPM*
90837,HIP90837,277.9767201858,59.41996827084,,,,,,PulsV*
90866,HIP90866,278.04788699317,39.30447023822,,,,,,Star
90890,HIP90890,278.09935377152,32.83912051507,,,,,,Star
90920,HIP90920,278.20124568626,24.14185982544,,,,,,Star
90925,HIP90925,278.21149448089,20.40522680812,,,,,,Star
90949,HIP90949,278.28689364857,-1.46231043665,,,,,,Star
90954,HIP90954,278.31077382501,40.15963569444,,,,,,SB*
9096,HIP9096,29.29212169064,5.46352946809,,,,,,Star
90972,HIP90972,278.35150255466,58.70648551753,,,,,,SB*
90977,HIP90977,278.37011721221,34.56322559907,,,,,,SB*
90998,HIP90998,278.44871872969,62.42767582061,,,,,,Star
91005,HIP91005,278.47369874076,57.85153136559,,,,,,Star
91006,HIP91006,278.47531428636,21.82743465254,,,,,,Star
91022,HIP91022,278.5238557562399,47.11314954166,,,,,,Star
91041,HIP91041,278.5815427732699,20.46639778616,,,,,,Star
91044,HIP91044,278.58438983905,-0.67376009283,,,,,,Star
91052,HIP91052,278.6095778901,57.80182108425,,,,,,SB*
91058,HIP91058,278.62789053672,34.41563851562,,,,,,HighPM*
91065,HIP91065,278.63622249268,55.93345042518,,,,,,HighPM*
91073,HIP91073,278.64855947807,12.53894350228,,,,,,Star
91078,HIP91078,278.66188195109,41.5664662012,,,,,,HighPM*
91086,HIP91086,278.6857957809,-1.91102766745,,,,,,Star
91088,HIP91088,278.69569298359,21.48624292808,,,,,,Variable*
91101,HIP91101,278.74299130164,24.90515701963,,,,,,Star
9111,HIP9111,29.34441419949,26.80459658208,,,,,,Star
91119,HIP91119,278.80627159285,34.45801892375,,,,,,Be*
91120,HIP91120,278.81038585946,41.58155548128,,,,,,HighPM*
91136,HIP91136,278.86083490049,60.66933781268,,,,,,HighPM*
91144,HIP91144,278.90347640272,40.33139336327,,,,,,Star
91145,HIP91145,278.90461356086,40.76964013899,,,,,,gammaDorV*
91150,HIP91150,278.94044129895,25.36691199116,,,,,,**
91168,HIP91168,278.9905629896799,25.70515899401,,,,,,Star
91169,HIP91169,278.9913301101,19.88337954716,,,,,,Star
91192,HIP91192,279.0499826016562,41.2781115927703,,,,,,Star
91203,HIP91203,279.07863309876,62.15266773609,,,,,,Star
91205,HIP91205,279.08531291187,20.00678032853,,,,,,Star
91233,HIP91233,279.15260942137,12.987604895,,,,,,Star
91234,HIP91234,279.15426241838,22.10758188999,,,,,,SB*
91240,HIP91240,279.1653531265499,13.10706901452,,,,,,Star
91258,HIP91258,279.22147443262,61.70250420331,,,,,,HighPM*
9131,HIP9131,29.42523110383,74.6249358893,,,,,,Star
91315,HIP91315,279.38965591144,62.52657591099,,,,,,HighPM*
91328,HIP91328,279.41971655022,21.51668174229,,,,,,SB*
91357,HIP91357,279.48923296957,22.38105459911,,,,,,HighPM*
91358,HIP91358,279.49254246019,-1.81697129502,,,,,,Star
91364,HIP91364,279.5082171656879,42.6652136122519,,,,,,HighPM*
91371,HIP91371,279.52596786434,58.41866528691,,,,,,HighPM*
91384,HIP91384,279.57917117848,-1.11299110383,,,,,,SB*
91391,HIP91391,279.59051889463,61.01741120941,,,,,,HighPM*
91397,HIP91397,279.60133807746,60.71105434595,,,,,,HighPM*
91407,HIP91407,279.63345044065,55.24527722553,,,,,,HighPM*
91410,HIP91410,279.64448351982,20.62715128887,,,,,,HighPM*
91438,HIP91438,279.7225044145699,-21.05187527402,,,,,,**
91462,HIP91462,279.81195279936,20.49758076941,,,,,,SB*
91491,HIP91491,279.88766736455,40.93505618126,,,,,,**
91492,HIP91492,279.89232986472,26.58739307318,,,,,,Star
91493,HIP91493,279.89375636208,18.5908712357,,,,,,Star
91496,HIP91496,279.89752077242,25.88247022015,,,,,,Star
91501,HIP91501,279.90733390432,26.1889647984,,,,,,Star
91507,HIP91507,279.9254821324599,37.99309049885,,,,,,HighPM*
91521,HIP91521,279.95863313793,-1.2890804359,,,,,,Star
91611,HIP91611,280.2510393053699,54.92615281107,,,,,,Star
9166,HIP9166,29.50481246281,28.51993773607,,,,,,PulsV*
91672,HIP91672,280.41866321497,10.61671838129,,,,,,Star
91704,HIP91704,280.52065304788,11.76099711314,,,,,,HighPM*
91755,HIP91755,280.6581650660633,55.5394464761036,,,,,,SB*
91766,HIP91766,280.69111209981,5.68741637777,,,,,,HighPM*
91768,HIP91768,280.6946016085025,59.6303915127942,,,,,,HighPM*
91772,HIP91772,280.6953944644875,59.6268669892814,,,,,,HighPM*
91773,HIP91773,280.70605719806,57.86520964087,,,,,,HighPM*
91780,HIP91780,280.72812691933,58.7610904473,,,,,,HighPM*
91798,HIP91798,280.7715689225399,18.0778969228,,,,,,Star
91801,HIP91801,280.77335575227,7.70103318307,,,,,,HighPM*
91803,HIP91803,280.77491462679,7.27404913879,,,,,,Star
91814,HIP91814,280.80472331143,38.36947993222,,,,,,**
91816,HIP91816,280.81037576889,19.46646783607,,,,,,Star
91823,HIP91823,280.82508793175,57.8184552582,,,,,,HighPM*
91828,HIP91828,280.84071916757,35.54563830712,,,,,,Star
91829,HIP91829,280.84139716897,35.548729225,,,,,,Star
91878,HIP91878,280.95692872843,19.81726397832,,,,,,Star
91879,HIP91879,280.96333480974,24.08120746747,,,,,,alf2CVnV*
91881,HIP91881,280.96354231434,8.62505958956,,,,,,Star
91891,HIP91891,280.98451020944,34.521686682,,,,,,Star
91902,HIP91902,281.0349763411899,62.98926933533,,,,,,Star
91935,HIP91935,281.12273708939,56.77873874137,,,,,,SB*
91941,HIP91941,281.12935689376,57.28512411821,,,,,,HighPM*
9197,HIP9197,29.5987785349233,25.7898737811664,,,,,,Star
91983,HIP91983,281.22138592459,57.08809501818,,,,,,RRLyrae_Candidate
91997,HIP91997,281.26556477019,35.00841675372,,,,,,Star
92024,HIP92024,281.3620874193479,-64.8712596688847,,,,,,HighPM*
92052,HIP92052,281.43202024674,11.49703096721,,,,,,Star
92069,HIP92069,281.48008385639,58.32694342222,,,,,,Star
92073,HIP92073,281.49053494778,56.10338013242,,,,,,Star
92122,HIP92122,281.64429075,38.35092846,,,,,,BYDraV*
92127,HIP92127,281.65311059485,25.53895278075,,,,,,Star
92153,HIP92153,281.73575832,59.33110331,,,,,,**
9216,HIP9216,29.62522065836,-15.42392678701,,,,,,HighPM*
92193,HIP92193,281.83767774572,55.78466931761,,,,,,Star
92216,HIP92216,281.9060981333199,32.31183827329,,,,,,Star
92217,HIP92217,281.91031264639,37.24329366736,,,,,,Star
92219,HIP92219,281.91721674437,49.07485475923,,,,,,**
92243,HIP92243,281.9890576393399,31.75683622967,,,,,,Be*
92247,HIP92247,282.00035238643,48.54221969299,,,,,,delSctV*
92256,HIP92256,282.01208861493,37.073938811,,,,,,Star
92269,HIP92269,282.06698022811,48.76755474291,,,,,,HighPM*
92338,HIP92338,282.28864452838,31.55915716974,,,,,,Star
92346,HIP92346,282.30953044514,25.04656660558,,,,,,SB*
92359,HIP92359,282.34991771587,33.70090394915,,,,,,Star
92371,HIP92371,282.37075983847,7.88136386922,,,,,,Star
92376,HIP92376,282.38024919429,58.70258280112,,,,,,Star
92396,HIP92396,282.43369603592,31.62945968872,,,,,,Star
92398,HIP92398,282.44132594672,32.81281845628,,,,,,Star
92410,HIP92410,282.48238977,26.42515669,,,,,,**
92461,HIP92461,282.64722558222,61.98149097941,,,,,,Star
92551,HIP92551,282.90215603926,36.53908233981,,,,,,Star
92555,HIP92555,282.90877663725,60.43411326806,,,,,,Star
92590,HIP92590,283.0062551995,37.51652472824,,,,,,Star
92657,HIP92657,283.22418402156,22.16964117724,,,,,,Star
92670,HIP92670,283.2506881552,7.83250387059,,,,,,Star
92675,HIP92675,283.25863553754,8.72391201091,,,,,,Star
9268,HIP9268,29.77655493057,72.45071958969,,,,,,HighPM*
92693,HIP92693,283.30799843321,10.17925598555,,,,,,Star
92708,HIP92708,283.35933301801,24.27799795787,,,,,,SB*
92741,HIP92741,283.48762177009,15.25988675237,,,,,,Star
92770,HIP92770,283.55729089938,-1.54686650586,,,,,,HighPM*
92793,HIP92793,283.62674071384,58.73560354147,,,,,,HighPM*
92809,HIP92809,283.6589619582999,30.32936299585,,,,,,Star
92825,HIP92825,283.70108400817,15.342674666,,,,,,Star
92829,HIP92829,283.7160595841,33.98094417166,,,,,,Star
9283,HIP9283,29.82904484,24.8290461,,,,,,**
92859,HIP92859,283.83210530073,22.92211928178,,,,,,Star
92884,HIP92884,283.88867910551,-2.30656928254,,,,,,Star
92911,HIP92911,283.95518062294,30.3120564766,,,,,,Star
92932,HIP92932,284.00701060799,33.78559199673,,,,,,Star
92936,HIP92936,284.02418100025,15.36565473493,,,,,,Star
92963,HIP92963,284.09441619105,-1.7998622045,,,,,,Star
92967,HIP92967,284.09938217058,9.16269164611,,,,,,Star
93008,HIP93008,284.21369651947,10.83085028058,,,,,,Star
93013,HIP93013,284.2300612169,56.74941310698,,,,,,HighPM*
93024,HIP93024,284.26333821831,32.13874718209,,,,,,PulsV*
93037,HIP93037,284.28143430242,34.85554666983,,,,,,**
93069,HIP93069,284.37748129,-55.9918895,,,,,,**
93112,HIP93112,284.52412593605,60.32239897035,,,,,,Star
93130,HIP93130,284.5836411548199,6.15149482,,,,,,Star
93138,HIP93138,284.59876997256,6.23992915754,,,,,,HighPM*
93161,HIP93161,284.64117000148,60.66731670165,,,,,,Star
93187,HIP93187,284.71927831775,69.53129134238,,,,,,alf2CVnV*
93230,HIP93230,284.85919110331,17.09685421743,,,,,,Star
93286,HIP93286,285.01129787063,37.7652216053,,,,,,HighPM*
93294,HIP93294,285.04142745667,71.51085242397,,,,,,Star
93306,HIP93306,285.0724199164,70.73326764737,,,,,,Star
93311,HIP93311,285.09227822731,37.99577115931,,,,,,Star
93388,HIP93388,285.3084595511999,12.99507839958,,,,,,Star
93461,HIP93461,285.5203476217046,14.4298506221386,,,,,,Star
93490,HIP93490,285.59442238,69.44169577,,,,,,**
93509,HIP93509,285.65853644518,14.56702738269,,,,,,HighPM*
93541,HIP93541,285.77696028441,59.44489831748,,,,,,Star
93549,HIP93549,285.80427845444,37.35395908522,,,,,,Star
93573,HIP93573,285.87272120702,73.37912251676,,,,,,Star
93588,HIP93588,285.89569400775,37.08328862792,,,,,,**
9361,HIP9361,30.06930741032,-16.3461211101,,,,,,RRLyrae
93711,HIP93711,286.22829958698,79.75513583865,,,,,,HighPM*
9383,HIP9383,30.1405716373,27.8886684101,,,,,,SB*
93858,HIP93858,286.7186016211992,-37.8106592792964,,,,,,HighPM*
93864,HIP93864,286.73501297132,-27.67041563722,,,,,,HighPM*
93959,HIP93959,286.97165765,72.87359675,,,,,,**
93979,HIP93979,287.02257769358,55.39803305772,,,,,,Star
940,HIP940,2.90477743223,58.21182798258,,,,,,Be*
94000,HIP94000,287.0841779569104,55.3305913076142,,,,,,**
9410,HIP9410,30.2235932440967,4.0181213816594,,,,,,SB*
94114,HIP94114,287.3680896456666,-37.9044744001408,,,,,,HighPM*
94140,HIP94140,287.44085788106,65.97851433301,,,,,,Star
94150,HIP94150,287.47028379224,-68.42444946059,,,,,,HighPM*
94177,HIP94177,287.56742699941,35.59477275095,,,,,,SB*
94182,HIP94182,287.6109646355,42.60135271508,,,,,,Star
94225,HIP94225,287.7177838973842,-47.1586216867603,,,,,,**
94250,HIP94250,287.77680288879,5.27466677981,,,,,,Star
94257,HIP94257,287.79326941536,65.24565249012,,,,,,HighPM*
94293,HIP94293,287.89324738759,56.44447603937,,,,,,Star
94342,HIP94342,288.0349112834899,36.16287955205,,,,,,Star
94366,HIP94366,288.10150930035,36.18222604437,,,,,,Star
94423,HIP94423,288.2789741245,4.93562690466,,,,,,Star
94456,HIP94456,288.37765170067,6.65151820111,,,,,,SB*
9446,HIP9446,30.34974919326,75.22186343392,,,,,,Star
94472,HIP94472,288.4116181857399,50.90858988007,,,,,,SB*
94501,HIP94501,288.50608664202,59.55182295791,,,,,,HighPM*
94505,HIP94505,288.5163160738,67.1155594919,,,,,,**
94565,HIP94565,288.6874645518,51.14509065565,,,,,,Star
94609,HIP94609,288.7990859605,55.17074559222,,,,,,Star
94613,HIP94613,288.80790143974,15.08236655149,,,,,,Star
94634,HIP94634,288.85856156938,54.58380260796,,,,,,Star
94645,HIP94645,288.88845862292,-24.17935318002,,,,,,BYDraV*
947,HIP947,2.92010813367,-9.7027968915,,,,,,**
94718,HIP94718,289.10299605222,14.09767814983,,,,,,HighPM*
94720,HIP94720,289.11164203439,14.54461186063,,,,,,**
94721,HIP94721,289.11244117509,51.40949915895,,,,,,Star
94739,HIP94739,289.1788122355558,-45.8893679257849,,,,,,**
94797,HIP94797,289.3233115447,54.29645600202,,,,,,Star
94835,HIP94835,289.45525259694,59.83638784754,,,,,,**
94848,HIP94848,289.4919761987,-8.22350164357,,,,,,Star
94851,HIP94851,289.5027919561599,-9.68620585872,,,,,,SB*
94860,HIP94860,289.54857928179,60.96003752055,,,,,,Star
94865,HIP94865,289.5678399123699,53.45688905704,,,,,,Star
94901,HIP94901,289.67852081578,57.01437163772,,,,,,Star
94947,HIP94947,289.81720628548,23.30410951619,,,,,,Star
95008,HIP95008,289.98920112437,23.37111700003,,,,,,HighPM*
95015,HIP95015,290.0004059729421,-9.3235980027258,,,,,,HighPM*
95042,HIP95042,290.0791955577199,56.88606835713,,,,,,Star
95087,HIP95087,290.17799677735,78.16007510443,,,,,,Star
95088,HIP95088,290.17930015836,10.65262190482,,,,,,Star
950,HIP950,2.93342115391,-35.13311470919,,,,,,HighPM*
95149,HIP95149,290.3738657179379,-34.98343231417,,,,,,SB*
95161,HIP95161,290.40772127928,10.44988597783,,,,,,Star
95167,HIP95167,290.41804154415,79.60283612194,,,,,,Star
95175,HIP95175,290.43051166391,-15.56877897737,,,,,,Star
95191,HIP95191,290.4684092640999,7.10227739636,,,,,,Star
95194,HIP95194,290.4769483994099,55.87919304943,,,,,,Star
95234,HIP95234,290.63853905224,53.04698806682,,,,,,Star
95248,HIP95248,290.68273843383,7.92490349005,,,,,,Star
95253,HIP95253,290.70146230467,9.91315022177,,,,,,HighPM*
95261,HIP95261,290.71335865609,-54.42392933816,,,,,,HighPM*
95266,HIP95266,290.7386014969,-14.25889193527,,,,,,BYDraV*
95269,HIP95269,290.74562317782,71.90396657158,,,,,,Star
95271,HIP95271,290.75151545999,56.22573112355,,,,,,HighPM*
95300,HIP95300,290.82092244028,52.56840495712,,,,,,Star
95312,HIP95312,290.87344495462,23.97590618657,,,,,,Star
95323,HIP95323,290.90449135838,-15.81233412675,,,,,,Star
9545,HIP9545,30.66822889493,-1.62463411217,,,,,,HighPM*
95467,HIP95467,291.289861223405,-66.4687991546742,,,,,,HighPM*
95473,HIP95473,291.3013259432399,53.76885028671,,,,,,Star
95478,HIP95478,291.32067792,7.65788906,,,,,,**
95520,HIP95520,291.44485225196,58.0273211676,,,,,,PulsV*
9563,HIP9563,30.71785645702,-2.3777982425,,,,,,HighPM*
95631,HIP95631,291.77384316384,46.45343295174,,,,,,HighPM*
95656,HIP95656,291.85816376191,52.32043826877,,,,,,Star
9566,HIP9566,30.72628977916,-1.87398084755,,,,,,Star
95677,HIP95677,291.91699393641,-18.35088539599,,,,,,Star
95737,HIP95737,292.09385731739,53.9703337264,,,,,,Star
95802,HIP95802,292.29533317403,46.99746195059,,,,,,HighPM*
95845,HIP95845,292.3994572477867,12.404351622245,,,,,,**
95852,HIP95852,292.42523429414,57.96570023817,,,,,,HighPM*
95868,HIP95868,292.47573487264,13.13746797946,,,,,,SB*
95872,HIP95872,292.48161882889,52.57874033024,,,,,,Star
95893,HIP95893,292.53561491207,-18.24317509085,,,,,,Star
95920,HIP95920,292.61323569861,61.87319402875,,,,,,HighPM*
96008,HIP96008,292.81575709344,-16.39741952091,,,,,,Star
9601,HIP9601,30.87030592831,26.5372120928,,,,,,EmLine*
96019,HIP96019,292.84244649286,36.7048593847,,,,,,Star
96023,HIP96023,292.85586694096,-17.6733861761,,,,,,Star
96032,HIP96032,292.8855836666099,13.16633075278,,,,,,HighPM*
9607,HIP9607,30.8876217500833,12.5847101346783,,,,,,HighPM*
96098,HIP96098,293.08016767055,35.20168163541,,,,,,SB*
96109,HIP96109,293.10844694836,-15.75154049443,,,,,,Star
96112,HIP96112,293.12210451156,56.38819282825,,,,,,RRLyrae
96113,HIP96113,293.1261246754329,-35.4517253187372,,,,,,HighPM*
96163,HIP96163,293.28786196062,59.39606631314,,,,,,Star
96189,HIP96189,293.3741018352,36.0220111044,,,,,,delSctV*
96264,HIP96264,293.6040651369092,71.605371688467,,,,,,**
96306,HIP96306,293.7161690263299,57.77262651184,,,,,,Star
96340,HIP96340,293.79554613073,35.70549659429,,,,,,Star
96387,HIP96387,293.95126806523,36.94454074271,,,,,,Be*
96446,HIP96446,294.1274717944675,36.6324526523131,,,,,,Star
96477,HIP96477,294.21031965549,36.2985014514,,,,,,Star
96482,HIP96482,294.21851538124,10.3775369372,,,,,,Star
96495,HIP96495,294.25928191665,-13.17298129048,,,,,,Star
96621,HIP96621,294.6795091026,37.32215752954,,,,,,Star
96632,HIP96632,294.71022727866,10.88276190047,,,,,,Star
96660,HIP96660,294.7919221349696,35.9285725045519,,,,,,Star
96702,HIP96702,294.8869516098442,71.8719888644208,,,,,,HighPM*
96710,HIP96710,294.9007098324442,-26.7519646295689,,,,,,HighPM*
96742,HIP96742,294.98551615201,59.84105345314,,,,,,Star
96759,HIP96759,295.02873215454,35.14780518632,,,,,,Star
96771,HIP96771,295.05498505127,60.50711018135,,,,,,Star
96773,HIP96773,295.05960631041,60.51163293857,,,,,,Star
96842,HIP96842,295.27762536202,10.6800229334,,,,,,HighPM*
96906,HIP96906,295.48896877976,36.22569217753,,,,,,HighPM*
96924,HIP96924,295.53483386674,36.35115200791,,,,,,PulsV*
96933,HIP96933,295.56001183119,60.56316908862,,,,,,Star
96942,HIP96942,295.60825174886,-13.32181730507,,,,,,Star
96943,HIP96943,295.61386012801,8.15505334154,,,,,,HighPM*
96950,HIP96950,295.62972079235,-16.12399803088,,,,,,**
96969,HIP96969,295.65771143516,9.22751166787,,,,,,Star
96976,HIP96976,295.68390898858,8.38036937071,,,,,,HighPM*
97011,HIP97011,295.75894700846,35.46041013508,,,,,,Star
97030,HIP97030,295.79821035025,-10.67977600797,,,,,,SB*
97063,HIP97063,295.8897821816462,-15.4700211537394,,,,,,HighPM*
97065,HIP97065,295.8922501,-9.06723712,,,,,,**
97155,HIP97155,296.21544117901,45.9966735852,,,,,,PulsV*
97201,HIP97201,296.32151137688,31.42409701215,,,,,,Star
97216,HIP97216,296.36826203523,-7.01955447409,,,,,,SB*
97232,HIP97232,296.4194313322,36.0886696963,,,,,,Star
97286,HIP97286,296.5797774131099,54.63847793689,,,,,,Star
97292,HIP97292,296.59969776,32.0170664,,,,,,**
97313,HIP97313,296.65077027261,27.15818406853,,,,,,Star
97319,HIP97319,296.66478424354,25.1338316015,,,,,,HighPM*
97380,HIP97380,296.86926974559,-9.68032772309,,,,,,Star
97387,HIP97387,296.90874706075,31.80083809427,,,,,,Star
97416,HIP97416,296.99851316939,31.50627722115,,,,,,Star
97423,HIP97423,297.01260228463,-13.7036142444353,,,,,,Star
97437,HIP97437,297.06279218003,-13.45044534335,,,,,,Star
97450,HIP97450,297.11690612449,18.6551222296,,,,,,SB*
97461,HIP97461,297.1429155479,24.9621904989,,,,,,**
97464,HIP97464,297.15127036633,55.7248554614,,,,,,HighPM*
97477,HIP97477,297.18250518,35.31146015,,,,,,**
97479,HIP97479,297.19121391028,18.36879521962,,,,,,Star
97482,HIP97482,297.2033798547599,37.06545438406,,,,,,Star
97486,HIP97486,297.21202092758,46.35882877628,,,,,,Star
97488,HIP97488,297.21765597554,-8.03927679063,,,,,,Star
97496,HIP97496,297.2444157417,19.1420421003,,,,,,**
97503,HIP97503,297.26685557848,53.76750368026,,,,,,Star
97534,HIP97534,297.35542879469,-72.50337812377,,,,,,Star
97549,HIP97549,297.40738452209,-6.79632379671,,,,,,Star
97553,HIP97553,297.42523075918,33.27686963845,,,,,,Star
97568,HIP97568,297.46293235538,-10.72504418662,,,,,,gammaDorV*
97572,HIP97572,297.47800251976,28.43967444959,,,,,,EllipVar
97579,HIP97579,297.50771366873,31.96566076291,,,,,,HighPM*
97589,HIP97589,297.53426068067,54.64897778623,,,,,,Star
97600,HIP97600,297.56446926342,-8.60174436485,,,,,,SB*
97609,HIP97609,297.58250056044,36.09820087208,,,,,,Star
97636,HIP97636,297.66151822375,53.91125350479,,,,,,Star
9764,HIP9764,31.3819222244,12.16867531752,,,,,,HighPM*
97640,HIP97640,297.6705493419079,34.9500622688397,,,,,,**
97653,HIP97653,297.69954581036,57.74614907105,,,,,,Star
97663,HIP97663,297.72875726739,24.62698741468,,,,,,Star
97664,HIP97664,297.72989749072,6.82359676687,,,,,,alf2CVnV*
97681,HIP97681,297.7697378967699,27.71690593675,,,,,,Be*
97696,HIP97696,297.82311495826,24.97661930819,,,,,,SB*
97700,HIP97700,297.83074567177,47.37723628297,,,,,,**
97711,HIP97711,297.86776389612,35.03100681314,,,,,,Star
97730,HIP97730,297.90502265718,26.22563413852,,,,,,Star
97737,HIP97737,297.92798858397,-10.94919467144,,,,,,HighPM*
97744,HIP97744,297.94433692904,35.61173484479,,,,,,Star
97747,HIP97747,297.95668491763,5.61275051347,,,,,,HighPM*
97766,HIP97766,298.00782415,-10.35387196,,,,,,**
97773,HIP97773,298.02520878989,51.99515957846,,,,,,Star
97782,HIP97782,298.04406351446,53.22648179498,,,,,,Star
97792,HIP97792,298.08092591,25.86290998,,,,,,**
97806,HIP97806,298.12780823424,29.33257617222,,,,,,Star
97846,HIP97846,298.2564211199396,38.7733727106511,,,,,,HighPM*
97860,HIP97860,298.29691860841,-7.08745121986,,,,,,Star
97870,HIP97870,298.32240899451,57.52347413901,,,,,,**
97875,HIP97875,298.33720521129,39.52835299208,,,,,,Star
97882,HIP97882,298.35698216541,6.52508826057,,,,,,ChemPec*
97885,HIP97885,298.36297638485,-7.4287799547,,,,,,Star
97891,HIP97891,298.39390392809,35.84879908136,,,,,,Star
97933,HIP97933,298.5447938106554,5.4247620810228,,,,,,ChemPec*
97996,HIP97996,298.73382983861,26.0552117129,,,,,,Star
98047,HIP98047,298.85488769228,26.71321547919,,,,,,Star
98053,HIP98053,298.89440115309,29.51493005614,,,,,,Star
98056,HIP98056,298.90878220884,52.77022572177,,,,,,Star
98063,HIP98063,298.93700346597,32.48745345773,,,,,,Star
98067,HIP98067,298.95996986838,31.72730118716,,,,,,Star
98070,HIP98070,298.9700418740808,51.27280631017,,,,,,HighPM*
98093,HIP98093,299.03235328393,33.07457703973,,,,,,Star
9810,HIP9810,31.5541149233,9.43939490774,,,,,,HighPM*
98100,HIP98100,299.04713983649,55.02349299677,,,,,,Star
98106,HIP98106,299.06729317471,-72.36429518958,,,,,,HighPM*
98126,HIP98126,299.14743413277,36.3199880223,,,,,,Star
98130,HIP98130,299.1542764901517,-31.3353169957644,,,,,,HighPM*
98142,HIP98142,299.18271343616,24.80436190494,,,,,,Star
98165,HIP98165,299.24294252348,54.79952409455,,,,,,SB*
98203,HIP98203,299.33112388311,5.21250279496,,,,,,**
98229,HIP98229,299.4254664528862,51.2987459637718,,,,,,**
98302,HIP98302,299.59745277451,28.98816077762,,,,,,Star
98316,HIP98316,299.63743424803,-54.93689103205,,,,,,HighPM*
98323,HIP98323,299.65250476539,29.9411087761,,,,,,Star
98343,HIP98343,299.71517749391,35.49775810452,,,,,,Star
98379,HIP98379,299.81394503374,52.05569134266,,,,,,alf2CVnV*
98396,HIP98396,299.8789283099999,29.33608246802,,,,,,PulsV*
9842,HIP9842,31.66480156904,10.4775455351,,,,,,HighPM*
98421,HIP98421,299.96398768585,-34.69779949144,,,,,,HighPM*
98436,HIP98436,300.00811379271,25.17568949945,,,,,,Star
98470,HIP98470,300.0843723672159,-33.7034512703803,,,,,,HighPM*
98564,HIP98564,300.3141781035599,-10.78114440059,,,,,,Star
98569,HIP98569,300.32651950366,-10.33078692221,,,,,,HighPM*
98570,HIP98570,300.33245998151,-14.74319780866,,,,,,Star
98635,HIP98635,300.50543278919,29.58588138893,,,,,,Be*
98644,HIP98644,300.54668538,55.6320056842,,,,,,Star
98660,HIP98660,300.58870550259,19.72382618324,,,,,,Star
98716,HIP98716,300.75486398055,-9.04291339774,,,,,,HighPM*
98718,HIP98718,300.76077056408,18.29546602029,,,,,,HighPM*
98733,HIP98733,300.80468542599,52.57536287112,,,,,,Star
98804,HIP98804,301.0008456050899,-9.12682803196,,,,,,Star
98808,HIP98808,301.0044050739799,-9.19731597512,,,,,,HighPM*
98885,HIP98885,301.21003788655,69.14108299676,,,,,,Star
98912,HIP98912,301.27565511956,17.87872304008,,,,,,Star
98916,HIP98916,301.28028071,-4.30806901,,,,,,**
98922,HIP98922,301.2922351385,2.11879840493,,,,,,HighPM*
98924,HIP98924,301.29371531364,16.67611993626,,,,,,Star
98934,HIP98934,301.32592776506,17.92186140286,,,,,,Star
98959,HIP98959,301.3865228703487,-67.3208961456539,,,,,,HighPM*
98964,HIP98964,301.3901349553199,3.5027605257,,,,,,HighPM*
98989,HIP98989,301.43465433626,4.04800344957,,,,,,ChemPec*
99034,HIP99034,301.59954925577,-14.91213273872,,,,,,HighPM*
9904,HIP9904,31.8722136265,10.29117509002,,,,,,HighPM*
99050,HIP99050,301.65098970639,-4.41744422841,,,,,,Star
99084,HIP99084,301.73210223585,38.84417040565,,,,,,Star
99106,HIP99106,301.81070117452,26.1796406106,,,,,,HighPM*
99137,HIP99137,301.89621086878,-55.01601366956,,,,,,Star
99150,HIP99150,301.9373958278821,-31.7539908935261,,,,,,HighPM*
99190,HIP99190,302.05001098979,-5.75812047831,,,,,,Star
99196,HIP99196,302.0913405658,38.1388765308,,,,,,Star
99221,HIP99221,302.13029736824,-10.06259530926,,,,,,alf2CVnV*
99240,HIP99240,302.1817036316884,-66.182067435897,,,,,,HighPM*
99248,HIP99248,302.20211934129,39.79833880268,,,,,,Star
99306,HIP99306,302.3679556475399,52.27633334517,,,,,,HighPM*
99322,HIP99322,302.40194980626,-14.28691254025,,,,,,HighPM*
99372,HIP99372,302.54860959815,36.19133320443,,,,,,Star
99385,HIP99385,302.5815431751621,-20.4934370471103,,,,,,HighPM*
99461,HIP99461,302.7997448709225,-36.1012088126686,,,,,,HighPM*
99464,HIP99464,302.8143217046,16.85296695115,,,,,,HighPM*
99543,HIP99543,303.02310181581,-10.71590561761,,,,,,Star
99560,HIP99560,303.06975936429,80.46814870306,,,,,,HighPM*
99582,HIP99582,303.1414096483799,-9.70365970283,,,,,,Star
99607,HIP99607,303.21211400884,16.0954653196,,,,,,Star
9964,HIP9964,32.07737870687,11.00704401187,,,,,,Star
99689,HIP99689,303.43722607,16.15795094,,,,,,**
99701,HIP99701,303.4724843743875,-45.1640195974539,,,,,,HighPM*
99702,HIP99702,303.4779841349999,16.92489526196,,,,,,Star
99713,HIP99713,303.50162067822,16.85806719708,,,,,,Star
99719,HIP99719,303.52033897302,36.60488278155,,,,,,Star
99759,HIP99759,303.60885329818,80.53181208156,,,,,,Star
99825,HIP99825,303.8224640668642,-27.0329754514956,,,,,,HighPM*
,HR_222,12.0957332295496,5.2806137458206,,,,,,HighPM*
,KEPLER-160,287.7735525816499,42.86929798738,,,,,,Eruptive*
,KEPLER1039B,298.3265863843099,45.31550421053,,,,,,Planet
,KEPLER1053B,291.41864026937,39.12739816812,,,,,,Planet
,KEPLER1164B,287.52963775038,38.89449625468,,,,,,Planet
,KEPLER1222B,294.8896170863299,49.37976395115,,,,,,Planet
,KEPLER1332B,291.0285814143699,43.91367938947,,,,,,Planet
,KEPLER446B,282.25018054403,44.9211049783,,,,,,Planet
,KEPLER537B,289.88063205323,51.27707675493,,,,,,Planet
,KEPLER723B,284.83047455609,44.65814740301,,,,,,Planet
,KEPLER732C,283.7319829439399,45.95875623472,,,,,,Planet
,KEPLER738B,287.5696459592201,46.56787772772,,,,,,Planet
,KEPLER842B,292.32855811532,49.65350738186,,,,,,Planet
,KEPLER992B,284.43029866866,47.64173884864,,,,,,Planet
,KIC8462852,301.5643860504275,44.4568863525439,,,,,,Star
,LHS1140,11.2472121406296,-15.271539677775,,,,,,HighPM*
,LHS138_R,18.1276536776592,-16.9989883365442,,,,,,HighPM*
,LHS288_R,161.0884704642363,-61.2097987112264,,,,,,HighPM*
,LP944-020_R,54.8968847917542,-35.4287894434258,,,,,,Low-Mass*
,LTT_11954,104.44307018747,22.89255156025,,,,,,HighPM*
,LTT_6827,256.4984296231354,-22.8567628516506,,,,,,HighPM*
,LTT_7183,271.44472600216,-23.51772939899,,,,,,HighPM*
,LTT_7494,283.5532900794117,-22.906933311755,,,,,,**
,LTT_8911,333.2117553170717,-10.9253747282269,,,,,,HighPM*
,TIC154089169,209.21813010807,68.61801374142,,,,,,MainSequence*
,TIC154840461,182.69238501894,85.70508551101,,,,,,SB*
,TIC158002130,214.55309360914,82.19404296338,,,,,,MainSequence*
,TIC159107668,289.73971103055,44.64739414835,,,,,,EclBin
,TIC159510109,247.5351896424,80.30747956572,,,,,,SB*
,TIC160268701,182.53936676024,77.35224523828,,,,,,EclBin
,TIC198213332,248.4335989569499,61.71829523587,,,,,,Star
,TIC230088370,247.35689846691,71.50585098253,,,,,,Star
,TIC232967666,198.1532644133899,71.61809942021,,,,,,HighPM*
,TIC232976128,200.56173295999,66.3087321038,,,,,,MainSequence*
,TIC233087860,272.20394767976,60.67819014239,,,,,,MainSequence*
,TIC237184773,283.489788,37.3806012,,,,,,**
,TIC237185205,283.52669017709,37.72002467891,,,,,,Star
,TIC266500992,61.17219162268,52.25706357646,,,,,,Star
,TIC267489265,298.78133470019,54.78153535235,,,,,,EmLine*
,TIC267694283,63.23003797459,53.6871854182,,,,,,SB*
,TIC281731203,163.03241397962,0.49335597357,,,,,,EclBin
,TIC284450803,290.70891094373,56.61544908061,,,,,,Star
,TIC287196418,292.73412222665,59.4038516416,,,,,,Star
,TIC288185138,222.84255326022,82.95213569627,,,,,,Star
,TIC289539327,251.63370426193,65.71490101878,,,,,,SB*
,TIC294176967,300.80514949754,52.04086781739,,,,,,Star
,TIC302518439,134.1201295,72.5333523,,,,,,**
,TIC311183180,55.03151231319,5.87459423821,,,,,,EmLine*
,TIC320525204,264.96157751641,56.07891428089,,,,,,SB*
,TIC341544930,201.61486223447,65.30626275713,,,,,,Star
,TIC35009898,164.72412134131,-5.54639903912,,,,,,HighPM*
,TIC359496368,279.09963363743,55.39196549462,,,,,,HighPM*
,TIC372757221,162.89326284358,81.32220784739,,,,,,SB*
,TIC427348923,83.53199156456,-0.20784779104,,,,,,EmLine*
,TIC427352241,83.62304369085,-4.41491359173,,,,,,Variable*
,TIC434234955,63.8110995,14.9448287,,,,,,**
,TIC43647325,76.08180133098,-6.22982727383,,,,,,Star
,TIC449050247,67.55115336794,5.29886233938,,,,,,EmLine*
,TIC449050248,67.55231055296,5.29846952525,,,,,,SB*
,TIC452808876,72.66066153323,1.893917284,,,,,,EmLine*
,TIC458478250,232.14663383983,66.3587620624,,,,,,Star
,TIC459942762,60.27826382609,4.54113897352,,,,,,EmLine*
,TIC459970307,254.92410283097,64.69910983141,,,,,,Star
,TIC468880077,56.50424952559,9.99037720051,,,,,,HighPM*
,TIC470315428,64.6483501898255,52.8649474942416,,,,,,Star
,TIC50618703,82.28992381791,-0.34256256614,,,,,,HighPM*
,TIC66561343,86.73822926997,-11.23536597861,,,,,,Star
,TIC67772767,63.78682068264,-7.31568450294,,,,,,Star
,TYC2037-1484-1,239.70263419205,27.46740712345,,,,,,Star
,TYC3010-1024-1,166.08263559524,40.1783086349,,,,,,HighPM*
,W75N,309.6496,42.6228,,,,,,YSO
